{"packages":[],"notify-batch":"https:\/\/packagist.org\/downloads\/","providers-url":"\/p\/%package%$%hash%.json","metadata-url":"\/p2\/%package%.json","metadata-changes-url":"https:\/\/packagist.org\/metadata\/changes.json","search":"https:\/\/packagist.org\/search.json?q=%query%&type=%type%","list":"https:\/\/packagist.org\/packages\/list.json","security-advisories":{"metadata":true,"api-url":"https:\/\/packagist.org\/api\/security-advisories\/","query-all":true},"providers-api":"https:\/\/packagist.org\/providers\/%package%.json","warning":"Support for Composer 1 is deprecated and some packages will not be available. You should upgrade to Composer 2. See https:\/\/blog.packagist.com\/deprecating-composer-1-support\/","warning-versions":"<1.99","info":"\u001b[37;44m#StandWith\u001b[30;43mUkraine\u001b[0m","provider-includes":{"p\/provider-2013$%hash%.json":{"sha256":"e853e4814e042ce030c024671a9f48e1dae40ffff6e8604ffd66a65280fcee16"},"p\/provider-2014$%hash%.json":{"sha256":"b4494c90c2ca3d7a9292b591d1dc6d3e6e6e8c652bf5b9fefafd9cbbf8ee8dd8"},"p\/provider-2015$%hash%.json":{"sha256":"fdb42a250f3e306a7325869f2168664421a8ae41de0516bde44fd207e612ea77"},"p\/provider-2016$%hash%.json":{"sha256":"76a0a7231ca8f27b695b703c878123ac778da0fde1e4a7efce823bdec73adbb6"},"p\/provider-2017$%hash%.json":{"sha256":"38196a8d81cf0f1dad5b15d5e9cc6dc7a57fc1513ad83efd64264be0850e1c2d"},"p\/provider-2018$%hash%.json":{"sha256":"48191ef12db0c15db77eb0db470ab42c83d4d3d00ee92b60e8ee43e35091f3cd"},"p\/provider-2019$%hash%.json":{"sha256":"e9703ede3ed2d28d87feddd203a216d0b631ed002ecba0c7a25545da432b5257"},"p\/provider-2020$%hash%.json":{"sha256":"bef8c6de9471d0ad1601cfa58343a5bcf769eef23ab578a5ca3b98510dbb8244"},"p\/provider-2021$%hash%.json":{"sha256":"02b48f4c07a7646220acb3f29d1a8178c06345fe5412eeff605725a47d221818"},"p\/provider-2021-10$%hash%.json":{"sha256":"4c083710983e6dbcc3a540da4d6a777a3e695e3025e087ff352f3c43d4fd7ef6"},"p\/provider-2022-01$%hash%.json":{"sha256":"c779660ca2ecb6e757d978077aa559c28dcafa2a33c57511a02f324249edea44"},"p\/provider-2022-04$%hash%.json":{"sha256":"ac76e6ec97cdaca7d6dab8c2da50f69d785be9b17524f97048d95d4344d8625c"},"p\/provider-2022-07$%hash%.json":{"sha256":"a736c1af6ad34f916946f34766606bf9007f21758903ead180c85d84e105da4a"},"p\/provider-archived$%hash%.json":{"sha256":"7d28328e176151fe61f6f00a2e1e623de8078620476ef0921f874c024b7d7dcf"},"p\/provider-latest$%hash%.json":{"sha256":"50a4c324d3068d8065359fde0e15bad18d553641195909d064a6c22b67d1585b"}},"last-modified":"Tue, 20 Sep 2022 07:48:08 GMT"}