{"minified":"composer/2.0","packages":{"doctrine/orm":[{"name":"doctrine/orm","description":"Object-Relational-Mapper for PHP","keywords":["database","orm"],"homepage":"https://www.doctrine-project.org/projects/orm.html","version":"2.13.1","version_normalized":"2.13.1.0","license":["MIT"],"authors":[{"name":"Guilherme Blanco","email":"guilhermeblanco@gmail.com"},{"name":"Roman Borschel","email":"roman@code-factory.org"},{"name":"Benjamin Eberlei","email":"kontakt@beberlei.de"},{"name":"Jonathan Wage","email":"jonwage@gmail.com"},{"name":"Marco Pivetta","email":"ocramius@gmail.com"}],"source":{"url":"https://github.com/doctrine/orm.git","type":"git","reference":"35c44a56677adb3ce796138b6e4934ce93ec6811"},"dist":{"url":"https://api.github.com/repos/doctrine/orm/zipball/35c44a56677adb3ce796138b6e4934ce93ec6811","type":"zip","shasum":"","reference":"35c44a56677adb3ce796138b6e4934ce93ec6811"},"type":"library","time":"2022-08-08T09:00:16+00:00","autoload":{"psr-4":{"Doctrine\\ORM\\":"lib/Doctrine/ORM"}},"bin":["bin/doctrine"],"require":{"php":"^7.1 || ^8.0","composer-runtime-api":"^2","ext-ctype":"*","doctrine/cache":"^1.12.1 || ^2.1.1","doctrine/collections":"^1.5","doctrine/common":"^3.0.3","doctrine/dbal":"^2.13.1 || ^3.2","doctrine/deprecations":"^0.5.3 || ^1","doctrine/event-manager":"^1.1","doctrine/inflector":"^1.4 || ^2.0","doctrine/instantiator":"^1.3","doctrine/lexer":"^1.2.3","doctrine/persistence":"^2.4 || ^3","psr/cache":"^1 || ^2 || ^3","symfony/console":"^3.0 || ^4.0 || ^5.0 || ^6.0","symfony/polyfill-php72":"^1.23","symfony/polyfill-php80":"^1.16"},"require-dev":{"doctrine/annotations":"^1.13","doctrine/coding-standard":"^9.0","phpbench/phpbench":"^0.16.10 || ^1.0","phpstan/phpstan":"~1.4.10 || 1.8.2","phpunit/phpunit":"^7.5 || ^8.5 || ^9.5","psr/log":"^1 || ^2 || ^3","squizlabs/php_codesniffer":"3.7.1","symfony/cache":"^4.4 || ^5.4 || ^6.0","symfony/yaml":"^3.4 || ^4.0 || ^5.0 || ^6.0","vimeo/psalm":"4.26.0"},"suggest":{"ext-dom":"Provides support for XSD validation for XML mapping files","symfony/cache":"Provides cache support for Setup Tool with doctrine/cache 2.0","symfony/yaml":"If you want to use YAML Metadata Mapping Driver"},"conflict":{"doctrine/annotations":"<1.13 || >= 2.0"},"support":{"issues":"https://github.com/doctrine/orm/issues","source":"https://github.com/doctrine/orm/tree/2.13.1"}},{"version":"2.13.0","version_normalized":"2.13.0.0","source":{"url":"https://github.com/doctrine/orm.git","type":"git","reference":"827cb0c10bd0440b5e1b8ec7f5dc1fc1810f1821"},"dist":{"url":"https://api.github.com/repos/doctrine/orm/zipball/827cb0c10bd0440b5e1b8ec7f5dc1fc1810f1821","type":"zip","shasum":"","reference":"827cb0c10bd0440b5e1b8ec7f5dc1fc1810f1821"},"time":"2022-08-07T16:11:43+00:00","support":{"issues":"https://github.com/doctrine/orm/issues","source":"https://github.com/doctrine/orm/tree/2.13.0"}},{"version":"2.12.4","version_normalized":"2.12.4.0","source":{"url":"https://github.com/doctrine/orm.git","type":"git","reference":"78d08584f13404e1d3f6ab2ce8020b1ab8209bda"},"dist":{"url":"https://api.github.com/repos/doctrine/orm/zipball/78d08584f13404e1d3f6ab2ce8020b1ab8209bda","type":"zip","shasum":"","reference":"78d08584f13404e1d3f6ab2ce8020b1ab8209bda"},"time":"2022-08-07T15:31:32+00:00","suggest":{"symfony/cache":"Provides cache support for Setup Tool with doctrine/cache 2.0","symfony/yaml":"If you want to use YAML Metadata Mapping Driver"},"support":{"issues":"https://github.com/doctrine/orm/issues","source":"https://github.com/doctrine/orm/tree/2.12.4"}},{"version":"2.12.3","version_normalized":"2.12.3.0","source":{"url":"https://github.com/doctrine/orm.git","type":"git","reference":"c05e1709e9ffb9abe8d37260a78975cc816ee385"},"dist":{"url":"https://api.github.com/repos/doctrine/orm/zipball/c05e1709e9ffb9abe8d37260a78975cc816ee385","type":"zip","shasum":"","reference":"c05e1709e9ffb9abe8d37260a78975cc816ee385"},"time":"2022-06-16T13:42:23+00:00","require-dev":{"doctrine/annotations":"^1.13","doctrine/coding-standard":"^9.0","phpbench/phpbench":"^0.16.10 || ^1.0","phpstan/phpstan":"~1.4.10 || 1.7.13","phpunit/phpunit":"^7.5 || ^8.5 || ^9.5","psr/log":"^1 || ^2 || ^3","squizlabs/php_codesniffer":"3.7.0","symfony/cache":"^4.4 || ^5.4 || ^6.0","symfony/yaml":"^3.4 || ^4.0 || ^5.0 || ^6.0","vimeo/psalm":"4.23.0"},"support":{"issues":"https://github.com/doctrine/orm/issues","source":"https://github.com/doctrine/orm/tree/2.12.3"}},{"version":"2.12.2","version_normalized":"2.12.2.0","source":{"url":"https://github.com/doctrine/orm.git","type":"git","reference":"8291a7f09b12d14783ed6537b4586583d155869e"},"dist":{"url":"https://api.github.com/repos/doctrine/orm/zipball/8291a7f09b12d14783ed6537b4586583d155869e","type":"zip","shasum":"","reference":"8291a7f09b12d14783ed6537b4586583d155869e"},"time":"2022-05-02T19:10:07+00:00","require-dev":{"doctrine/annotations":"^1.13","doctrine/coding-standard":"^9.0","phpbench/phpbench":"^0.16.10 || ^1.0","phpstan/phpstan":"~1.4.10 || 1.6.3","phpunit/phpunit":"^7.5 || ^8.5 || ^9.5","psr/log":"^1 || ^2 || ^3","squizlabs/php_codesniffer":"3.6.2","symfony/cache":"^4.4 || ^5.4 || ^6.0","symfony/yaml":"^3.4 || ^4.0 || ^5.0 || ^6.0","vimeo/psalm":"4.23.0"},"support":{"issues":"https://github.com/doctrine/orm/issues","source":"https://github.com/doctrine/orm/tree/2.12.2"}},{"version":"2.12.1","version_normalized":"2.12.1.0","source":{"url":"https://github.com/doctrine/orm.git","type":"git","reference":"2e4a8722721b934149ff53b191522a6829b6d73b"},"dist":{"url":"https://api.github.com/repos/doctrine/orm/zipball/2e4a8722721b934149ff53b191522a6829b6d73b","type":"zip","shasum":"","reference":"2e4a8722721b934149ff53b191522a6829b6d73b"},"time":"2022-04-22T17:46:03+00:00","require":{"php":"^7.1 || ^8.0","composer-runtime-api":"^2","ext-ctype":"*","doctrine/cache":"^1.12.1 || ^2.1.1","doctrine/collections":"^1.5","doctrine/common":"^3.0.3","doctrine/dbal":"^2.13.1 || ^3.2","doctrine/deprecations":"^0.5.3","doctrine/event-manager":"^1.1","doctrine/inflector":"^1.4 || ^2.0","doctrine/instantiator":"^1.3","doctrine/lexer":"^1.2.3","doctrine/persistence":"^2.4 || ^3","psr/cache":"^1 || ^2 || ^3","symfony/console":"^3.0 || ^4.0 || ^5.0 || ^6.0","symfony/polyfill-php72":"^1.23","symfony/polyfill-php80":"^1.16"},"require-dev":{"doctrine/annotations":"^1.13","doctrine/coding-standard":"^9.0","phpbench/phpbench":"^0.16.10 || ^1.0","phpstan/phpstan":"~1.4.10 || 1.5.0","phpunit/phpunit":"^7.5 || ^8.5 || ^9.4","psr/log":"^1 || ^2 || ^3","squizlabs/php_codesniffer":"3.6.2","symfony/cache":"^4.4 || ^5.4 || ^6.0","symfony/yaml":"^3.4 || ^4.0 || ^5.0 || ^6.0","vimeo/psalm":"4.22.0"},"support":{"issues":"https://github.com/doctrine/orm/issues","source":"https://github.com/doctrine/orm/tree/2.12.1"}},{"version":"2.12.0","version_normalized":"2.12.0.0","source":{"url":"https://github.com/doctrine/orm.git","type":"git","reference":"d5503644314ed825fe4b276a588458a033fa3e7c"},"dist":{"url":"https://api.github.com/repos/doctrine/orm/zipball/d5503644314ed825fe4b276a588458a033fa3e7c","type":"zip","shasum":"","reference":"d5503644314ed825fe4b276a588458a033fa3e7c"},"time":"2022-04-19T18:34:28+00:00","support":{"issues":"https://github.com/doctrine/orm/issues","source":"https://github.com/doctrine/orm/tree/2.12.0"}},{"version":"2.11.3","version_normalized":"2.11.3.0","source":{"url":"https://github.com/doctrine/orm.git","type":"git","reference":"4af1aa317713d5f3dbc57b22237d1acb8477079c"},"dist":{"url":"https://api.github.com/repos/doctrine/orm/zipball/4af1aa317713d5f3dbc57b22237d1acb8477079c","type":"zip","shasum":"","reference":"4af1aa317713d5f3dbc57b22237d1acb8477079c"},"time":"2022-04-19T09:01:33+00:00","require":{"php":"^7.1 || ^8.0","composer-runtime-api":"^2","ext-ctype":"*","doctrine/cache":"^1.12.1 || ^2.1.1","doctrine/collections":"^1.5","doctrine/common":"^3.0.3","doctrine/dbal":"^2.13.1 || ^3.2","doctrine/deprecations":"^0.5.3","doctrine/event-manager":"^1.1","doctrine/inflector":"^1.4 || ^2.0","doctrine/instantiator":"^1.3","doctrine/lexer":"^1.0","doctrine/persistence":"^2.2","psr/cache":"^1 || ^2 || ^3","symfony/console":"^3.0 || ^4.0 || ^5.0 || ^6.0","symfony/polyfill-php72":"^1.23","symfony/polyfill-php80":"^1.15"},"require-dev":{"doctrine/annotations":"^1.13","doctrine/coding-standard":"^9.0","phpbench/phpbench":"^0.16.10 || ^1.0","phpstan/phpstan":"~1.4.10 || 1.5.0","phpunit/phpunit":"^7.5 || ^8.5 || ^9.4","squizlabs/php_codesniffer":"3.6.2","symfony/cache":"^4.4 || ^5.4 || ^6.0","symfony/yaml":"^3.4 || ^4.0 || ^5.0 || ^6.0","vimeo/psalm":"4.22.0"},"support":{"issues":"https://github.com/doctrine/orm/issues","source":"https://github.com/doctrine/orm/tree/2.11.3"}},{"version":"2.11.2","version_normalized":"2.11.2.0","source":{"url":"https://github.com/doctrine/orm.git","type":"git","reference":"9c351e044478135aec1755e2c0c0493a4b6309db"},"dist":{"url":"https://api.github.com/repos/doctrine/orm/zipball/9c351e044478135aec1755e2c0c0493a4b6309db","type":"zip","shasum":"","reference":"9c351e044478135aec1755e2c0c0493a4b6309db"},"time":"2022-03-09T15:23:58+00:00","require-dev":{"doctrine/annotations":"^1.13","doctrine/coding-standard":"^9.0","phpbench/phpbench":"^0.16.10 || ^1.0","phpstan/phpstan":"1.4.6","phpunit/phpunit":"^7.5 || ^8.5 || ^9.4","squizlabs/php_codesniffer":"3.6.2","symfony/cache":"^4.4 || ^5.4 || ^6.0","symfony/yaml":"^3.4 || ^4.0 || ^5.0 || ^6.0","vimeo/psalm":"4.22.0"},"support":{"issues":"https://github.com/doctrine/orm/issues","source":"https://github.com/doctrine/orm/tree/2.11.2"}},{"version":"2.11.1","version_normalized":"2.11.1.0","source":{"url":"https://github.com/doctrine/orm.git","type":"git","reference":"4b88ce787d3916c8366abf52f6c658a7a27ed3a6"},"dist":{"url":"https://api.github.com/repos/doctrine/orm/zipball/4b88ce787d3916c8366abf52f6c658a7a27ed3a6","type":"zip","shasum":"","reference":"4b88ce787d3916c8366abf52f6c658a7a27ed3a6"},"time":"2022-01-30T21:47:06+00:00","require":{"php":"^7.1 || ^8.0","composer-runtime-api":"^2","ext-ctype":"*","ext-pdo":"*","doctrine/cache":"^1.12.1 || ^2.1.1","doctrine/collections":"^1.5","doctrine/common":"^3.0.3","doctrine/dbal":"^2.13.1 || ^3.2","doctrine/deprecations":"^0.5.3","doctrine/event-manager":"^1.1","doctrine/inflector":"^1.4 || ^2.0","doctrine/instantiator":"^1.3","doctrine/lexer":"^1.0","doctrine/persistence":"^2.2","psr/cache":"^1 || ^2 || ^3","symfony/console":"^3.0 || ^4.0 || ^5.0 || ^6.0","symfony/polyfill-php72":"^1.23","symfony/polyfill-php80":"^1.15"},"require-dev":{"doctrine/annotations":"^1.13","doctrine/coding-standard":"^9.0","phpbench/phpbench":"^0.16.10 || ^1.0","phpstan/phpstan":"1.4.3","phpunit/phpunit":"^7.5 || ^8.5 || ^9.4","squizlabs/php_codesniffer":"3.6.2","symfony/cache":"^4.4 || ^5.4 || ^6.0","symfony/yaml":"^3.4 || ^4.0 || ^5.0 || ^6.0","vimeo/psalm":"4.19.0"},"support":{"issues":"https://github.com/doctrine/orm/issues","source":"https://github.com/doctrine/orm/tree/2.11.1"}},{"version":"2.11.0","version_normalized":"2.11.0.0","source":{"url":"https://github.com/doctrine/orm.git","type":"git","reference":"bfed8cb6ed448f4ab1ea3fff06e4d6c44439e4ef"},"dist":{"url":"https://api.github.com/repos/doctrine/orm/zipball/bfed8cb6ed448f4ab1ea3fff06e4d6c44439e4ef","type":"zip","shasum":"","reference":"bfed8cb6ed448f4ab1ea3fff06e4d6c44439e4ef"},"time":"2022-01-12T13:20:33+00:00","require-dev":{"doctrine/annotations":"^1.13","doctrine/coding-standard":"^9.0","phpbench/phpbench":"^0.16.10 || ^1.0","phpstan/phpstan":"1.3.3","phpunit/phpunit":"^7.5 || ^8.5 || ^9.4","squizlabs/php_codesniffer":"3.6.2","symfony/cache":"^4.4 || ^5.4 || ^6.0","symfony/yaml":"^3.4 || ^4.0 || ^5.0 || ^6.0","vimeo/psalm":"4.18.1"},"support":{"issues":"https://github.com/doctrine/orm/issues","source":"https://github.com/doctrine/orm/tree/2.11.0"}},{"version":"2.10.5","version_normalized":"2.10.5.0","source":{"url":"https://github.com/doctrine/orm.git","type":"git","reference":"1e972b6e0e3468355901a301735d859165490af2"},"dist":{"url":"https://api.github.com/repos/doctrine/orm/zipball/1e972b6e0e3468355901a301735d859165490af2","type":"zip","shasum":"","reference":"1e972b6e0e3468355901a301735d859165490af2"},"time":"2022-01-12T09:06:40+00:00","require":{"php":"^7.1 ||^8.0","ext-ctype":"*","ext-pdo":"*","composer/package-versions-deprecated":"^1.8","doctrine/cache":"^1.12.1 || ^2.1.1","doctrine/collections":"^1.5","doctrine/common":"^3.0.3","doctrine/dbal":"^2.13.1 || ^3.1.1","doctrine/deprecations":"^0.5.3","doctrine/event-manager":"^1.1","doctrine/inflector":"^1.4 || ^2.0","doctrine/instantiator":"^1.3","doctrine/lexer":"^1.0","doctrine/persistence":"^2.2","psr/cache":"^1 || ^2 || ^3","symfony/console":"^3.0 || ^4.0 || ^5.0 || ^6.0","symfony/polyfill-php72":"^1.23","symfony/polyfill-php80":"^1.15"},"support":{"issues":"https://github.com/doctrine/orm/issues","source":"https://github.com/doctrine/orm/tree/2.10.5"}},{"version":"2.10.4","version_normalized":"2.10.4.0","source":{"url":"https://github.com/doctrine/orm.git","type":"git","reference":"cccb2e2fdfed2969afb3d65c5ea82bafdefbe1a7"},"dist":{"url":"https://api.github.com/repos/doctrine/orm/zipball/cccb2e2fdfed2969afb3d65c5ea82bafdefbe1a7","type":"zip","shasum":"","reference":"cccb2e2fdfed2969afb3d65c5ea82bafdefbe1a7"},"time":"2021-12-20T21:23:47+00:00","require-dev":{"doctrine/annotations":"^1.13","doctrine/coding-standard":"^9.0","phpbench/phpbench":"^0.16.10 || ^1.0","phpstan/phpstan":"1.2.0","phpunit/phpunit":"^7.5 || ^8.5 || ^9.4","squizlabs/php_codesniffer":"3.6.2","symfony/cache":"^4.4 || ^5.2","symfony/yaml":"^3.4 || ^4.0 || ^5.0 || ^6.0","vimeo/psalm":"4.15.0"},"support":{"issues":"https://github.com/doctrine/orm/issues","source":"https://github.com/doctrine/orm/tree/2.10.4"}},{"version":"2.10.3","version_normalized":"2.10.3.0","source":{"url":"https://github.com/doctrine/orm.git","type":"git","reference":"7b242753466508e1dd10f67c1baee95785f845c1"},"dist":{"url":"https://api.github.com/repos/doctrine/orm/zipball/7b242753466508e1dd10f67c1baee95785f845c1","type":"zip","shasum":"","reference":"7b242753466508e1dd10f67c1baee95785f845c1"},"time":"2021-12-03T12:27:05+00:00","require-dev":{"doctrine/annotations":"^1.13","doctrine/coding-standard":"^9.0","phpbench/phpbench":"^0.16.10 || ^1.0","phpstan/phpstan":"1.2.0","phpunit/phpunit":"^7.5 || ^8.5 || ^9.4","squizlabs/php_codesniffer":"3.6.1","symfony/cache":"^4.4 || ^5.2","symfony/yaml":"^3.4 || ^4.0 || ^5.0 || ^6.0","vimeo/psalm":"4.13.1"},"support":{"issues":"https://github.com/doctrine/orm/issues","source":"https://github.com/doctrine/orm/tree/2.10.3"}},{"version":"2.10.2","version_normalized":"2.10.2.0","source":{"url":"https://github.com/doctrine/orm.git","type":"git","reference":"81d472f6f96b8b571cafefe8d2fef89ed9446a62"},"dist":{"url":"https://api.github.com/repos/doctrine/orm/zipball/81d472f6f96b8b571cafefe8d2fef89ed9446a62","type":"zip","shasum":"","reference":"81d472f6f96b8b571cafefe8d2fef89ed9446a62"},"time":"2021-10-21T17:57:02+00:00","require-dev":{"doctrine/annotations":"^1.13","doctrine/coding-standard":"^9.0","phpbench/phpbench":"^0.16.10 || ^1.0","phpstan/phpstan":"0.12.99","phpunit/phpunit":"^7.5 || ^8.5 || ^9.4","squizlabs/php_codesniffer":"3.6.1","symfony/cache":"^4.4 || ^5.2","symfony/yaml":"^3.4 || ^4.0 || ^5.0 || ^6.0","vimeo/psalm":"4.10.0"},"support":{"issues":"https://github.com/doctrine/orm/issues","source":"https://github.com/doctrine/orm/tree/2.10.2"}},{"version":"2.10.1","version_normalized":"2.10.1.0","source":{"url":"https://github.com/doctrine/orm.git","type":"git","reference":"f346379c7bf39a9f46771cfd9043e0eb2dd98793"},"dist":{"url":"https://api.github.com/repos/doctrine/orm/zipball/f346379c7bf39a9f46771cfd9043e0eb2dd98793","type":"zip","shasum":"","reference":"f346379c7bf39a9f46771cfd9043e0eb2dd98793"},"time":"2021-10-05T13:04:30+00:00","require-dev":{"doctrine/annotations":"^1.13","doctrine/coding-standard":"^9.0","phpbench/phpbench":"^0.16.10 || ^1.0","phpstan/phpstan":"0.12.99","phpunit/phpunit":"^7.5 || ^8.5 || ^9.4","squizlabs/php_codesniffer":"3.6.0","symfony/cache":"^4.4 || ^5.2","symfony/yaml":"^3.4 || ^4.0 || ^5.0 || ^6.0","vimeo/psalm":"4.10.0"},"support":{"issues":"https://github.com/doctrine/orm/issues","source":"https://github.com/doctrine/orm/tree/2.10.1"}},{"version":"2.10.0","version_normalized":"2.10.0.0","source":{"url":"https://github.com/doctrine/orm.git","type":"git","reference":"07e15a00382982dc8088093669108d2174e456ea"},"dist":{"url":"https://api.github.com/repos/doctrine/orm/zipball/07e15a00382982dc8088093669108d2174e456ea","type":"zip","shasum":"","reference":"07e15a00382982dc8088093669108d2174e456ea"},"time":"2021-10-03T15:14:07+00:00","support":{"issues":"https://github.com/doctrine/orm/issues","source":"https://github.com/doctrine/orm/tree/2.10.0"}},{"version":"2.9.6","version_normalized":"2.9.6.0","source":{"url":"https://github.com/doctrine/orm.git","type":"git","reference":"5f768742a0461327bebe0fd11012bbd69e29a311"},"dist":{"url":"https://api.github.com/repos/doctrine/orm/zipball/5f768742a0461327bebe0fd11012bbd69e29a311","type":"zip","shasum":"","reference":"5f768742a0461327bebe0fd11012bbd69e29a311"},"time":"2021-10-02T17:37:08+00:00","require":{"php":"^7.1 ||^8.0","ext-ctype":"*","ext-pdo":"*","composer/package-versions-deprecated":"^1.8","doctrine/annotations":"^1.13","doctrine/cache":"^1.12.1 || ^2.1.1","doctrine/collections":"^1.5","doctrine/common":"^3.0.3","doctrine/dbal":"^2.13.0","doctrine/deprecations":"^0.5.3","doctrine/event-manager":"^1.1","doctrine/inflector":"^1.4 || ^2.0","doctrine/instantiator":"^1.3","doctrine/lexer":"^1.0","doctrine/persistence":"^2.2","psr/cache":"^1 || ^2 || ^3","symfony/console":"^3.0 || ^4.0 || ^5.0 || ^6.0"},"require-dev":{"doctrine/coding-standard":"^9.0","phpbench/phpbench":"^0.16.10 || ^1.0","phpstan/phpstan":"0.12.99","phpunit/phpunit":"^7.5 || ^8.5 || ^9.4","squizlabs/php_codesniffer":"3.6.0","symfony/cache":"^4.4 || ^5.2","symfony/yaml":"^3.4 || ^4.0 || ^5.0 || ^6.0","vimeo/psalm":"4.10.0"},"support":{"issues":"https://github.com/doctrine/orm/issues","source":"https://github.com/doctrine/orm/tree/2.9.6"},"conflict":"__unset"},{"version":"2.9.5","version_normalized":"2.9.5.0","source":{"url":"https://github.com/doctrine/orm.git","type":"git","reference":"77cc86ed880e3f1f6c9c5819e131a8aaeeeee0da"},"dist":{"url":"https://api.github.com/repos/doctrine/orm/zipball/77cc86ed880e3f1f6c9c5819e131a8aaeeeee0da","type":"zip","shasum":"","reference":"77cc86ed880e3f1f6c9c5819e131a8aaeeeee0da"},"time":"2021-08-23T10:20:22+00:00","require-dev":{"doctrine/coding-standard":"^9.0","phpbench/phpbench":"^0.16.10 || ^1.0","phpstan/phpstan":"0.12.94","phpunit/phpunit":"^7.5 || ^8.5 || ^9.4","squizlabs/php_codesniffer":"3.6.0","symfony/cache":"^4.4 || ^5.2","symfony/yaml":"^3.4 || ^4.0 || ^5.0 || ^6.0","vimeo/psalm":"4.7.0"},"support":{"issues":"https://github.com/doctrine/orm/issues","source":"https://github.com/doctrine/orm/tree/2.9.5"}},{"version":"2.9.4","version_normalized":"2.9.4.0","source":{"url":"https://github.com/doctrine/orm.git","type":"git","reference":"b19a13f4edfaa5806109cd899f5912a7df1547b5"},"dist":{"url":"https://api.github.com/repos/doctrine/orm/zipball/b19a13f4edfaa5806109cd899f5912a7df1547b5","type":"zip","shasum":"","reference":"b19a13f4edfaa5806109cd899f5912a7df1547b5"},"time":"2021-08-11T20:53:03+00:00","support":{"issues":"https://github.com/doctrine/orm/issues","source":"https://github.com/doctrine/orm/tree/2.9.4"}},{"version":"2.9.3","version_normalized":"2.9.3.0","source":{"url":"https://github.com/doctrine/orm.git","type":"git","reference":"82e77cf5089a1303733f75f0f0ed01be3ab9ec22"},"dist":{"url":"https://api.github.com/repos/doctrine/orm/zipball/82e77cf5089a1303733f75f0f0ed01be3ab9ec22","type":"zip","shasum":"","reference":"82e77cf5089a1303733f75f0f0ed01be3ab9ec22"},"time":"2021-06-13T10:29:22+00:00","require":{"php":"^7.1|^8.0","ext-pdo":"*","composer/package-versions-deprecated":"^1.8","doctrine/annotations":"^1.13","doctrine/cache":"^1.11.3|^2.0.3","doctrine/collections":"^1.5","doctrine/common":"^3.0.3","doctrine/dbal":"^2.13.0","doctrine/deprecations":"^0.5.3","doctrine/event-manager":"^1.1","doctrine/inflector":"^1.4|^2.0","doctrine/instantiator":"^1.3","doctrine/lexer":"^1.0","doctrine/persistence":"^2.2","psr/cache":"^1 || ^2 || ^3","symfony/console":"^3.0|^4.0|^5.0|^6.0"},"require-dev":{"doctrine/coding-standard":"^9.0","phpstan/phpstan":"^0.12.83","phpunit/phpunit":"^7.5|^8.5|^9.4","squizlabs/php_codesniffer":"3.6.0","symfony/cache":"^4.4|^5.2","symfony/yaml":"^3.4|^4.0|^5.0|^6.0","vimeo/psalm":"4.7.0"},"support":{"issues":"https://github.com/doctrine/orm/issues","source":"https://github.com/doctrine/orm/tree/2.9.3"}},{"version":"2.9.2","version_normalized":"2.9.2.0","source":{"url":"https://github.com/doctrine/orm.git","type":"git","reference":"75b4b88c5b7cebc24ed7251a20c2a5aa027300e1"},"dist":{"url":"https://api.github.com/repos/doctrine/orm/zipball/75b4b88c5b7cebc24ed7251a20c2a5aa027300e1","type":"zip","shasum":"","reference":"75b4b88c5b7cebc24ed7251a20c2a5aa027300e1"},"time":"2021-05-31T09:53:14+00:00","support":{"issues":"https://github.com/doctrine/orm/issues","source":"https://github.com/doctrine/orm/tree/2.9.2"}},{"version":"2.9.1","version_normalized":"2.9.1.0","source":{"url":"https://github.com/doctrine/orm.git","type":"git","reference":"f3e55fae9fdbdbc23897006bdbf016c20e11f6e9"},"dist":{"url":"https://api.github.com/repos/doctrine/orm/zipball/f3e55fae9fdbdbc23897006bdbf016c20e11f6e9","type":"zip","shasum":"","reference":"f3e55fae9fdbdbc23897006bdbf016c20e11f6e9"},"time":"2021-05-24T15:54:12+00:00","require":{"php":"^7.1|^8.0","ext-pdo":"*","composer/package-versions-deprecated":"^1.8","doctrine/annotations":"^1.13","doctrine/cache":"^1.11|^2.0","doctrine/collections":"^1.5","doctrine/common":"^3.0.3","doctrine/dbal":"^2.13.0","doctrine/deprecations":"^0.5.3","doctrine/event-manager":"^1.1","doctrine/inflector":"^1.4|^2.0","doctrine/instantiator":"^1.3","doctrine/lexer":"^1.0","doctrine/persistence":"^2.2","psr/cache":"^1 || ^2 || ^3","symfony/console":"^3.0|^4.0|^5.0|^6.0"},"support":{"issues":"https://github.com/doctrine/orm/issues","source":"https://github.com/doctrine/orm/tree/2.9.1"}},{"version":"2.9.0","version_normalized":"2.9.0.0","source":{"url":"https://github.com/doctrine/orm.git","type":"git","reference":"99d67cb77d3626c52f4d5feb5caed58948ea5577"},"dist":{"url":"https://api.github.com/repos/doctrine/orm/zipball/99d67cb77d3626c52f4d5feb5caed58948ea5577","type":"zip","shasum":"","reference":"99d67cb77d3626c52f4d5feb5caed58948ea5577"},"time":"2021-05-21T07:15:28+00:00","support":{"issues":"https://github.com/doctrine/orm/issues","source":"https://github.com/doctrine/orm/tree/2.9.0"}},{"version":"2.8.5","version_normalized":"2.8.5.0","source":{"url":"https://github.com/doctrine/orm.git","type":"git","reference":"a6577b89a2b028b79550ef58d9f272debdd75da4"},"dist":{"url":"https://api.github.com/repos/doctrine/orm/zipball/a6577b89a2b028b79550ef58d9f272debdd75da4","type":"zip","shasum":"","reference":"a6577b89a2b028b79550ef58d9f272debdd75da4"},"time":"2021-05-20T05:58:49+00:00","require":{"php":"^7.2|^8.0","ext-pdo":"*","composer/package-versions-deprecated":"^1.8","doctrine/annotations":"^1.11.1","doctrine/cache":"^1.9.1","doctrine/collections":"^1.5","doctrine/common":"^3.0.3","doctrine/dbal":"^2.10.0","doctrine/event-manager":"^1.1","doctrine/inflector":"^1.4|^2.0","doctrine/instantiator":"^1.3","doctrine/lexer":"^1.0","doctrine/persistence":"^2.2","symfony/console":"^3.0|^4.0|^5.0|^6.0"},"require-dev":{"doctrine/coding-standard":"^9.0","phpstan/phpstan":"^0.12.83","phpunit/phpunit":"^8.5|^9.4","squizlabs/php_codesniffer":"3.6.0","symfony/yaml":"^3.4|^4.0|^5.0|^6.0","vimeo/psalm":"4.7.0"},"suggest":{"symfony/yaml":"If you want to use YAML Metadata Mapping Driver"},"support":{"issues":"https://github.com/doctrine/orm/issues","source":"https://github.com/doctrine/orm/tree/2.8.5"}},{"version":"2.8.4","version_normalized":"2.8.4.0","source":{"url":"https://github.com/doctrine/orm.git","type":"git","reference":"a588555ecd837b8d7e89355d9a13902e54d529c7"},"dist":{"url":"https://api.github.com/repos/doctrine/orm/zipball/a588555ecd837b8d7e89355d9a13902e54d529c7","type":"zip","shasum":"","reference":"a588555ecd837b8d7e89355d9a13902e54d529c7"},"time":"2021-04-05T18:38:36+00:00","require":{"php":"^7.2|^8.0","ext-pdo":"*","composer/package-versions-deprecated":"^1.8","doctrine/annotations":"^1.11.1","doctrine/cache":"^1.9.1","doctrine/collections":"^1.5","doctrine/common":"^3.0.3","doctrine/dbal":"^2.10.0","doctrine/event-manager":"^1.1","doctrine/inflector":"^1.4|^2.0","doctrine/instantiator":"^1.3","doctrine/lexer":"^1.0","doctrine/persistence":"^2.0","symfony/console":"^3.0|^4.0|^5.0"},"require-dev":{"doctrine/coding-standard":"^8.0","phpstan/phpstan":"^0.12.18","phpunit/phpunit":"^8.5|^9.4","symfony/yaml":"^3.4|^4.0|^5.0","vimeo/psalm":"4.1.1"},"support":{"issues":"https://github.com/doctrine/orm/issues","source":"https://github.com/doctrine/orm/tree/2.8.4"}},{"version":"2.8.3","version_normalized":"2.8.3.0","source":{"url":"https://github.com/doctrine/orm.git","type":"git","reference":"657a30f8ceef2a78c2ff36a9fe6c6a6717c1c448"},"dist":{"url":"https://api.github.com/repos/doctrine/orm/zipball/657a30f8ceef2a78c2ff36a9fe6c6a6717c1c448","type":"zip","shasum":"","reference":"657a30f8ceef2a78c2ff36a9fe6c6a6717c1c448"},"time":"2021-04-01T21:16:53+00:00","support":{"issues":"https://github.com/doctrine/orm/issues","source":"https://github.com/doctrine/orm/tree/2.8.3"}},{"version":"2.8.2","version_normalized":"2.8.2.0","source":{"url":"https://github.com/doctrine/orm.git","type":"git","reference":"ebae57eb9637acd8252b398df3121b120688ed5c"},"dist":{"url":"https://api.github.com/repos/doctrine/orm/zipball/ebae57eb9637acd8252b398df3121b120688ed5c","type":"zip","shasum":"","reference":"ebae57eb9637acd8252b398df3121b120688ed5c"},"time":"2021-02-16T22:10:18+00:00","extra":{"branch-alias":{"dev-master":"2.7.x-dev"}},"support":{"issues":"https://github.com/doctrine/orm/issues","source":"https://github.com/doctrine/orm/tree/2.8.2"}},{"version":"2.8.1","version_normalized":"2.8.1.0","source":{"url":"https://github.com/doctrine/orm.git","type":"git","reference":"242cf1a33df1b8bc5e1b86c3ebd01db07851c833"},"dist":{"url":"https://api.github.com/repos/doctrine/orm/zipball/242cf1a33df1b8bc5e1b86c3ebd01db07851c833","type":"zip","shasum":"","reference":"242cf1a33df1b8bc5e1b86c3ebd01db07851c833"},"time":"2020-12-04T19:53:07+00:00","require":{"php":"^7.2|^8.0","ext-pdo":"*","composer/package-versions-deprecated":"^1.8","doctrine/annotations":"^1.11.1","doctrine/cache":"^1.9.1","doctrine/collections":"^1.5","doctrine/common":"^3.0","doctrine/dbal":"^2.10.0","doctrine/event-manager":"^1.1","doctrine/inflector":"^1.4|^2.0","doctrine/instantiator":"^1.3","doctrine/lexer":"^1.0","doctrine/persistence":"^2.0","symfony/console":"^3.0|^4.0|^5.0"},"support":{"issues":"https://github.com/doctrine/orm/issues","source":"https://github.com/doctrine/orm/tree/2.8.1"}},{"version":"2.8.0","version_normalized":"2.8.0.0","source":{"url":"https://github.com/doctrine/orm.git","type":"git","reference":"418587bc25c107f16b53ae67a6ef8589408aff6c"},"dist":{"url":"https://api.github.com/repos/doctrine/orm/zipball/418587bc25c107f16b53ae67a6ef8589408aff6c","type":"zip","shasum":"","reference":"418587bc25c107f16b53ae67a6ef8589408aff6c"},"time":"2020-12-03T19:18:13+00:00","support":{"issues":"https://github.com/doctrine/orm/issues","source":"https://github.com/doctrine/orm/tree/2.8.0"}},{"version":"2.7.5","version_normalized":"2.7.5.0","source":{"url":"https://github.com/doctrine/orm.git","type":"git","reference":"01187c9260cd085529ddd1273665217cae659640"},"dist":{"url":"https://api.github.com/repos/doctrine/orm/zipball/01187c9260cd085529ddd1273665217cae659640","type":"zip","shasum":"","reference":"01187c9260cd085529ddd1273665217cae659640"},"time":"2020-12-03T08:52:14+00:00","require":{"php":"^7.1","ext-pdo":"*","composer/package-versions-deprecated":"^1.8","doctrine/annotations":"^1.11.1","doctrine/cache":"^1.9.1","doctrine/collections":"^1.5","doctrine/common":"^2.11 || ^3.0","doctrine/dbal":"^2.9.3","doctrine/event-manager":"^1.1","doctrine/inflector":"^1.0","doctrine/instantiator":"^1.3","doctrine/lexer":"^1.0","doctrine/persistence":"^1.3.3 || ^2.0","symfony/console":"^3.0|^4.0|^5.0"},"require-dev":{"doctrine/coding-standard":"^6.0","phpstan/phpstan":"^0.12.18","phpunit/phpunit":"^8.0","symfony/yaml":"^3.4|^4.0|^5.0","vimeo/psalm":"^3.11"},"support":{"issues":"https://github.com/doctrine/orm/issues","source":"https://github.com/doctrine/orm/tree/2.7.5"}},{"version":"2.7.4","version_normalized":"2.7.4.0","source":{"url":"https://github.com/doctrine/orm.git","type":"git","reference":"7d84a4998091ece4d645253ac65de9f879eeed2f"},"dist":{"url":"https://api.github.com/repos/doctrine/orm/zipball/7d84a4998091ece4d645253ac65de9f879eeed2f","type":"zip","shasum":"","reference":"7d84a4998091ece4d645253ac65de9f879eeed2f"},"time":"2020-10-10T17:11:26+00:00","require":{"php":"^7.1","ext-pdo":"*","composer/package-versions-deprecated":"^1.8","doctrine/annotations":"^1.8","doctrine/cache":"^1.9.1","doctrine/collections":"^1.5","doctrine/common":"^2.11 || ^3.0","doctrine/dbal":"^2.9.3","doctrine/event-manager":"^1.1","doctrine/inflector":"^1.0","doctrine/instantiator":"^1.3","doctrine/lexer":"^1.0","doctrine/persistence":"^1.3.3 || ^2.0","symfony/console":"^3.0|^4.0|^5.0"},"require-dev":{"doctrine/coding-standard":"^5.0","phpstan/phpstan":"^0.12.18","phpunit/phpunit":"^7.5","symfony/yaml":"^3.4|^4.0|^5.0","vimeo/psalm":"^3.11"},"support":{"issues":"https://github.com/doctrine/orm/issues","source":"https://github.com/doctrine/orm/tree/2.7.4"}},{"version":"v2.7.3","version_normalized":"2.7.3.0","source":{"url":"https://github.com/doctrine/orm.git","type":"git","reference":"d95e03ba660d50d785a9925f41927fef0ee553cf"},"dist":{"url":"https://api.github.com/repos/doctrine/orm/zipball/d95e03ba660d50d785a9925f41927fef0ee553cf","type":"zip","shasum":"","reference":"d95e03ba660d50d785a9925f41927fef0ee553cf"},"funding":[{"url":"https://www.doctrine-project.org/sponsorship.html","type":"custom"},{"url":"https://www.patreon.com/phpdoctrine","type":"patreon"},{"url":"https://tidelift.com/funding/github/packagist/doctrine/orm","type":"tidelift"}],"time":"2020-05-26T16:03:49+00:00","require":{"php":"^7.1","ext-pdo":"*","doctrine/annotations":"^1.8","doctrine/cache":"^1.9.1","doctrine/collections":"^1.5","doctrine/common":"^2.11 || ^3.0","doctrine/dbal":"^2.9.3","doctrine/event-manager":"^1.1","doctrine/inflector":"^1.0","doctrine/instantiator":"^1.3","doctrine/lexer":"^1.0","doctrine/persistence":"^1.3.3 || ^2.0","ocramius/package-versions":"^1.2","symfony/console":"^3.0|^4.0|^5.0"},"support":{"issues":"https://github.com/doctrine/orm/issues","source":"https://github.com/doctrine/orm/tree/v2.7.3"}},{"version":"v2.7.2","version_normalized":"2.7.2.0","source":{"url":"https://github.com/doctrine/orm.git","type":"git","reference":"dafe298ce5d0b995ebe1746670704c0a35868a6a"},"dist":{"url":"https://api.github.com/repos/doctrine/orm/zipball/dafe298ce5d0b995ebe1746670704c0a35868a6a","type":"zip","shasum":"","reference":"dafe298ce5d0b995ebe1746670704c0a35868a6a"},"time":"2020-03-19T06:41:02+00:00","require":{"php":"^7.1","ext-pdo":"*","doctrine/annotations":"^1.8","doctrine/cache":"^1.9.1","doctrine/collections":"^1.5","doctrine/common":"^2.11","doctrine/dbal":"^2.9.3","doctrine/event-manager":"^1.1","doctrine/instantiator":"^1.3","doctrine/persistence":"^1.2","ocramius/package-versions":"^1.2","symfony/console":"^3.0|^4.0|^5.0"},"require-dev":{"doctrine/coding-standard":"^5.0","phpunit/phpunit":"^7.5","symfony/yaml":"^3.4|^4.0|^5.0"},"support":{"issues":"https://github.com/doctrine/orm/issues","source":"https://github.com/doctrine/orm/tree/v2.7.2"}},{"version":"v2.7.1","version_normalized":"2.7.1.0","source":{"url":"https://github.com/doctrine/orm.git","type":"git","reference":"445796af0e873d9bd04f2502d322a7d5009b6846"},"dist":{"url":"https://api.github.com/repos/doctrine/orm/zipball/445796af0e873d9bd04f2502d322a7d5009b6846","type":"zip","shasum":"","reference":"445796af0e873d9bd04f2502d322a7d5009b6846"},"time":"2020-02-15T14:35:56+00:00","support":{"issues":"https://github.com/doctrine/orm/issues","source":"https://github.com/doctrine/orm/tree/2.7"},"funding":"__unset"},{"version":"v2.7.0","version_normalized":"2.7.0.0","source":{"url":"https://github.com/doctrine/orm.git","type":"git","reference":"4d763ca4c925f647b248b9fa01b5f47aa3685d62"},"dist":{"url":"https://api.github.com/repos/doctrine/orm/zipball/4d763ca4c925f647b248b9fa01b5f47aa3685d62","type":"zip","shasum":"","reference":"4d763ca4c925f647b248b9fa01b5f47aa3685d62"},"time":"2019-11-19T08:38:05+00:00","require":{"php":"^7.1","ext-pdo":"*","doctrine/annotations":"^1.8","doctrine/cache":"^1.9.1","doctrine/collections":"^1.5","doctrine/common":"^2.11","doctrine/dbal":"^2.9.3","doctrine/event-manager":"^1.1","doctrine/instantiator":"^1.3","doctrine/persistence":"^1.2","symfony/console":"^3.0|^4.0|^5.0"},"support":{"issues":"https://github.com/doctrine/orm/issues","source":"https://github.com/doctrine/orm/tree/v2.7.0"}},{"homepage":"http://www.doctrine-project.org","version":"v2.6.6","version_normalized":"2.6.6.0","source":{"url":"https://github.com/doctrine/orm.git","type":"git","reference":"2d9b9351831d1230881c52f006011cbf72fe944e"},"dist":{"url":"https://api.github.com/repos/doctrine/orm/zipball/2d9b9351831d1230881c52f006011cbf72fe944e","type":"zip","shasum":"","reference":"2d9b9351831d1230881c52f006011cbf72fe944e"},"time":"2019-11-18T22:01:21+00:00","extra":{"branch-alias":{"dev-master":"2.6.x-dev"}},"require":{"php":"^7.1","ext-pdo":"*","doctrine/annotations":"~1.5","doctrine/cache":"~1.6","doctrine/collections":"^1.4","doctrine/common":"^2.7.1","doctrine/dbal":"^2.6","doctrine/instantiator":"~1.1","symfony/console":"~3.0|~4.0"},"require-dev":{"doctrine/coding-standard":"^5.0","phpunit/phpunit":"^7.5","symfony/yaml":"~3.4|~4.0"},"support":{"issues":"https://github.com/doctrine/orm/issues","source":"https://github.com/doctrine/orm/tree/v2.6.6"}},{"version":"v2.6.5","version_normalized":"2.6.5.0","source":{"url":"https://github.com/doctrine/orm.git","type":"git","reference":"16751d210fb806cc6f1b868a2b9dde6fab6866ed"},"dist":{"url":"https://api.github.com/repos/doctrine/orm/zipball/16751d210fb806cc6f1b868a2b9dde6fab6866ed","type":"zip","shasum":"","reference":"16751d210fb806cc6f1b868a2b9dde6fab6866ed"},"time":"2019-11-18T11:06:51+00:00","support":{"issues":"https://github.com/doctrine/orm/issues","source":"https://github.com/doctrine/orm/tree/v2.6.5"}},{"version":"v2.6.4","version_normalized":"2.6.4.0","source":{"url":"https://github.com/doctrine/orm.git","type":"git","reference":"b52ef5a1002f99ab506a5a2d6dba5a2c236c5f43"},"dist":{"url":"https://api.github.com/repos/doctrine/orm/zipball/b52ef5a1002f99ab506a5a2d6dba5a2c236c5f43","type":"zip","shasum":"","reference":"b52ef5a1002f99ab506a5a2d6dba5a2c236c5f43"},"time":"2019-09-20T14:30:26+00:00","support":{"issues":"https://github.com/doctrine/orm/issues","source":"https://github.com/doctrine/orm/tree/2.6"}},{"version":"v2.6.3","version_normalized":"2.6.3.0","authors":[{"name":"Roman Borschel","email":"roman@code-factory.org"},{"name":"Benjamin Eberlei","email":"kontakt@beberlei.de"},{"name":"Guilherme Blanco","email":"guilhermeblanco@gmail.com"},{"name":"Jonathan Wage","email":"jonwage@gmail.com"},{"name":"Marco Pivetta","email":"ocramius@gmail.com"}],"source":{"url":"https://github.com/doctrine/orm.git","type":"git","reference":"434820973cadf2da2d66e7184be370084cc32ca8"},"dist":{"url":"https://api.github.com/repos/doctrine/orm/zipball/434820973cadf2da2d66e7184be370084cc32ca8","type":"zip","shasum":"","reference":"434820973cadf2da2d66e7184be370084cc32ca8"},"time":"2018-11-20T23:46:46+00:00","require-dev":{"doctrine/coding-standard":"^1.0","phpunit/phpunit":"^6.5","squizlabs/php_codesniffer":"^3.2","symfony/yaml":"~3.4|~4.0"},"support":{"issues":"https://github.com/doctrine/orm/issues","source":"https://github.com/doctrine/orm/tree/v2.6.3"}},{"version":"v2.6.2","version_normalized":"2.6.2.0","source":{"url":"https://github.com/doctrine/orm.git","type":"git","reference":"d2b4dd71d2a276edd65d0c170375b445f8a4a4a8"},"dist":{"url":"https://api.github.com/repos/doctrine/orm/zipball/d2b4dd71d2a276edd65d0c170375b445f8a4a4a8","type":"zip","shasum":"","reference":"d2b4dd71d2a276edd65d0c170375b445f8a4a4a8"},"time":"2018-07-12T20:47:13+00:00","support":{"issues":"https://github.com/doctrine/orm/issues","source":"https://github.com/doctrine/orm/tree/v2.6.2"}},{"version":"v2.6.1","version_normalized":"2.6.1.0","source":{"url":"https://github.com/doctrine/orm.git","type":"git","reference":"87ee409783a4a322b5597ebaae558661404055a7"},"dist":{"url":"https://api.github.com/repos/doctrine/orm/zipball/87ee409783a4a322b5597ebaae558661404055a7","type":"zip","shasum":"","reference":"87ee409783a4a322b5597ebaae558661404055a7"},"time":"2018-02-27T07:30:56+00:00","support":{"issues":"https://github.com/doctrine/orm/issues","source":"https://github.com/doctrine/orm/tree/v2.6.1"}},{"version":"v2.6.0","version_normalized":"2.6.0.0","source":{"url":"https://github.com/doctrine/orm.git","type":"git","reference":"374e7ace49d864dad8cddbc55346447c8a6a2083"},"dist":{"url":"https://api.github.com/repos/doctrine/orm/zipball/374e7ace49d864dad8cddbc55346447c8a6a2083","type":"zip","shasum":"","reference":"374e7ace49d864dad8cddbc55346447c8a6a2083"},"time":"2017-12-20T00:38:15+00:00","support":{"issues":"https://github.com/doctrine/orm/issues","source":"https://github.com/doctrine/orm/tree/v2.6.0"}},{"version":"v2.5.14","version_normalized":"2.5.14.0","authors":[{"name":"Roman Borschel","email":"roman@code-factory.org"},{"name":"Benjamin Eberlei","email":"kontakt@beberlei.de"},{"name":"Guilherme Blanco","email":"guilhermeblanco@gmail.com"},{"name":"Jonathan Wage","email":"jonwage@gmail.com"}],"source":{"url":"https://github.com/doctrine/orm.git","type":"git","reference":"810a7baf81462a5ddf10e8baa8cb94b6eec02754"},"dist":{"url":"https://api.github.com/repos/doctrine/orm/zipball/810a7baf81462a5ddf10e8baa8cb94b6eec02754","type":"zip","shasum":"","reference":"810a7baf81462a5ddf10e8baa8cb94b6eec02754"},"time":"2017-12-17T02:57:51+00:00","autoload":{"psr-0":{"Doctrine\\ORM\\":"lib/"}},"bin":["bin/doctrine","bin/doctrine.php"],"require":{"php":">=5.4","ext-pdo":"*","doctrine/collections":"~1.2","doctrine/dbal":">=2.5-dev,<2.7-dev","doctrine/instantiator":"^1.0.1","doctrine/common":">=2.5-dev,<2.9-dev","doctrine/cache":"~1.4","symfony/console":"~2.5|~3.0|~4.0"},"require-dev":{"symfony/yaml":"~2.3|~3.0|~4.0","phpunit/phpunit":"~4.0"},"support":{"issues":"https://github.com/doctrine/orm/issues","source":"https://github.com/doctrine/orm/tree/v2.5.14"}},{"version":"v2.5.13","version_normalized":"2.5.13.0","source":{"url":"https://github.com/doctrine/orm.git","type":"git","reference":"93103f44a3e36e7b48165b6e6b736833f33b18ef"},"dist":{"url":"https://api.github.com/repos/doctrine/orm/zipball/93103f44a3e36e7b48165b6e6b736833f33b18ef","type":"zip","shasum":"","reference":"93103f44a3e36e7b48165b6e6b736833f33b18ef"},"time":"2017-11-27T23:25:55+00:00","support":{"issues":"https://github.com/doctrine/orm/issues","source":"https://github.com/doctrine/orm/tree/v2.5.13"}},{"version":"v2.5.12","version_normalized":"2.5.12.0","source":{"url":"https://github.com/doctrine/orm.git","type":"git","reference":"984535cadc609e9eef8c89414aa3568ee97aa79f"},"dist":{"url":"https://api.github.com/repos/doctrine/orm/zipball/984535cadc609e9eef8c89414aa3568ee97aa79f","type":"zip","shasum":"","reference":"984535cadc609e9eef8c89414aa3568ee97aa79f"},"time":"2017-10-23T18:21:04+00:00","support":{"issues":"https://github.com/doctrine/orm/issues","source":"https://github.com/doctrine/orm/tree/v2.5.12"}},{"version":"v2.5.11","version_normalized":"2.5.11.0","source":{"url":"https://github.com/doctrine/orm.git","type":"git","reference":"249b737094f1e7cba4f0a8d19acf5be6cf3ed504"},"dist":{"url":"https://api.github.com/repos/doctrine/orm/zipball/249b737094f1e7cba4f0a8d19acf5be6cf3ed504","type":"zip","shasum":"","reference":"249b737094f1e7cba4f0a8d19acf5be6cf3ed504"},"time":"2017-09-18T06:50:20+00:00","require":{"php":">=5.4","ext-pdo":"*","doctrine/collections":"~1.2","doctrine/dbal":">=2.5-dev,<2.7-dev","doctrine/instantiator":"^1.0.1","doctrine/common":">=2.5-dev,<2.9-dev","doctrine/cache":"~1.4","symfony/console":"~2.5|~3.0"},"require-dev":{"symfony/yaml":"~2.3|~3.0","phpunit/phpunit":"~4.0"},"support":{"issues":"https://github.com/doctrine/orm/issues","source":"https://github.com/doctrine/orm/tree/v2.5.11"}},{"version":"v2.5.10","version_normalized":"2.5.10.0","source":{"url":"https://github.com/doctrine/orm.git","type":"git","reference":"c78afd51721804f4f76ff30d9b6f6159eb046161"},"dist":{"url":"https://api.github.com/repos/doctrine/orm/zipball/c78afd51721804f4f76ff30d9b6f6159eb046161","type":"zip","shasum":"","reference":"c78afd51721804f4f76ff30d9b6f6159eb046161"},"time":"2017-08-18T19:17:35+00:00","require":{"php":">=5.4","ext-pdo":"*","doctrine/collections":"~1.2","doctrine/dbal":">=2.5-dev,<2.7-dev","doctrine/instantiator":"~1.0.1","doctrine/common":">=2.5-dev,<2.9-dev","doctrine/cache":"~1.4","symfony/console":"~2.5|~3.0"},"support":{"issues":"https://github.com/doctrine/orm/issues","source":"https://github.com/doctrine/orm/tree/v2.5.10"}},{"version":"v2.5.9","version_normalized":"2.5.9.0","source":{"url":"https://github.com/doctrine/orm.git","type":"git","reference":"4f96fc62cef60093573acea955ed5e07643401d8"},"dist":{"url":"https://api.github.com/repos/doctrine/orm/zipball/4f96fc62cef60093573acea955ed5e07643401d8","type":"zip","shasum":"","reference":"4f96fc62cef60093573acea955ed5e07643401d8"},"time":"2017-08-16T13:30:32+00:00","support":{"issues":"https://github.com/doctrine/orm/issues","source":"https://github.com/doctrine/orm/tree/v2.5.9"}},{"version":"v2.5.8","version_normalized":"2.5.8.0","source":{"url":"https://github.com/doctrine/orm.git","type":"git","reference":"e3aa3f2d1d7ac4bc732f8630f78fcb92d2885e68"},"dist":{"url":"https://api.github.com/repos/doctrine/orm/zipball/e3aa3f2d1d7ac4bc732f8630f78fcb92d2885e68","type":"zip","shasum":"","reference":"e3aa3f2d1d7ac4bc732f8630f78fcb92d2885e68"},"time":"2017-08-13T18:46:56+00:00","support":{"issues":"https://github.com/doctrine/orm/issues","source":"https://github.com/doctrine/orm/tree/v2.5.8"}},{"version":"v2.5.7","version_normalized":"2.5.7.0","source":{"url":"https://github.com/doctrine/orm.git","type":"git","reference":"22546a381144a957c00f17dc428ca33bc48ddecd"},"dist":{"url":"https://api.github.com/repos/doctrine/orm/zipball/22546a381144a957c00f17dc428ca33bc48ddecd","type":"zip","shasum":"","reference":"22546a381144a957c00f17dc428ca33bc48ddecd"},"time":"2017-08-11T21:28:20+00:00","support":{"issues":"https://github.com/doctrine/orm/issues","source":"https://github.com/doctrine/orm/tree/v2.5.7"}},{"version":"v2.5.6","version_normalized":"2.5.6.0","source":{"url":"https://github.com/doctrine/orm.git","type":"git","reference":"e6c434196c8ef058239aaa0724b4aadb0107940b"},"dist":{"url":"https://api.github.com/repos/doctrine/orm/zipball/e6c434196c8ef058239aaa0724b4aadb0107940b","type":"zip","shasum":"","reference":"e6c434196c8ef058239aaa0724b4aadb0107940b"},"time":"2016-12-18T15:42:34+00:00","require":{"php":">=5.4","ext-pdo":"*","doctrine/collections":"~1.2","doctrine/dbal":">=2.5-dev,<2.6-dev","doctrine/instantiator":"~1.0.1","doctrine/common":">=2.5-dev,<2.8-dev","doctrine/cache":"~1.4","symfony/console":"~2.5|~3.0"},"support":{"issues":"https://github.com/doctrine/orm/issues","source":"https://github.com/doctrine/orm/tree/v2.5.6"}},{"version":"v2.5.5","version_normalized":"2.5.5.0","source":{"url":"https://github.com/doctrine/orm.git","type":"git","reference":"73e4be7c7b3ba26f96b781a40b33feba4dfa6d45"},"dist":{"url":"https://api.github.com/repos/doctrine/orm/zipball/73e4be7c7b3ba26f96b781a40b33feba4dfa6d45","type":"zip","shasum":"","reference":"73e4be7c7b3ba26f96b781a40b33feba4dfa6d45"},"time":"2016-09-10T18:51:13+00:00","require":{"php":">=5.4","ext-pdo":"*","doctrine/collections":"~1.2","doctrine/dbal":">=2.5-dev,<2.6-dev","doctrine/instantiator":"~1.0.1","doctrine/common":">=2.5-dev,<2.7-dev","doctrine/cache":"~1.4","symfony/console":"~2.5|~3.0"},"support":{"issues":"https://github.com/doctrine/orm/issues","source":"https://github.com/doctrine/orm/tree/v2.5.5"}},{"version":"v2.5.4","version_normalized":"2.5.4.0","source":{"url":"https://github.com/doctrine/orm.git","type":"git","reference":"bc4ddbfb0114cb33438cc811c9a740d8aa304aab"},"dist":{"url":"https://api.github.com/repos/doctrine/orm/zipball/bc4ddbfb0114cb33438cc811c9a740d8aa304aab","type":"zip","shasum":"","reference":"bc4ddbfb0114cb33438cc811c9a740d8aa304aab"},"time":"2016-01-05T21:34:58+00:00","support":{"issues":"https://github.com/doctrine/orm/issues","source":"https://github.com/doctrine/orm/tree/v2.5.4"}},{"version":"v2.5.3","version_normalized":"2.5.3.0","source":{"url":"https://github.com/doctrine/orm.git","type":"git","reference":"d9fc5388f1aa1751a0e148e76b4569bd207338e9"},"dist":{"url":"https://api.github.com/repos/doctrine/orm/zipball/d9fc5388f1aa1751a0e148e76b4569bd207338e9","type":"zip","shasum":"","reference":"d9fc5388f1aa1751a0e148e76b4569bd207338e9"},"time":"2015-12-25T15:50:05+00:00","require-dev":{"symfony/yaml":"~2.3|~3.0","phpunit/phpunit":"~4.0","satooshi/php-coveralls":"dev-master"},"support":{"issues":"https://github.com/doctrine/orm/issues","source":"https://github.com/doctrine/orm/tree/v2.5.3"}},{"version":"v2.5.2","version_normalized":"2.5.2.0","source":{"url":"https://github.com/doctrine/orm.git","type":"git","reference":"464b5fdbfbbeb4a65465ac173c4c5d90960f41ff"},"dist":{"url":"https://api.github.com/repos/doctrine/orm/zipball/464b5fdbfbbeb4a65465ac173c4c5d90960f41ff","type":"zip","shasum":"","reference":"464b5fdbfbbeb4a65465ac173c4c5d90960f41ff"},"time":"2015-11-23T12:44:25+00:00","require":{"php":">=5.4","ext-pdo":"*","doctrine/collections":"~1.2","doctrine/dbal":">=2.5-dev,<2.6-dev","doctrine/instantiator":"~1.0.1","doctrine/common":">=2.5-dev,<2.6-dev","doctrine/cache":"~1.4","symfony/console":"~2.5|~3.0"},"support":{"issues":"https://github.com/doctrine/orm/issues","source":"https://github.com/doctrine/orm/tree/v2.5.2"}},{"version":"v2.5.1","version_normalized":"2.5.1.0","source":{"url":"https://github.com/doctrine/orm.git","type":"git","reference":"e6a83bedbe67579cb0bfb688e982e617943a2945"},"dist":{"url":"https://api.github.com/repos/doctrine/orm/zipball/e6a83bedbe67579cb0bfb688e982e617943a2945","type":"zip","shasum":"","reference":"e6a83bedbe67579cb0bfb688e982e617943a2945"},"time":"2015-08-31T12:59:39+00:00","require":{"php":">=5.4","ext-pdo":"*","doctrine/collections":"~1.2","doctrine/dbal":">=2.5-dev,<2.6-dev","doctrine/instantiator":"~1.0.1","doctrine/common":">=2.5-dev,<2.6-dev","doctrine/cache":"~1.4","symfony/console":"~2.5"},"require-dev":{"symfony/yaml":"~2.1","phpunit/phpunit":"~4.0","satooshi/php-coveralls":"dev-master"},"support":{"issues":"https://github.com/doctrine/orm/issues","source":"https://github.com/doctrine/orm/tree/v2.5.1"}},{"version":"v2.5.0","version_normalized":"2.5.0.0","source":{"url":"https://github.com/doctrine/orm.git","type":"git","reference":"aa80c7d2c55a372f5f9f825f5c66dbda53a6e3fe"},"dist":{"url":"https://api.github.com/repos/doctrine/orm/zipball/aa80c7d2c55a372f5f9f825f5c66dbda53a6e3fe","type":"zip","shasum":"","reference":"aa80c7d2c55a372f5f9f825f5c66dbda53a6e3fe"},"time":"2015-04-02T20:40:18+00:00","support":{"issues":"https://github.com/doctrine/orm/issues","source":"https://github.com/doctrine/orm/tree/v2.5.0"}},{"version":"v2.5.0-RC2","version_normalized":"2.5.0.0-RC2","source":{"url":"https://github.com/doctrine/orm.git","type":"git","reference":"afd0f28c5fba572956d3c50d11f8498798fed32e"},"dist":{"url":"https://api.github.com/repos/doctrine/orm/zipball/afd0f28c5fba572956d3c50d11f8498798fed32e","type":"zip","shasum":"","reference":"afd0f28c5fba572956d3c50d11f8498798fed32e"},"time":"2015-03-31T21:12:50+00:00","extra":{"branch-alias":{"dev-master":"2.5.x-dev"}},"support":{"issues":"https://github.com/doctrine/orm/issues","source":"https://github.com/doctrine/orm/tree/v2.5.0-RC2"}},{"version":"v2.5.0-RC1","version_normalized":"2.5.0.0-RC1","source":{"url":"https://github.com/doctrine/orm.git","type":"git","reference":"df902c9c6a684e16a97107be0118e7325b859cea"},"dist":{"url":"https://api.github.com/repos/doctrine/orm/zipball/df902c9c6a684e16a97107be0118e7325b859cea","type":"zip","shasum":"","reference":"df902c9c6a684e16a97107be0118e7325b859cea"},"time":"2015-03-25T23:14:52+00:00","support":{"issues":"https://github.com/doctrine/orm/issues","source":"https://github.com/doctrine/orm/tree/v2.5.0-RC1"}},{"version":"v2.5.0-beta1","version_normalized":"2.5.0.0-beta1","source":{"url":"https://github.com/doctrine/orm.git","type":"git","reference":"483d48cc54eb11c256b3c77380927d15edd57ba4"},"dist":{"url":"https://api.github.com/repos/doctrine/orm/zipball/483d48cc54eb11c256b3c77380927d15edd57ba4","type":"zip","shasum":"","reference":"483d48cc54eb11c256b3c77380927d15edd57ba4"},"time":"2015-03-18T22:38:18+00:00","support":{"issues":"https://github.com/doctrine/orm/issues","source":"https://github.com/doctrine/orm/tree/v2.5.0-beta1"}},{"version":"v2.5.0-alpha2","version_normalized":"2.5.0.0-alpha2","source":{"url":"https://github.com/doctrine/orm.git","type":"git","reference":"8f62728f4f4a1df2560688e8aae4d5f86d5660b0"},"dist":{"url":"https://api.github.com/repos/doctrine/orm/zipball/8f62728f4f4a1df2560688e8aae4d5f86d5660b0","type":"zip","shasum":"","reference":"8f62728f4f4a1df2560688e8aae4d5f86d5660b0"},"time":"2015-01-28T21:44:51+00:00","support":{"issues":"https://github.com/doctrine/orm/issues","source":"https://github.com/doctrine/orm/tree/v2.5.0-alpha2"}},{"version":"v2.5.0-alpha1","version_normalized":"2.5.0.0-alpha1","source":{"url":"https://github.com/doctrine/orm.git","type":"git","reference":"4d70c195c11a234976d9fba3228363f0fd1e3001"},"dist":{"url":"https://api.github.com/repos/doctrine/orm/zipball/4d70c195c11a234976d9fba3228363f0fd1e3001","type":"zip","shasum":"","reference":"4d70c195c11a234976d9fba3228363f0fd1e3001"},"time":"2015-01-18T02:09:44+00:00","support":{"issues":"https://github.com/doctrine/orm/issues","source":"https://github.com/doctrine/orm/tree/v2.5.0-alpha1"}},{"version":"v2.4.8","version_normalized":"2.4.8.0","source":{"url":"https://github.com/doctrine/orm.git","type":"git","reference":"5aedac1e5c5caaeac14798822c70325dc242d467"},"dist":{"url":"https://api.github.com/repos/doctrine/orm/zipball/5aedac1e5c5caaeac14798822c70325dc242d467","type":"zip","shasum":"","reference":"5aedac1e5c5caaeac14798822c70325dc242d467"},"time":"2015-08-31T13:19:01+00:00","extra":{"branch-alias":{"dev-master":"2.4.x-dev"}},"require":{"php":">=5.3.2","ext-pdo":"*","doctrine/collections":"~1.1","doctrine/dbal":"~2.4","symfony/console":"~2.0"},"require-dev":{"symfony/yaml":"~2.1","satooshi/php-coveralls":"dev-master"},"support":{"issues":"https://github.com/doctrine/orm/issues","source":"https://github.com/doctrine/orm/tree/v2.4.8"}},{"version":"v2.4.7","version_normalized":"2.4.7.0","source":{"url":"https://github.com/doctrine/orm.git","type":"git","reference":"2bc4ff3cab2ae297bcd05f2e619d42e6a7ca9e68"},"dist":{"url":"https://api.github.com/repos/doctrine/orm/zipball/2bc4ff3cab2ae297bcd05f2e619d42e6a7ca9e68","type":"zip","shasum":"","reference":"2bc4ff3cab2ae297bcd05f2e619d42e6a7ca9e68"},"time":"2014-12-16T13:45:01+00:00","support":{"issues":"https://github.com/doctrine/orm/issues","source":"https://github.com/doctrine/orm/tree/v2.4.7"}},{"version":"v2.4.6","version_normalized":"2.4.6.0","source":{"url":"https://github.com/doctrine/orm.git","type":"git","reference":"bebacf79d8d4dae9168f0f9bc6811e6c2cb6a4d9"},"dist":{"url":"https://api.github.com/repos/doctrine/orm/zipball/bebacf79d8d4dae9168f0f9bc6811e6c2cb6a4d9","type":"zip","shasum":"","reference":"bebacf79d8d4dae9168f0f9bc6811e6c2cb6a4d9"},"time":"2014-10-06T13:22:50+00:00","support":{"issues":"https://github.com/doctrine/orm/issues","source":"https://github.com/doctrine/orm/tree/v2.4.6"}},{"version":"v2.4.5","version_normalized":"2.4.5.0","source":{"url":"https://github.com/doctrine/orm.git","type":"git","reference":"c0d3cdbdfbf873871167050ab077e49b1ad02ab0"},"dist":{"url":"https://api.github.com/repos/doctrine/orm/zipball/c0d3cdbdfbf873871167050ab077e49b1ad02ab0","type":"zip","shasum":"","reference":"c0d3cdbdfbf873871167050ab077e49b1ad02ab0"},"time":"2014-09-22T21:58:51+00:00","support":{"issues":"https://github.com/doctrine/orm/issues","source":"https://github.com/doctrine/orm/tree/v2.4.5"}},{"version":"v2.4.4","version_normalized":"2.4.4.0","source":{"url":"https://github.com/doctrine/orm.git","type":"git","reference":"fc19c3b53dcd00e6584db40669fdd699c4671f97"},"dist":{"url":"https://api.github.com/repos/doctrine/orm/zipball/fc19c3b53dcd00e6584db40669fdd699c4671f97","type":"zip","shasum":"","reference":"fc19c3b53dcd00e6584db40669fdd699c4671f97"},"time":"2014-07-11T03:05:53+00:00","support":{"issues":"https://github.com/doctrine/orm/issues","source":"https://github.com/doctrine/orm/tree/v2.4.4"}},{"version":"v2.4.3","version_normalized":"2.4.3.0","source":{"url":"https://github.com/doctrine/orm.git","type":"git","reference":"8a13376d42b5ea467727ffe730aa0e14ca3c5e29"},"dist":{"url":"https://api.github.com/repos/doctrine/orm/zipball/8a13376d42b5ea467727ffe730aa0e14ca3c5e29","type":"zip","shasum":"","reference":"8a13376d42b5ea467727ffe730aa0e14ca3c5e29"},"time":"2014-06-10T11:49:08+00:00","support":{"issues":"https://github.com/doctrine/orm/issues","source":"https://github.com/doctrine/orm/tree/v2.4.3"}},{"version":"v2.4.2","version_normalized":"2.4.2.0","source":{"url":"https://github.com/doctrine/orm.git","type":"git","reference":"0363a5548d9263f979f9ca149decb9cfc66419ab"},"dist":{"url":"https://api.github.com/repos/doctrine/orm/zipball/0363a5548d9263f979f9ca149decb9cfc66419ab","type":"zip","shasum":"","reference":"0363a5548d9263f979f9ca149decb9cfc66419ab"},"time":"2014-02-08T16:35:09+00:00","support":{"issues":"https://github.com/doctrine/orm/issues","source":"https://github.com/doctrine/orm/tree/v2.4.2"}},{"version":"v2.4.1","version_normalized":"2.4.1.0","source":{"url":"https://github.com/doctrine/orm.git","type":"git","reference":"84373d05a4198ec380918d535abf83c454c3867f"},"dist":{"url":"https://api.github.com/repos/doctrine/orm/zipball/84373d05a4198ec380918d535abf83c454c3867f","type":"zip","shasum":"","reference":"84373d05a4198ec380918d535abf83c454c3867f"},"time":"2013-11-12T12:40:13+00:00","support":{"issues":"https://github.com/doctrine/orm/issues","source":"https://github.com/doctrine/orm/tree/v2.4.1"}},{"version":"v2.4.0","version_normalized":"2.4.0.0","source":{"url":"https://github.com/doctrine/orm.git","type":"git","reference":"57705e0d781719b96daf322a6d6f66ff21e3cdc9"},"dist":{"url":"https://api.github.com/repos/doctrine/orm/zipball/57705e0d781719b96daf322a6d6f66ff21e3cdc9","type":"zip","shasum":"","reference":"57705e0d781719b96daf322a6d6f66ff21e3cdc9"},"time":"2013-09-07T16:19:56+00:00","support":{"issues":"https://github.com/doctrine/orm/issues","source":"https://github.com/doctrine/orm/tree/v2.4.0"}},{"version":"2.4.0-RC2","version_normalized":"2.4.0.0-RC2","source":{"url":"https://github.com/doctrine/orm.git","type":"git","reference":"29d6da0fa063d55d06117045f3446b2716202d2b"},"dist":{"url":"https://api.github.com/repos/doctrine/orm/zipball/29d6da0fa063d55d06117045f3446b2716202d2b","type":"zip","shasum":"","reference":"29d6da0fa063d55d06117045f3446b2716202d2b"},"time":"2013-06-30T08:38:02+00:00","require":{"php":">=5.3.2","ext-pdo":"*","doctrine/dbal":">=2.4-beta,<2.5-dev","symfony/console":"2.*","doctrine/collections":"~1.1"},"require-dev":{"symfony/yaml":"2.1","satooshi/php-coveralls":"dev-master"},"support":{"issues":"https://github.com/doctrine/orm/issues","source":"https://github.com/doctrine/orm/tree/2.4.0-RC2"}},{"version":"2.4.0-RC1","version_normalized":"2.4.0.0-RC1","source":{"url":"https://github.com/doctrine/orm.git","type":"git","reference":"6bc18402e2f2acb7735b770cbd42e183a57b7400"},"dist":{"url":"https://api.github.com/repos/doctrine/orm/zipball/6bc18402e2f2acb7735b770cbd42e183a57b7400","type":"zip","shasum":"","reference":"6bc18402e2f2acb7735b770cbd42e183a57b7400"},"time":"2013-05-27T19:47:16+00:00","require-dev":{"symfony/yaml":"2.1"},"support":{"issues":"https://github.com/doctrine/orm/issues","source":"https://github.com/doctrine/orm/tree/2.4.0-RC1"}},{"version":"2.4.0-BETA2","version_normalized":"2.4.0.0-beta2","source":{"url":"https://github.com/doctrine/orm.git","type":"git","reference":"eb1a162cbc003186c346f7c0b8b58093380c2fe9"},"dist":{"url":"https://api.github.com/repos/doctrine/orm/zipball/eb1a162cbc003186c346f7c0b8b58093380c2fe9","type":"zip","shasum":"","reference":"eb1a162cbc003186c346f7c0b8b58093380c2fe9"},"time":"2013-05-10T21:31:27+00:00","support":{"issues":"https://github.com/doctrine/orm/issues","source":"https://github.com/doctrine/orm/tree/2.4.0-BETA2"}},{"version":"2.4.0-BETA1","version_normalized":"2.4.0.0-beta1","source":{"url":"https://github.com/doctrine/orm.git","type":"git","reference":"827f1f84cb3856d72c53e8cbfd0c90eeef04f7d9"},"dist":{"url":"https://api.github.com/repos/doctrine/orm/zipball/827f1f84cb3856d72c53e8cbfd0c90eeef04f7d9","type":"zip","shasum":"","reference":"827f1f84cb3856d72c53e8cbfd0c90eeef04f7d9"},"time":"2013-03-24T18:58:19+00:00","support":{"issues":"https://github.com/doctrine/orm/issues","source":"https://github.com/doctrine/orm/tree/2.4.0-BETA1"},"require-dev":"__unset"},{"version":"v2.3.6","version_normalized":"2.3.6.0","source":{"url":"https://github.com/doctrine/orm.git","type":"git","reference":"c2135b38216c6c8a410e764792aa368e946f2ae5"},"dist":{"url":"https://api.github.com/repos/doctrine/orm/zipball/c2135b38216c6c8a410e764792aa368e946f2ae5","type":"zip","shasum":"","reference":"c2135b38216c6c8a410e764792aa368e946f2ae5"},"time":"2014-06-03T19:53:45+00:00","autoload":{"psr-0":{"Doctrine\\ORM":"lib/"}},"extra":{"branch-alias":{"dev-master":"2.3.x-dev"}},"require":{"php":">=5.3.2","ext-pdo":"*","doctrine/dbal":"2.3.*","symfony/console":"2.*"},"support":{"issues":"https://github.com/doctrine/orm/issues","source":"https://github.com/doctrine/orm/tree/v2.3.6"}},{"version":"2.3.5","version_normalized":"2.3.5.0","source":{"url":"https://github.com/doctrine/orm.git","type":"git","reference":"2c31ec4809a28a549bf22d7cb7504add98156cd6"},"dist":{"url":"https://api.github.com/repos/doctrine/orm/zipball/2c31ec4809a28a549bf22d7cb7504add98156cd6","type":"zip","shasum":"","reference":"2c31ec4809a28a549bf22d7cb7504add98156cd6"},"time":"2014-02-08T16:28:24+00:00","support":{"issues":"https://github.com/doctrine/orm/issues","source":"https://github.com/doctrine/orm/tree/2.3.5"}},{"version":"2.3.4","version_normalized":"2.3.4.0","source":{"url":"https://github.com/doctrine/orm.git","type":"git","reference":"a41b02c080114c0de3da4ee9fba61f7d18fae7d0"},"dist":{"url":"https://api.github.com/repos/doctrine/orm/zipball/a41b02c080114c0de3da4ee9fba61f7d18fae7d0","type":"zip","shasum":"","reference":"a41b02c080114c0de3da4ee9fba61f7d18fae7d0"},"time":"2013-05-11T07:51:12+00:00","support":{"issues":"https://github.com/doctrine/orm/issues","source":"https://github.com/doctrine/orm/tree/2.3.4"}},{"version":"2.3.3","version_normalized":"2.3.3.0","source":{"url":"https://github.com/doctrine/orm.git","type":"git","reference":"b3788c14ee9834a66a4e37d5d699b24a41e361c7"},"dist":{"url":"https://api.github.com/repos/doctrine/orm/zipball/b3788c14ee9834a66a4e37d5d699b24a41e361c7","type":"zip","shasum":"","reference":"b3788c14ee9834a66a4e37d5d699b24a41e361c7"},"time":"2013-03-24T20:43:58+00:00","support":{"issues":"https://github.com/doctrine/orm/issues","source":"https://github.com/doctrine/orm/tree/2.3.3"}},{"version":"2.3.2","version_normalized":"2.3.2.0","source":{"url":"https://github.com/doctrine/orm.git","type":"git","reference":"c5725dd6bb3e573af82587e0ffaa59fed7a84cb5"},"dist":{"url":"https://api.github.com/repos/doctrine/orm/zipball/c5725dd6bb3e573af82587e0ffaa59fed7a84cb5","type":"zip","shasum":"","reference":"c5725dd6bb3e573af82587e0ffaa59fed7a84cb5"},"time":"2013-01-07T20:05:04+00:00","support":{"issues":"https://github.com/doctrine/orm/issues","source":"https://github.com/doctrine/orm/tree/2.3.2"}},{"version":"2.3.1","version_normalized":"2.3.1.0","source":{"url":"https://github.com/doctrine/orm.git","type":"git","reference":"173b398b348a6c5654a7078f9d14e81a352ad9eb"},"dist":{"url":"https://api.github.com/repos/doctrine/orm/zipball/173b398b348a6c5654a7078f9d14e81a352ad9eb","type":"zip","shasum":"","reference":"173b398b348a6c5654a7078f9d14e81a352ad9eb"},"time":"2012-12-04T22:04:25+00:00","support":{"issues":"https://github.com/doctrine/orm/issues","source":"https://github.com/doctrine/orm/tree/2.3.1"}},{"version":"2.3.0","version_normalized":"2.3.0.0","source":{"url":"https://github.com/doctrine/orm.git","type":"git","reference":"b5e19dca182ee4c21dd26d14b2d707cd4ad4e95e"},"dist":{"url":"https://api.github.com/repos/doctrine/orm/zipball/b5e19dca182ee4c21dd26d14b2d707cd4ad4e95e","type":"zip","shasum":"","reference":"b5e19dca182ee4c21dd26d14b2d707cd4ad4e95e"},"time":"2012-09-20T06:03:34+00:00","support":{"issues":"https://github.com/doctrine/orm/issues","source":"https://github.com/doctrine/orm/tree/2.3.0"}},{"version":"2.3.0-RC4","version_normalized":"2.3.0.0-RC4","source":{"url":"https://github.com/doctrine/orm.git","type":"git","reference":"477642a17181985df55a99f7946252229ab84aef"},"dist":{"url":"https://api.github.com/repos/doctrine/orm/zipball/477642a17181985df55a99f7946252229ab84aef","type":"zip","shasum":"","reference":"477642a17181985df55a99f7946252229ab84aef"},"time":"2012-09-17T12:09:09+00:00","support":{"issues":"https://github.com/doctrine/orm/issues","source":"https://github.com/doctrine/orm/tree/2.3.0-RC4"}},{"version":"2.3.0-RC3","version_normalized":"2.3.0.0-RC3","source":{"url":"https://github.com/doctrine/orm.git","type":"git","reference":"a96bbbbe0a35cfae93c1eac79e68176be55106d0"},"dist":{"url":"https://api.github.com/repos/doctrine/orm/zipball/a96bbbbe0a35cfae93c1eac79e68176be55106d0","type":"zip","shasum":"","reference":"a96bbbbe0a35cfae93c1eac79e68176be55106d0"},"time":"2012-09-05T18:16:47+00:00","support":{"issues":"https://github.com/doctrine/orm/issues","source":"https://github.com/doctrine/orm/tree/2.3.0-RC3"}},{"version":"2.3.0-RC2","version_normalized":"2.3.0.0-RC2","source":{"url":"https://github.com/doctrine/orm.git","type":"git","reference":"9308afc9a58e97e258ddac82f5d9835f645067f6"},"dist":{"url":"https://api.github.com/repos/doctrine/orm/zipball/9308afc9a58e97e258ddac82f5d9835f645067f6","type":"zip","shasum":"","reference":"9308afc9a58e97e258ddac82f5d9835f645067f6"},"time":"2012-08-29T14:36:26+00:00","support":{"issues":"https://github.com/doctrine/orm/issues","source":"https://github.com/doctrine/orm/tree/2.3.0-RC2"}},{"version":"2.3.0-RC1","version_normalized":"2.3.0.0-RC1","source":{"url":"https://github.com/doctrine/orm.git","type":"git","reference":"5527e121ece5180001aa788093141614150e5285"},"dist":{"url":"https://api.github.com/repos/doctrine/orm/zipball/5527e121ece5180001aa788093141614150e5285","type":"zip","shasum":"","reference":"5527e121ece5180001aa788093141614150e5285"},"time":"2012-07-29T11:03:10+00:00","support":{"issues":"https://github.com/doctrine/orm/issues","source":"https://github.com/doctrine/orm/tree/2.3.0-RC1"}},{"version":"2.3.0-BETA1","version_normalized":"2.3.0.0-beta1","source":{"url":"https://github.com/doctrine/orm.git","type":"git","reference":"816f7099507b7227f92042de1f0b6f0fc5d05f85"},"dist":{"url":"https://api.github.com/repos/doctrine/orm/zipball/816f7099507b7227f92042de1f0b6f0fc5d05f85","type":"zip","shasum":"","reference":"816f7099507b7227f92042de1f0b6f0fc5d05f85"},"time":"2012-07-16T13:23:33+00:00","support":{"issues":"https://github.com/doctrine/orm/issues","source":"https://github.com/doctrine/orm/tree/2.3.0-BETA1"}},{"version":"2.2.3","version_normalized":"2.2.3.0","license":["LGPL"],"source":{"url":"https://github.com/doctrine/orm.git","type":"git","reference":"a65377a5707cd55df873e16c6b8f1bbc100f97ee"},"dist":{"url":"https://api.github.com/repos/doctrine/orm/zipball/a65377a5707cd55df873e16c6b8f1bbc100f97ee","type":"zip","shasum":"","reference":"a65377a5707cd55df873e16c6b8f1bbc100f97ee"},"time":"2012-07-29T11:22:34+00:00","require":{"php":">=5.3.2","ext-pdo":"*","doctrine/common":"2.2.*","doctrine/dbal":"2.2.*"},"support":{"issues":"https://github.com/doctrine/orm/issues","source":"https://github.com/doctrine/orm/tree/2.2.3"},"bin":"__unset","suggest":"__unset","extra":"__unset"},{"version":"2.2.2","version_normalized":"2.2.2.0","source":{"url":"https://github.com/doctrine/orm.git","type":"git","reference":"4e9438ba600985c963624ed76599be2199cb3714"},"dist":{"url":"https://api.github.com/repos/doctrine/orm/zipball/4e9438ba600985c963624ed76599be2199cb3714","type":"zip","shasum":"","reference":"4e9438ba600985c963624ed76599be2199cb3714"},"time":"2012-04-13T08:02:34+00:00","require":{"php":">=5.3.2","ext-pdo":"*","doctrine/common":">=2.2.0,<2.2.99","doctrine/dbal":">=2.2.1,<2.2.99"},"support":{"issues":"https://github.com/doctrine/orm/issues","source":"https://github.com/doctrine/orm/tree/2.2.2"}},{"version":"2.2.1","version_normalized":"2.2.1.0","source":{"url":"https://github.com/doctrine/orm.git","type":"git","reference":"78fa740b9412c5fa55e98c4f8a5bb2432e6beea6"},"dist":{"url":"https://api.github.com/repos/doctrine/orm/zipball/78fa740b9412c5fa55e98c4f8a5bb2432e6beea6","type":"zip","shasum":"","reference":"78fa740b9412c5fa55e98c4f8a5bb2432e6beea6"},"time":"2012-03-03T21:26:27+00:00","support":{"issues":"https://github.com/doctrine/orm/issues","source":"https://github.com/doctrine/orm/tree/2.2.1"}},{"version":"2.2.0","version_normalized":"2.2.0.0","source":{"url":"https://github.com/doctrine/orm.git","type":"git","reference":"d679154fba1e203e898eb35894b40c700d7aceea"},"dist":{"url":"https://api.github.com/repos/doctrine/orm/zipball/d679154fba1e203e898eb35894b40c700d7aceea","type":"zip","shasum":"","reference":"d679154fba1e203e898eb35894b40c700d7aceea"},"time":"2012-01-29T16:04:23+00:00","support":{"issues":"https://github.com/doctrine/orm/issues","source":"https://github.com/doctrine/orm/tree/2.2.0"}},{"version":"2.2.0-RC1","version_normalized":"2.2.0.0-RC1","source":{"url":"https://github.com/doctrine/orm.git","type":"git","reference":"e44289dbdba16fe56120ec9692651e526a4223f2"},"dist":{"url":"https://api.github.com/repos/doctrine/orm/zipball/e44289dbdba16fe56120ec9692651e526a4223f2","type":"zip","shasum":"","reference":"e44289dbdba16fe56120ec9692651e526a4223f2"},"time":"2012-01-22T16:54:32+00:00","require":{"php":">=5.3.2","ext-pdo":"*","doctrine/common":">=2.2-dev,<2.3-dev","doctrine/dbal":">=2.2-dev,<2.3-dev"},"support":{"issues":"https://github.com/doctrine/orm/issues","source":"https://github.com/doctrine/orm/tree/2.2.0-RC1"}},{"version":"2.2.0-BETA2","version_normalized":"2.2.0.0-beta2","source":{"url":"https://github.com/doctrine/orm.git","type":"git","reference":"8d3d604ed308bcda1249d716e9da691f539ee62b"},"dist":{"url":"https://api.github.com/repos/doctrine/orm/zipball/8d3d604ed308bcda1249d716e9da691f539ee62b","type":"zip","shasum":"","reference":"8d3d604ed308bcda1249d716e9da691f539ee62b"},"time":"2012-01-03T21:27:03+00:00","require":{"php":">=5.3.2","ext-pdo":"*","doctrine/common":"master-dev","doctrine/dbal":"master-dev"},"support":{"issues":"https://github.com/doctrine/orm/issues","source":"https://github.com/doctrine/orm/tree/2.2.0-BETA2"}},{"version":"2.2.0-BETA1","version_normalized":"2.2.0.0-beta1","source":{"url":"https://github.com/doctrine/orm.git","type":"git","reference":"6136654dad148f914c113ca7e101e0316da18047"},"dist":{"url":"https://api.github.com/repos/doctrine/orm/zipball/6136654dad148f914c113ca7e101e0316da18047","type":"zip","shasum":"","reference":"6136654dad148f914c113ca7e101e0316da18047"},"time":"2011-12-20T21:39:27+00:00","support":{"issues":"https://github.com/doctrine/orm/issues","source":"https://github.com/doctrine/orm/tree/2.2.0-BETA1"}},{"version":"2.1.7","version_normalized":"2.1.7.0","source":{"url":"https://github.com/doctrine/orm.git","type":"git","reference":"03d2b0f30c35d313339478d24337dd1a28a2f2f2"},"dist":{"url":"https://api.github.com/repos/doctrine/orm/zipball/03d2b0f30c35d313339478d24337dd1a28a2f2f2","type":"zip","shasum":"","reference":"03d2b0f30c35d313339478d24337dd1a28a2f2f2"},"time":"2012-05-27T22:01:53+00:00","require":{"php":">=5.3.2","ext-pdo":"*","doctrine/common":"2.1.*","doctrine/dbal":"2.1.*"},"support":{"issues":"https://github.com/doctrine/orm/issues","source":"https://github.com/doctrine/orm/tree/2.1.7"}},{"version":"2.1.6","version_normalized":"2.1.6.0","source":{"url":"https://github.com/doctrine/orm.git","type":"git","reference":"e1647229cd2544bd77f10620e1b95a5781c4a733"},"dist":{"url":"https://api.github.com/repos/doctrine/orm/zipball/e1647229cd2544bd77f10620e1b95a5781c4a733","type":"zip","shasum":"","reference":"e1647229cd2544bd77f10620e1b95a5781c4a733"},"time":"2012-01-29T16:53:01+00:00","support":{"issues":"https://github.com/doctrine/orm/issues","source":"https://github.com/doctrine/orm/tree/2.1.6"}},{"version":"2.1.5","version_normalized":"2.1.5.0","source":{"url":"https://github.com/doctrine/orm.git","type":"git","reference":"da0e3439aba4c8bf5e8a6ee4ccee5ce2624be8d1"},"dist":{"url":"https://api.github.com/repos/doctrine/orm/zipball/da0e3439aba4c8bf5e8a6ee4ccee5ce2624be8d1","type":"zip","shasum":"","reference":"da0e3439aba4c8bf5e8a6ee4ccee5ce2624be8d1"},"time":"2011-12-19T18:27:12+00:00","support":{"issues":"https://github.com/doctrine/orm/issues","source":"https://github.com/doctrine/orm/tree/2.1.5"}},{"version":"2.1.4","version_normalized":"2.1.4.0","source":{"url":"https://github.com/doctrine/orm.git","type":"git","reference":"bff55577cd7df5924dcc43a237993f2d052316f2"},"dist":{"url":"https://api.github.com/repos/doctrine/orm/zipball/bff55577cd7df5924dcc43a237993f2d052316f2","type":"zip","shasum":"","reference":"bff55577cd7df5924dcc43a237993f2d052316f2"},"time":"2011-11-23T19:44:26+00:00","support":{"issues":"https://github.com/doctrine/orm/issues","source":"https://github.com/doctrine/orm/tree/2.1.4"}},{"version":"2.1.3","version_normalized":"2.1.3.0","source":{"url":"https://github.com/doctrine/orm.git","type":"git","reference":"692f423047bf45aa24c258043ecfe469d9fffa2f"},"dist":{"url":"https://api.github.com/repos/doctrine/orm/zipball/692f423047bf45aa24c258043ecfe469d9fffa2f","type":"zip","shasum":"","reference":"692f423047bf45aa24c258043ecfe469d9fffa2f"},"time":"2011-11-21T15:08:06+00:00","support":{"issues":"https://github.com/doctrine/orm/issues","source":"https://github.com/doctrine/orm/tree/2.1.3"}}]},"security-advisories":[{"advisoryId":"PKSA-gj1k-7mxq-7hb1","affectedVersions":">=2.8.3,<2.8.4"},{"advisoryId":"PKSA-jy54-yvht-xb5x","affectedVersions":">=2.0.0,<2.4.8|>=2.5.0,<2.5.1"},{"advisoryId":"PKSA-1w2c-vck2-5d2w","affectedVersions":">=2.0.0,<2.0.3"}],"last-modified":"Mon, 08 Aug 2022 09:02:41 GMT"}