{"minified":"composer/2.0","packages":{"doctrine/event-manager":[{"name":"doctrine/event-manager","description":"The Doctrine Event Manager is a simple PHP event system that was built to be used with the various Doctrine projects.","keywords":["event","events","event dispatcher","event manager","event system"],"homepage":"https://www.doctrine-project.org/projects/event-manager.html","version":"1.1.2","version_normalized":"1.1.2.0","license":["MIT"],"authors":[{"name":"Guilherme Blanco","email":"guilhermeblanco@gmail.com"},{"name":"Roman Borschel","email":"roman@code-factory.org"},{"name":"Benjamin Eberlei","email":"kontakt@beberlei.de"},{"name":"Jonathan Wage","email":"jonwage@gmail.com"},{"name":"Johannes Schmitt","email":"schmittjoh@gmail.com"},{"name":"Marco Pivetta","email":"ocramius@gmail.com"}],"source":{"url":"https://github.com/doctrine/event-manager.git","type":"git","reference":"eb2ecf80e3093e8f3c2769ac838e27d8ede8e683"},"dist":{"url":"https://api.github.com/repos/doctrine/event-manager/zipball/eb2ecf80e3093e8f3c2769ac838e27d8ede8e683","type":"zip","shasum":"","reference":"eb2ecf80e3093e8f3c2769ac838e27d8ede8e683"},"type":"library","funding":[{"url":"https://www.doctrine-project.org/sponsorship.html","type":"custom"},{"url":"https://www.patreon.com/phpdoctrine","type":"patreon"},{"url":"https://tidelift.com/funding/github/packagist/doctrine%2Fevent-manager","type":"tidelift"}],"time":"2022-07-27T22:18:11+00:00","autoload":{"psr-4":{"Doctrine\\Common\\":"lib/Doctrine/Common"}},"require":{"php":"^7.1 || ^8.0"},"require-dev":{"doctrine/coding-standard":"^9","phpstan/phpstan":"~1.4.10 || ^1.5.4","phpunit/phpunit":"^7.5 || ^8.5 || ^9.5","vimeo/psalm":"^4.22"},"conflict":{"doctrine/common":"<2.9"},"support":{"issues":"https://github.com/doctrine/event-manager/issues","source":"https://github.com/doctrine/event-manager/tree/1.1.2"}},{"version":"1.1.1","version_normalized":"1.1.1.0","source":{"url":"https://github.com/doctrine/event-manager.git","type":"git","reference":"41370af6a30faa9dc0368c4a6814d596e81aba7f"},"dist":{"url":"https://api.github.com/repos/doctrine/event-manager/zipball/41370af6a30faa9dc0368c4a6814d596e81aba7f","type":"zip","shasum":"","reference":"41370af6a30faa9dc0368c4a6814d596e81aba7f"},"time":"2020-05-29T18:28:51+00:00","extra":{"branch-alias":{"dev-master":"1.0.x-dev"}},"require-dev":{"doctrine/coding-standard":"^6.0","phpunit/phpunit":"^7.0"},"conflict":{"doctrine/common":"<2.9@dev"},"support":{"issues":"https://github.com/doctrine/event-manager/issues","source":"https://github.com/doctrine/event-manager/tree/1.1.x"}},{"version":"1.1.0","version_normalized":"1.1.0.0","source":{"url":"https://github.com/doctrine/event-manager.git","type":"git","reference":"629572819973f13486371cb611386eb17851e85c"},"dist":{"url":"https://api.github.com/repos/doctrine/event-manager/zipball/629572819973f13486371cb611386eb17851e85c","type":"zip","shasum":"","reference":"629572819973f13486371cb611386eb17851e85c"},"time":"2019-11-10T09:48:07+00:00","require":{"php":"^7.1"},"support":{"issues":"https://github.com/doctrine/event-manager/issues","source":"https://github.com/doctrine/event-manager/tree/1.1.0"},"funding":"__unset"},{"description":"Doctrine Event Manager component","keywords":["eventmanager","event","eventdispatcher"],"version":"v1.0.0","version_normalized":"1.0.0.0","authors":[{"name":"Roman Borschel","email":"roman@code-factory.org"},{"name":"Benjamin Eberlei","email":"kontakt@beberlei.de"},{"name":"Guilherme Blanco","email":"guilhermeblanco@gmail.com"},{"name":"Jonathan Wage","email":"jonwage@gmail.com"},{"name":"Johannes Schmitt","email":"schmittjoh@gmail.com"},{"name":"Marco Pivetta","email":"ocramius@gmail.com"}],"source":{"url":"https://github.com/doctrine/event-manager.git","type":"git","reference":"a520bc093a0170feeb6b14e9d83f3a14452e64b3"},"dist":{"url":"https://api.github.com/repos/doctrine/event-manager/zipball/a520bc093a0170feeb6b14e9d83f3a14452e64b3","type":"zip","shasum":"","reference":"a520bc093a0170feeb6b14e9d83f3a14452e64b3"},"time":"2018-06-11T11:59:03+00:00","require-dev":{"phpunit/phpunit":"^7.0","doctrine/coding-standard":"^4.0"},"support":{"issues":"https://github.com/doctrine/event-manager/issues","source":"https://github.com/doctrine/event-manager/tree/master"}}]},"security-advisories":[],"last-modified":"Wed, 27 Jul 2022 22:25:42 GMT"}