{"minified":"composer/2.0","packages":{"composer/metadata-minifier":[{"name":"composer/metadata-minifier","description":"Small utility library that handles metadata minification and expansion.","keywords":["compression","composer"],"homepage":"","version":"1.0.0","version_normalized":"1.0.0.0","license":["MIT"],"authors":[{"name":"Jordi Boggiano","email":"j.boggiano@seld.be","homepage":"http://seld.be"}],"source":{"url":"https://github.com/composer/metadata-minifier.git","type":"git","reference":"c549d23829536f0d0e984aaabbf02af91f443207"},"dist":{"url":"https://api.github.com/repos/composer/metadata-minifier/zipball/c549d23829536f0d0e984aaabbf02af91f443207","type":"zip","shasum":"","reference":"c549d23829536f0d0e984aaabbf02af91f443207"},"type":"library","funding":[{"url":"https://packagist.com","type":"custom"},{"url":"https://github.com/composer","type":"github"},{"url":"https://tidelift.com/funding/github/packagist/composer/composer","type":"tidelift"}],"time":"2021-04-07T13:37:33+00:00","autoload":{"psr-4":{"Composer\\MetadataMinifier\\":"src"}},"extra":{"branch-alias":{"dev-main":"1.x-dev"}},"require":{"php":"^5.3.2 || ^7.0 || ^8.0"},"require-dev":{"symfony/phpunit-bridge":"^4.2 || ^5","phpstan/phpstan":"^0.12.55","composer/composer":"^2"},"support":{"issues":"https://github.com/composer/metadata-minifier/issues","source":"https://github.com/composer/metadata-minifier/tree/1.0.0"}}]},"security-advisories":[],"last-modified":"Thu, 07 Jul 2022 16:34:48 GMT"}