{"minified":"composer/2.0","packages":{"league/uri-interfaces":[{"name":"league/uri-interfaces","description":"Common interface for URI representation","keywords":["url","uri","rfc3986","rfc3987"],"homepage":"http://github.com/thephpleague/uri-interfaces","version":"2.3.0","version_normalized":"2.3.0.0","license":["MIT"],"authors":[{"name":"Ignace Nyamagana Butera","email":"nyamsprod@gmail.com","homepage":"https://nyamsprod.com"}],"source":{"url":"https://github.com/thephpleague/uri-interfaces.git","type":"git","reference":"00e7e2943f76d8cb50c7dfdc2f6dee356e15e383"},"dist":{"url":"https://api.github.com/repos/thephpleague/uri-interfaces/zipball/00e7e2943f76d8cb50c7dfdc2f6dee356e15e383","type":"zip","shasum":"","reference":"00e7e2943f76d8cb50c7dfdc2f6dee356e15e383"},"type":"library","funding":[{"url":"https://github.com/sponsors/nyamsprod","type":"github"}],"time":"2021-06-28T04:27:21+00:00","autoload":{"psr-4":{"League\\Uri\\":"src/"}},"extra":{"branch-alias":{"dev-master":"2.x-dev"}},"require":{"php":"^7.2 || ^8.0","ext-json":"*"},"require-dev":{"friendsofphp/php-cs-fixer":"^2.19","phpstan/phpstan":"^0.12.90","phpstan/phpstan-strict-rules":"^0.12.9","phpstan/phpstan-phpunit":"^0.12.19","phpunit/phpunit":"^8.5.15 || ^9.5"},"suggest":{"ext-intl":"to use the IDNA feature","symfony/intl":"to use the IDNA feature via Symfony Polyfill"},"support":{"issues":"https://github.com/thephpleague/uri-interfaces/issues","source":"https://github.com/thephpleague/uri-interfaces/tree/2.3.0"}},{"version":"2.2.0","version_normalized":"2.2.0.0","source":{"url":"https://github.com/thephpleague/uri-interfaces.git","type":"git","reference":"667f150e589d65d79c89ffe662e426704f84224f"},"dist":{"url":"https://api.github.com/repos/thephpleague/uri-interfaces/zipball/667f150e589d65d79c89ffe662e426704f84224f","type":"zip","shasum":"","reference":"667f150e589d65d79c89ffe662e426704f84224f"},"time":"2020-10-31T13:45:51+00:00","require":{"php":"^7.1 || ^8.0","ext-json":"*"},"require-dev":{"friendsofphp/php-cs-fixer":"^2.0","phpstan/phpstan":"^0.12","phpstan/phpstan-strict-rules":"^0.12","phpstan/phpstan-phpunit":"^0.12"},"support":{"issues":"https://github.com/thephpleague/uri-interfaces/issues","source":"https://github.com/thephpleague/uri-interfaces/tree/2.2.0"},"suggest":"__unset"},{"version":"2.1.0","version_normalized":"2.1.0.0","source":{"url":"https://github.com/thephpleague/uri-interfaces.git","type":"git","reference":"0068a469958895ceaf3afcb489c0258adfa1e406"},"dist":{"url":"https://api.github.com/repos/thephpleague/uri-interfaces/zipball/0068a469958895ceaf3afcb489c0258adfa1e406","type":"zip","shasum":"","reference":"0068a469958895ceaf3afcb489c0258adfa1e406"},"time":"2020-02-08T12:10:37+00:00","require":{"php":"^7.1","ext-json":"*"},"require-dev":{"friendsofphp/php-cs-fixer":"^2.0","phpunit/phpunit":"^7.0|^8.0","phpstan/phpstan":"^0.12","phpstan/phpstan-strict-rules":"^0.12","phpstan/phpstan-phpunit":"^0.12"},"support":{"issues":"https://github.com/thephpleague/uri-interfaces/issues","source":"https://github.com/thephpleague/uri-interfaces/tree/master"},"funding":"__unset"},{"version":"2.0.1","version_normalized":"2.0.1.0","source":{"url":"https://github.com/thephpleague/uri-interfaces.git","type":"git","reference":"ae2601a183ad14b73628a305c0f906c030757b39"},"dist":{"url":"https://api.github.com/repos/thephpleague/uri-interfaces/zipball/ae2601a183ad14b73628a305c0f906c030757b39","type":"zip","shasum":"","reference":"ae2601a183ad14b73628a305c0f906c030757b39"},"time":"2019-12-17T13:59:29+00:00","require-dev":{"friendsofphp/php-cs-fixer":"^2.0","phpunit/phpunit":"^7.0|^8.0","phpstan/phpstan":"^0.11","phpstan/phpstan-strict-rules":"^0.11","phpstan/phpstan-phpunit":"^0.11"},"support":{"issues":"https://github.com/thephpleague/uri-interfaces/issues","source":"https://github.com/thephpleague/uri-interfaces/tree/2.0.1"}},{"version":"2.0.0","version_normalized":"2.0.0.0","source":{"url":"https://github.com/thephpleague/uri-interfaces.git","type":"git","reference":"aac2aa37f20cc9987295b42454da8c4494c8ff22"},"dist":{"url":"https://api.github.com/repos/thephpleague/uri-interfaces/zipball/aac2aa37f20cc9987295b42454da8c4494c8ff22","type":"zip","shasum":"","reference":"aac2aa37f20cc9987295b42454da8c4494c8ff22"},"time":"2019-10-17T07:24:59+00:00","support":{"issues":"https://github.com/thephpleague/uri-interfaces/issues","source":"https://github.com/thephpleague/uri-interfaces/tree/2.0.0"}},{"version":"1.1.1","version_normalized":"1.1.1.0","source":{"url":"https://github.com/thephpleague/uri-interfaces.git","type":"git","reference":"081760c53a4ce76c9935a755a21353610f5495f6"},"dist":{"url":"https://api.github.com/repos/thephpleague/uri-interfaces/zipball/081760c53a4ce76c9935a755a21353610f5495f6","type":"zip","shasum":"","reference":"081760c53a4ce76c9935a755a21353610f5495f6"},"time":"2018-11-05T14:00:06+00:00","extra":{"branch-alias":{"dev-master":"1.x-dev"}},"require":{"php":">=5.3.0"},"require-dev":{"friendsofphp/php-cs-fixer":"^2.0.0"},"support":{"issues":"https://github.com/thephpleague/uri-interfaces/issues","source":"https://github.com/thephpleague/uri-interfaces/tree/master"}},{"version":"1.1.0","version_normalized":"1.1.0.0","source":{"url":"https://github.com/thephpleague/uri-interfaces.git","type":"git","reference":"b5063ffb8b129923c8988f1d4061fdeea53b47b9"},"dist":{"url":"https://api.github.com/repos/thephpleague/uri-interfaces/zipball/b5063ffb8b129923c8988f1d4061fdeea53b47b9","type":"zip","shasum":"","reference":"b5063ffb8b129923c8988f1d4061fdeea53b47b9"},"time":"2018-05-22T12:10:22+00:00"},{"version":"1.0.0","version_normalized":"1.0.0.0","source":{"url":"https://github.com/thephpleague/uri-interfaces.git","type":"git","reference":"dcc0be58e8b35a726274249e5eee053be1a56b66"},"dist":{"url":"https://api.github.com/repos/thephpleague/uri-interfaces/zipball/dcc0be58e8b35a726274249e5eee053be1a56b66","type":"zip","shasum":"","reference":"dcc0be58e8b35a726274249e5eee053be1a56b66"},"time":"2017-01-04T08:02:42+00:00","autoload":{"psr-4":{"League\\Uri\\Interfaces\\":"src/"}},"extra":{"branch-alias":{"dev-master":"1.0.x-dev"}},"require-dev":{"friendsofphp/php-cs-fixer":"^1.0.0"}},{"description":"Common interface for URI","version":"0.4.0","version_normalized":"0.4.0.0","source":{"url":"https://github.com/thephpleague/uri-interfaces.git","type":"git","reference":"7be13cf760fc3d64e4dc95322a5d488f449b3318"},"dist":{"url":"https://api.github.com/repos/thephpleague/uri-interfaces/zipball/7be13cf760fc3d64e4dc95322a5d488f449b3318","type":"zip","shasum":"","reference":"7be13cf760fc3d64e4dc95322a5d488f449b3318"},"time":"2016-12-09T07:32:44+00:00"},{"version":"0.3.0","version_normalized":"0.3.0.0","source":{"url":"https://github.com/thephpleague/uri-interfaces.git","type":"git","reference":"05168f713b56cbf19a54d5ebbe46852d415f140a"},"dist":{"url":"https://api.github.com/repos/thephpleague/uri-interfaces/zipball/05168f713b56cbf19a54d5ebbe46852d415f140a","type":"zip","shasum":"","reference":"05168f713b56cbf19a54d5ebbe46852d415f140a"},"time":"2016-12-01T20:10:27+00:00"},{"version":"0.2.0","version_normalized":"0.2.0.0","source":{"url":"https://github.com/thephpleague/uri-interfaces.git","type":"git","reference":"823d257c4a70298d11201766b3843c44748565b2"},"dist":{"url":"https://api.github.com/repos/thephpleague/uri-interfaces/zipball/823d257c4a70298d11201766b3843c44748565b2","type":"zip","shasum":"","reference":"823d257c4a70298d11201766b3843c44748565b2"},"time":"2016-11-29T12:09:07+00:00"},{"version":"0.1.0","version_normalized":"0.1.0.0","source":{"url":"https://github.com/thephpleague/uri-interfaces.git","type":"git","reference":"d71f4658cbea0837ad6e2811a2465cc5da0f1d6c"},"dist":{"url":"https://api.github.com/repos/thephpleague/uri-interfaces/zipball/d71f4658cbea0837ad6e2811a2465cc5da0f1d6c","type":"zip","shasum":"","reference":"d71f4658cbea0837ad6e2811a2465cc5da0f1d6c"},"time":"2016-10-17T13:50:03+00:00"}]},"security-advisories":[],"last-modified":"Fri, 01 Jul 2022 00:14:58 GMT"}