{"minified":"composer/2.0","packages":{"guzzlehttp/psr7":[{"name":"guzzlehttp/psr7","description":"PSR-7 message implementation that also provides common utility methods","keywords":["http","stream","url","response","message","uri","request","psr-7"],"homepage":"","version":"2.4.1","version_normalized":"2.4.1.0","license":["MIT"],"authors":[{"name":"Graham Campbell","email":"hello@gjcampbell.co.uk","homepage":"https://github.com/GrahamCampbell"},{"name":"Michael Dowling","email":"mtdowling@gmail.com","homepage":"https://github.com/mtdowling"},{"name":"George Mponos","email":"gmponos@gmail.com","homepage":"https://github.com/gmponos"},{"name":"Tobias Nyholm","email":"tobias.nyholm@gmail.com","homepage":"https://github.com/Nyholm"},{"name":"Márk Sági-Kazár","email":"mark.sagikazar@gmail.com","homepage":"https://github.com/sagikazarmark"},{"name":"Tobias Schultze","email":"webmaster@tubo-world.de","homepage":"https://github.com/Tobion"},{"name":"Márk Sági-Kazár","email":"mark.sagikazar@gmail.com","homepage":"https://sagikazarmark.hu"}],"source":{"url":"https://github.com/guzzle/psr7.git","type":"git","reference":"69568e4293f4fa993f3b0e51c9723e1e17c41379"},"dist":{"url":"https://api.github.com/repos/guzzle/psr7/zipball/69568e4293f4fa993f3b0e51c9723e1e17c41379","type":"zip","shasum":"","reference":"69568e4293f4fa993f3b0e51c9723e1e17c41379"},"type":"library","funding":[{"url":"https://github.com/GrahamCampbell","type":"github"},{"url":"https://github.com/Nyholm","type":"github"},{"url":"https://tidelift.com/funding/github/packagist/guzzlehttp/psr7","type":"tidelift"}],"time":"2022-08-28T14:45:39+00:00","autoload":{"psr-4":{"GuzzleHttp\\Psr7\\":"src/"}},"extra":{"bamarni-bin":{"bin-links":true,"forward-command":false},"branch-alias":{"dev-master":"2.4-dev"}},"require":{"php":"^7.2.5 || ^8.0","psr/http-factory":"^1.0","psr/http-message":"^1.0","ralouphie/getallheaders":"^3.0"},"require-dev":{"bamarni/composer-bin-plugin":"^1.8.1","http-interop/http-factory-tests":"^0.9","phpunit/phpunit":"^8.5.29 || ^9.5.23"},"suggest":{"laminas/laminas-httphandlerrunner":"Emit PSR-7 responses"},"provide":{"psr/http-factory-implementation":"1.0","psr/http-message-implementation":"1.0"},"support":{"issues":"https://github.com/guzzle/psr7/issues","source":"https://github.com/guzzle/psr7/tree/2.4.1"}},{"version":"2.4.0","version_normalized":"2.4.0.0","source":{"url":"https://github.com/guzzle/psr7.git","type":"git","reference":"13388f00956b1503577598873fffb5ae994b5737"},"dist":{"url":"https://api.github.com/repos/guzzle/psr7/zipball/13388f00956b1503577598873fffb5ae994b5737","type":"zip","shasum":"","reference":"13388f00956b1503577598873fffb5ae994b5737"},"time":"2022-06-20T21:43:11+00:00","extra":{"branch-alias":{"dev-master":"2.4-dev"}},"require-dev":{"bamarni/composer-bin-plugin":"^1.4.1","http-interop/http-factory-tests":"^0.9","phpunit/phpunit":"^8.5.8 || ^9.3.10"},"support":{"issues":"https://github.com/guzzle/psr7/issues","source":"https://github.com/guzzle/psr7/tree/2.4.0"}},{"version":"2.3.0","version_normalized":"2.3.0.0","source":{"url":"https://github.com/guzzle/psr7.git","type":"git","reference":"83260bb50b8fc753c72d14dc1621a2dac31877ee"},"dist":{"url":"https://api.github.com/repos/guzzle/psr7/zipball/83260bb50b8fc753c72d14dc1621a2dac31877ee","type":"zip","shasum":"","reference":"83260bb50b8fc753c72d14dc1621a2dac31877ee"},"time":"2022-06-09T08:26:02+00:00","extra":{"branch-alias":{"dev-master":"2.3-dev"}},"support":{"issues":"https://github.com/guzzle/psr7/issues","source":"https://github.com/guzzle/psr7/tree/2.3.0"}},{"version":"2.2.2","version_normalized":"2.2.2.0","source":{"url":"https://github.com/guzzle/psr7.git","type":"git","reference":"a119247127ff95789a2d95c347cd74721fbedaa4"},"dist":{"url":"https://api.github.com/repos/guzzle/psr7/zipball/a119247127ff95789a2d95c347cd74721fbedaa4","type":"zip","shasum":"","reference":"a119247127ff95789a2d95c347cd74721fbedaa4"},"time":"2022-06-08T19:55:23+00:00","extra":{"branch-alias":{"dev-master":"2.2-dev"}},"support":{"issues":"https://github.com/guzzle/psr7/issues","source":"https://github.com/guzzle/psr7/tree/2.2.2"}},{"version":"2.2.1","version_normalized":"2.2.1.0","source":{"url":"https://github.com/guzzle/psr7.git","type":"git","reference":"c94a94f120803a18554c1805ef2e539f8285f9a2"},"dist":{"url":"https://api.github.com/repos/guzzle/psr7/zipball/c94a94f120803a18554c1805ef2e539f8285f9a2","type":"zip","shasum":"","reference":"c94a94f120803a18554c1805ef2e539f8285f9a2"},"time":"2022-03-20T21:55:58+00:00","support":{"issues":"https://github.com/guzzle/psr7/issues","source":"https://github.com/guzzle/psr7/tree/2.2.1"}},{"version":"2.2.0","version_normalized":"2.2.0.0","source":{"url":"https://github.com/guzzle/psr7.git","type":"git","reference":"6565c7e0db3231e92dd5ca3bed448b30fbc89eb1"},"dist":{"url":"https://api.github.com/repos/guzzle/psr7/zipball/6565c7e0db3231e92dd5ca3bed448b30fbc89eb1","type":"zip","shasum":"","reference":"6565c7e0db3231e92dd5ca3bed448b30fbc89eb1"},"time":"2022-03-20T13:51:08+00:00","support":{"issues":"https://github.com/guzzle/psr7/issues","source":"https://github.com/guzzle/psr7/tree/2.2.0"}},{"version":"2.1.2","version_normalized":"2.1.2.0","source":{"url":"https://github.com/guzzle/psr7.git","type":"git","reference":"b36d463b214c76ed12b924bae0445f3531bb1686"},"dist":{"url":"https://api.github.com/repos/guzzle/psr7/zipball/b36d463b214c76ed12b924bae0445f3531bb1686","type":"zip","shasum":"","reference":"b36d463b214c76ed12b924bae0445f3531bb1686"},"time":"2022-03-20T21:51:23+00:00","extra":{"branch-alias":{"dev-master":"2.1-dev"}},"support":{"issues":"https://github.com/guzzle/psr7/issues","source":"https://github.com/guzzle/psr7/tree/2.1.2"}},{"version":"2.1.1","version_normalized":"2.1.1.0","source":{"url":"https://github.com/guzzle/psr7.git","type":"git","reference":"53491b6394cdcb66880063b82c0b16cf082711eb"},"dist":{"url":"https://api.github.com/repos/guzzle/psr7/zipball/53491b6394cdcb66880063b82c0b16cf082711eb","type":"zip","shasum":"","reference":"53491b6394cdcb66880063b82c0b16cf082711eb"},"time":"2022-03-20T13:45:05+00:00","support":{"issues":"https://github.com/guzzle/psr7/issues","source":"https://github.com/guzzle/psr7/tree/2.1.1"}},{"version":"2.1.0","version_normalized":"2.1.0.0","source":{"url":"https://github.com/guzzle/psr7.git","type":"git","reference":"089edd38f5b8abba6cb01567c2a8aaa47cec4c72"},"dist":{"url":"https://api.github.com/repos/guzzle/psr7/zipball/089edd38f5b8abba6cb01567c2a8aaa47cec4c72","type":"zip","shasum":"","reference":"089edd38f5b8abba6cb01567c2a8aaa47cec4c72"},"time":"2021-10-06T17:43:30+00:00","support":{"issues":"https://github.com/guzzle/psr7/issues","source":"https://github.com/guzzle/psr7/tree/2.1.0"}},{"version":"2.0.0","version_normalized":"2.0.0.0","authors":[{"name":"Michael Dowling","email":"mtdowling@gmail.com","homepage":"https://github.com/mtdowling"},{"name":"Tobias Schultze","homepage":"https://github.com/Tobion"},{"name":"Márk Sági-Kazár","email":"mark.sagikazar@gmail.com","homepage":"https://sagikazarmark.hu"}],"source":{"url":"https://github.com/guzzle/psr7.git","type":"git","reference":"1dc8d9cba3897165e16d12bb13d813afb1eb3fe7"},"dist":{"url":"https://api.github.com/repos/guzzle/psr7/zipball/1dc8d9cba3897165e16d12bb13d813afb1eb3fe7","type":"zip","shasum":"","reference":"1dc8d9cba3897165e16d12bb13d813afb1eb3fe7"},"time":"2021-06-30T20:03:07+00:00","extra":{"branch-alias":{"dev-master":"2.0-dev"}},"support":{"issues":"https://github.com/guzzle/psr7/issues","source":"https://github.com/guzzle/psr7/tree/2.0.0"},"funding":"__unset"},{"version":"2.0.0-rc1","version_normalized":"2.0.0.0-RC1","source":{"url":"https://github.com/guzzle/psr7.git","type":"git","reference":"148492f9e2e1524317a8aa60875f5b59517a9374"},"dist":{"url":"https://api.github.com/repos/guzzle/psr7/zipball/148492f9e2e1524317a8aa60875f5b59517a9374","type":"zip","shasum":"","reference":"148492f9e2e1524317a8aa60875f5b59517a9374"},"time":"2021-04-29T07:35:29+00:00","support":{"issues":"https://github.com/guzzle/psr7/issues","source":"https://github.com/guzzle/psr7/tree/2.0.0-rc1"}},{"version":"2.0.0-beta1","version_normalized":"2.0.0.0-beta1","source":{"url":"https://github.com/guzzle/psr7.git","type":"git","reference":"c0dcda9f54d145bd4d062a6d15f54931a67732f9"},"dist":{"url":"https://api.github.com/repos/guzzle/psr7/zipball/c0dcda9f54d145bd4d062a6d15f54931a67732f9","type":"zip","shasum":"","reference":"c0dcda9f54d145bd4d062a6d15f54931a67732f9"},"time":"2021-03-21T17:21:36+00:00","support":{"issues":"https://github.com/guzzle/psr7/issues","source":"https://github.com/guzzle/psr7/tree/2.0.0-beta1"}},{"version":"1.9.0","version_normalized":"1.9.0.0","authors":[{"name":"Graham Campbell","email":"hello@gjcampbell.co.uk","homepage":"https://github.com/GrahamCampbell"},{"name":"Michael Dowling","email":"mtdowling@gmail.com","homepage":"https://github.com/mtdowling"},{"name":"George Mponos","email":"gmponos@gmail.com","homepage":"https://github.com/gmponos"},{"name":"Tobias Nyholm","email":"tobias.nyholm@gmail.com","homepage":"https://github.com/Nyholm"},{"name":"Márk Sági-Kazár","email":"mark.sagikazar@gmail.com","homepage":"https://github.com/sagikazarmark"},{"name":"Tobias Schultze","email":"webmaster@tubo-world.de","homepage":"https://github.com/Tobion"}],"source":{"url":"https://github.com/guzzle/psr7.git","type":"git","reference":"e98e3e6d4f86621a9b75f623996e6bbdeb4b9318"},"dist":{"url":"https://api.github.com/repos/guzzle/psr7/zipball/e98e3e6d4f86621a9b75f623996e6bbdeb4b9318","type":"zip","shasum":"","reference":"e98e3e6d4f86621a9b75f623996e6bbdeb4b9318"},"funding":[{"url":"https://github.com/GrahamCampbell","type":"github"},{"url":"https://github.com/Nyholm","type":"github"},{"url":"https://tidelift.com/funding/github/packagist/guzzlehttp/psr7","type":"tidelift"}],"time":"2022-06-20T21:43:03+00:00","autoload":{"files":["src/functions_include.php"],"psr-4":{"GuzzleHttp\\Psr7\\":"src/"}},"extra":{"branch-alias":{"dev-master":"1.9-dev"}},"require":{"php":">=5.4.0","psr/http-message":"~1.0","ralouphie/getallheaders":"^2.0.5 || ^3.0.0"},"require-dev":{"phpunit/phpunit":"~4.8.36 || ^5.7.27 || ^6.5.14 || ^7.5.20 || ^8.5.8 || ^9.3.10","ext-zlib":"*"},"provide":{"psr/http-message-implementation":"1.0"},"support":{"issues":"https://github.com/guzzle/psr7/issues","source":"https://github.com/guzzle/psr7/tree/1.9.0"}},{"version":"1.8.5","version_normalized":"1.8.5.0","source":{"url":"https://github.com/guzzle/psr7.git","type":"git","reference":"337e3ad8e5716c15f9657bd214d16cc5e69df268"},"dist":{"url":"https://api.github.com/repos/guzzle/psr7/zipball/337e3ad8e5716c15f9657bd214d16cc5e69df268","type":"zip","shasum":"","reference":"337e3ad8e5716c15f9657bd214d16cc5e69df268"},"time":"2022-03-20T21:51:18+00:00","extra":{"branch-alias":{"dev-master":"1.7-dev"}},"support":{"issues":"https://github.com/guzzle/psr7/issues","source":"https://github.com/guzzle/psr7/tree/1.8.5"}},{"version":"1.8.4","version_normalized":"1.8.4.0","source":{"url":"https://github.com/guzzle/psr7.git","type":"git","reference":"902db15a551a4a415e732b622282e21ce1b508b4"},"dist":{"url":"https://api.github.com/repos/guzzle/psr7/zipball/902db15a551a4a415e732b622282e21ce1b508b4","type":"zip","shasum":"","reference":"902db15a551a4a415e732b622282e21ce1b508b4"},"time":"2022-03-20T13:44:44+00:00","support":{"issues":"https://github.com/guzzle/psr7/issues","source":"https://github.com/guzzle/psr7/tree/1.8.4"}},{"version":"1.8.3","version_normalized":"1.8.3.0","source":{"url":"https://github.com/guzzle/psr7.git","type":"git","reference":"1afdd860a2566ed3c2b0b4a3de6e23434a79ec85"},"dist":{"url":"https://api.github.com/repos/guzzle/psr7/zipball/1afdd860a2566ed3c2b0b4a3de6e23434a79ec85","type":"zip","shasum":"","reference":"1afdd860a2566ed3c2b0b4a3de6e23434a79ec85"},"time":"2021-10-05T13:56:00+00:00","support":{"issues":"https://github.com/guzzle/psr7/issues","source":"https://github.com/guzzle/psr7/tree/1.8.3"}},{"version":"1.8.2","version_normalized":"1.8.2.0","authors":[{"name":"Michael Dowling","email":"mtdowling@gmail.com","homepage":"https://github.com/mtdowling"},{"name":"Tobias Schultze","homepage":"https://github.com/Tobion"}],"source":{"url":"https://github.com/guzzle/psr7.git","type":"git","reference":"dc960a912984efb74d0a90222870c72c87f10c91"},"dist":{"url":"https://api.github.com/repos/guzzle/psr7/zipball/dc960a912984efb74d0a90222870c72c87f10c91","type":"zip","shasum":"","reference":"dc960a912984efb74d0a90222870c72c87f10c91"},"time":"2021-04-26T09:17:50+00:00","support":{"issues":"https://github.com/guzzle/psr7/issues","source":"https://github.com/guzzle/psr7/tree/1.8.2"},"funding":"__unset"},{"version":"1.8.1","version_normalized":"1.8.1.0","source":{"url":"https://github.com/guzzle/psr7.git","type":"git","reference":"35ea11d335fd638b5882ff1725228b3d35496ab1"},"dist":{"url":"https://api.github.com/repos/guzzle/psr7/zipball/35ea11d335fd638b5882ff1725228b3d35496ab1","type":"zip","shasum":"","reference":"35ea11d335fd638b5882ff1725228b3d35496ab1"},"time":"2021-03-21T16:25:00+00:00","support":{"issues":"https://github.com/guzzle/psr7/issues","source":"https://github.com/guzzle/psr7/tree/1.8.1"}},{"version":"1.8.0","version_normalized":"1.8.0.0","source":{"url":"https://github.com/guzzle/psr7.git","type":"git","reference":"043f17d447dc88045a13b5b1b6d9f902e2820685"},"dist":{"url":"https://api.github.com/repos/guzzle/psr7/zipball/043f17d447dc88045a13b5b1b6d9f902e2820685","type":"zip","shasum":"","reference":"043f17d447dc88045a13b5b1b6d9f902e2820685"},"time":"2021-03-21T12:38:22+00:00","support":{"issues":"https://github.com/guzzle/psr7/issues","source":"https://github.com/guzzle/psr7/tree/1.8.0"}},{"version":"1.7.0","version_normalized":"1.7.0.0","source":{"url":"https://github.com/guzzle/psr7.git","type":"git","reference":"53330f47520498c0ae1f61f7e2c90f55690c06a3"},"dist":{"url":"https://api.github.com/repos/guzzle/psr7/zipball/53330f47520498c0ae1f61f7e2c90f55690c06a3","type":"zip","shasum":"","reference":"53330f47520498c0ae1f61f7e2c90f55690c06a3"},"time":"2020-09-30T07:37:11+00:00","support":{"issues":"https://github.com/guzzle/psr7/issues","source":"https://github.com/guzzle/psr7/tree/1.7.0"}},{"version":"1.6.1","version_normalized":"1.6.1.0","source":{"url":"https://github.com/guzzle/psr7.git","type":"git","reference":"239400de7a173fe9901b9ac7c06497751f00727a"},"dist":{"url":"https://api.github.com/repos/guzzle/psr7/zipball/239400de7a173fe9901b9ac7c06497751f00727a","type":"zip","shasum":"","reference":"239400de7a173fe9901b9ac7c06497751f00727a"},"time":"2019-07-01T23:21:34+00:00","extra":{"branch-alias":{"dev-master":"1.6-dev"}},"require-dev":{"phpunit/phpunit":"~4.8.36 || ^5.7.27 || ^6.5.8","ext-zlib":"*"},"suggest":{"zendframework/zend-httphandlerrunner":"Emit PSR-7 responses"},"support":{"issues":"https://github.com/guzzle/psr7/issues","source":"https://github.com/guzzle/psr7/tree/1.6.1"}},{"version":"1.6.0","version_normalized":"1.6.0.0","source":{"url":"https://github.com/guzzle/psr7.git","type":"git","reference":"dc784032a3f6f4e7a4b882e272b771f6fe4c37cf"},"dist":{"url":"https://api.github.com/repos/guzzle/psr7/zipball/dc784032a3f6f4e7a4b882e272b771f6fe4c37cf","type":"zip","shasum":"","reference":"dc784032a3f6f4e7a4b882e272b771f6fe4c37cf"},"time":"2019-06-30T00:37:05+00:00","support":{"issues":"https://github.com/guzzle/psr7/issues","source":"https://github.com/guzzle/psr7/tree/1.6.0"}},{"version":"1.5.2","version_normalized":"1.5.2.0","source":{"url":"https://github.com/guzzle/psr7.git","type":"git","reference":"9f83dded91781a01c63574e387eaa769be769115"},"dist":{"url":"https://api.github.com/repos/guzzle/psr7/zipball/9f83dded91781a01c63574e387eaa769be769115","type":"zip","shasum":"","reference":"9f83dded91781a01c63574e387eaa769be769115"},"time":"2018-12-04T20:46:45+00:00","extra":{"branch-alias":{"dev-master":"1.5-dev"}},"require":{"php":">=5.4.0","psr/http-message":"~1.0","ralouphie/getallheaders":"^2.0.5"},"require-dev":{"phpunit/phpunit":"~4.8.36 || ^5.7.27 || ^6.5.8"},"support":{"issues":"https://github.com/guzzle/psr7/issues","source":"https://github.com/guzzle/psr7/tree/master"},"suggest":"__unset"},{"version":"1.5.1","version_normalized":"1.5.1.0","source":{"url":"https://github.com/guzzle/psr7.git","type":"git","reference":"9b809aa5fcc7c6bddf35bea6cec77e86b8485a5c"},"dist":{"url":"https://api.github.com/repos/guzzle/psr7/zipball/9b809aa5fcc7c6bddf35bea6cec77e86b8485a5c","type":"zip","shasum":"","reference":"9b809aa5fcc7c6bddf35bea6cec77e86b8485a5c"},"time":"2018-12-04T18:48:06+00:00"},{"version":"1.5.0","version_normalized":"1.5.0.0","source":{"url":"https://github.com/guzzle/psr7.git","type":"git","reference":"53662d6688033a5eccde987bdd5a4a98ebe2d952"},"dist":{"url":"https://api.github.com/repos/guzzle/psr7/zipball/53662d6688033a5eccde987bdd5a4a98ebe2d952","type":"zip","shasum":"","reference":"53662d6688033a5eccde987bdd5a4a98ebe2d952"},"time":"2018-12-03T05:07:51+00:00"},{"keywords":["http","stream","url","response","message","uri","request"],"version":"1.4.2","version_normalized":"1.4.2.0","source":{"url":"https://github.com/guzzle/psr7.git","type":"git","reference":"f5b8a8512e2b58b0071a7280e39f14f72e05d87c"},"dist":{"url":"https://api.github.com/repos/guzzle/psr7/zipball/f5b8a8512e2b58b0071a7280e39f14f72e05d87c","type":"zip","shasum":"","reference":"f5b8a8512e2b58b0071a7280e39f14f72e05d87c"},"time":"2017-03-20T17:10:46+00:00","extra":{"branch-alias":{"dev-master":"1.4-dev"}},"require":{"php":">=5.4.0","psr/http-message":"~1.0"},"require-dev":{"phpunit/phpunit":"~4.0"},"support":{"issues":"https://github.com/guzzle/psr7/issues","source":"https://github.com/guzzle/psr7/tree/1.4.2"}},{"version":"1.4.1","version_normalized":"1.4.1.0","source":{"url":"https://github.com/guzzle/psr7.git","type":"git","reference":"0d6c7ca039329247e4f0f8f8f6506810e8248855"},"dist":{"url":"https://api.github.com/repos/guzzle/psr7/zipball/0d6c7ca039329247e4f0f8f8f6506810e8248855","type":"zip","shasum":"","reference":"0d6c7ca039329247e4f0f8f8f6506810e8248855"},"time":"2017-02-27T10:51:17+00:00","support":{"issues":"https://github.com/guzzle/psr7/issues","source":"https://github.com/guzzle/psr7/tree/master"}},{"version":"1.4.0","version_normalized":"1.4.0.0","source":{"url":"https://github.com/guzzle/psr7.git","type":"git","reference":"04a6d1a00ea5da0727ee94309a9f0d3dbaecb569"},"dist":{"url":"https://api.github.com/repos/guzzle/psr7/zipball/04a6d1a00ea5da0727ee94309a9f0d3dbaecb569","type":"zip","shasum":"","reference":"04a6d1a00ea5da0727ee94309a9f0d3dbaecb569"},"time":"2017-02-21T01:20:32+00:00"},{"description":"PSR-7 message implementation","keywords":["http","stream","message","uri"],"version":"1.3.1","version_normalized":"1.3.1.0","authors":[{"name":"Michael Dowling","email":"mtdowling@gmail.com","homepage":"https://github.com/mtdowling"}],"source":{"url":"https://github.com/guzzle/psr7.git","type":"git","reference":"5c6447c9df362e8f8093bda8f5d8873fe5c7f65b"},"dist":{"url":"https://api.github.com/repos/guzzle/psr7/zipball/5c6447c9df362e8f8093bda8f5d8873fe5c7f65b","type":"zip","shasum":"","reference":"5c6447c9df362e8f8093bda8f5d8873fe5c7f65b"},"time":"2016-06-24T23:00:38+00:00"},{"version":"1.3.0","version_normalized":"1.3.0.0","source":{"url":"https://github.com/guzzle/psr7.git","type":"git","reference":"31382fef2889136415751badebbd1cb022a4ed72"},"dist":{"url":"https://api.github.com/repos/guzzle/psr7/zipball/31382fef2889136415751badebbd1cb022a4ed72","type":"zip","shasum":"","reference":"31382fef2889136415751badebbd1cb022a4ed72"},"time":"2016-04-13T19:56:01+00:00","extra":{"branch-alias":{"dev-master":"1.0-dev"}}},{"version":"1.2.3","version_normalized":"1.2.3.0","source":{"url":"https://github.com/guzzle/psr7.git","type":"git","reference":"2e89629ff057ebb49492ba08e6995d3a6a80021b"},"dist":{"url":"https://api.github.com/repos/guzzle/psr7/zipball/2e89629ff057ebb49492ba08e6995d3a6a80021b","type":"zip","shasum":"","reference":"2e89629ff057ebb49492ba08e6995d3a6a80021b"},"time":"2016-02-18T21:54:00+00:00"},{"version":"1.2.2","version_normalized":"1.2.2.0","source":{"url":"https://github.com/guzzle/psr7.git","type":"git","reference":"f5d04bdd2881ac89abde1fb78cc234bce24327bb"},"dist":{"url":"https://api.github.com/repos/guzzle/psr7/zipball/f5d04bdd2881ac89abde1fb78cc234bce24327bb","type":"zip","shasum":"","reference":"f5d04bdd2881ac89abde1fb78cc234bce24327bb"},"time":"2016-01-23T01:23:02+00:00","support":{"issues":"https://github.com/guzzle/psr7/issues","source":"https://github.com/guzzle/psr7/tree/1.2.2"}},{"version":"1.2.1","version_normalized":"1.2.1.0","source":{"url":"https://github.com/guzzle/psr7.git","type":"git","reference":"4d0bdbe1206df7440219ce14c972aa57cc5e4982"},"dist":{"url":"https://api.github.com/repos/guzzle/psr7/zipball/4d0bdbe1206df7440219ce14c972aa57cc5e4982","type":"zip","shasum":"","reference":"4d0bdbe1206df7440219ce14c972aa57cc5e4982"},"time":"2015-11-03T01:34:55+00:00","support":{"issues":"https://github.com/guzzle/psr7/issues","source":"https://github.com/guzzle/psr7/tree/master"}},{"version":"1.2.0","version_normalized":"1.2.0.0","source":{"url":"https://github.com/guzzle/psr7.git","type":"git","reference":"4ef919b0cf3b1989523138b60163bbcb7ba1ff7e"},"dist":{"url":"https://api.github.com/repos/guzzle/psr7/zipball/4ef919b0cf3b1989523138b60163bbcb7ba1ff7e","type":"zip","shasum":"","reference":"4ef919b0cf3b1989523138b60163bbcb7ba1ff7e"},"time":"2015-08-15T19:32:36+00:00"},{"version":"1.1.0","version_normalized":"1.1.0.0","source":{"url":"https://github.com/guzzle/psr7.git","type":"git","reference":"af0e1758de355eb113917ad79c3c0e3604bce4bd"},"dist":{"url":"https://api.github.com/repos/guzzle/psr7/zipball/af0e1758de355eb113917ad79c3c0e3604bce4bd","type":"zip","shasum":"","reference":"af0e1758de355eb113917ad79c3c0e3604bce4bd"},"time":"2015-06-24T19:55:15+00:00","autoload":{"files":["src/functions.php"],"psr-4":{"GuzzleHttp\\Psr7\\":"src/"}}},{"version":"1.0.0","version_normalized":"1.0.0.0","source":{"url":"https://github.com/guzzle/psr7.git","type":"git","reference":"19e510056d8d671d9d9e25dc16937b3dd3802ae6"},"dist":{"url":"https://api.github.com/repos/guzzle/psr7/zipball/19e510056d8d671d9d9e25dc16937b3dd3802ae6","type":"zip","shasum":"","reference":"19e510056d8d671d9d9e25dc16937b3dd3802ae6"},"time":"2015-05-19T17:58:45+00:00","require":{"php":">=5.4.0","psr/http-message":"^1.0"},"require-dev":{"phpunit/phpunit":"^4.0"}}]},"security-advisories":[{"advisoryId":"PKSA-gvzg-s447-b5b5","affectedVersions":">=2,<2.1.1|<1.8.4"}],"last-modified":"Sun, 28 Aug 2022 14:46:09 GMT"}