{"minified":"composer/2.0","packages":{"knplabs/knp-paginator-bundle":[{"name":"knplabs/knp-paginator-bundle","description":"Paginator bundle for Symfony to automate pagination and simplify sorting and other features","keywords":["symfony","pager","knp","knplabs","paginator","pagination","bundle"],"homepage":"http://github.com/KnpLabs/KnpPaginatorBundle","version":"v5.9.0","version_normalized":"5.9.0.0","license":["MIT"],"authors":[{"name":"KnpLabs Team","homepage":"http://knplabs.com"},{"name":"Symfony Community","homepage":"http://github.com/KnpLabs/KnpPaginatorBundle/contributors"}],"source":{"url":"https://github.com/KnpLabs/KnpPaginatorBundle.git","type":"git","reference":"7879916a8af4f4d4668535cb0b71f55cc416da66"},"dist":{"url":"https://api.github.com/repos/KnpLabs/KnpPaginatorBundle/zipball/7879916a8af4f4d4668535cb0b71f55cc416da66","type":"zip","shasum":"","reference":"7879916a8af4f4d4668535cb0b71f55cc416da66"},"type":"symfony-bundle","time":"2022-08-28T14:42:14+00:00","autoload":{"psr-4":{"Knp\\Bundle\\PaginatorBundle\\":"src"}},"extra":{"branch-alias":{"dev-master":"5.x-dev"}},"require":{"php":"^7.3 || ^8.0","knplabs/knp-components":"^2.4 || ^3.0","symfony/config":"^4.4 || ^5.4 || ^6.0","symfony/dependency-injection":"^4.4 || ^5.4 || ^6.0","symfony/event-dispatcher":"^4.4 || ^5.4 || ^6.0","symfony/http-foundation":"^4.4 || ^5.4 || ^6.0","symfony/http-kernel":"^4.4 || ^5.4 || ^6.0","symfony/routing":"^4.4 || ^5.4 || ^6.0","symfony/translation":"^4.4 || ^5.4 || ^6.0","twig/twig":"^2.0 || ^3.0"},"require-dev":{"phpstan/phpstan":"^1.2","phpunit/phpunit":"^8.5 || ^9.5","symfony/expression-language":"^4.4 || ^5.4 || ^6.0","symfony/templating":"^4.4 || ^5.4 || ^6.0"},"support":{"issues":"https://github.com/KnpLabs/KnpPaginatorBundle/issues","source":"https://github.com/KnpLabs/KnpPaginatorBundle/tree/v5.9.0"}},{"version":"v5.8.0","version_normalized":"5.8.0.0","source":{"url":"https://github.com/KnpLabs/KnpPaginatorBundle.git","type":"git","reference":"216b9d5708001788321916c5b7632da9fb9ef6ca"},"dist":{"url":"https://api.github.com/repos/KnpLabs/KnpPaginatorBundle/zipball/216b9d5708001788321916c5b7632da9fb9ef6ca","type":"zip","shasum":"","reference":"216b9d5708001788321916c5b7632da9fb9ef6ca"},"time":"2021-10-30T08:27:46+00:00","require":{"php":"^7.3 || ^8.0","knplabs/knp-components":"^2.4 || ^3.0","symfony/config":"^4.4 || ^5.3 || ^6.0","symfony/dependency-injection":"^4.4 || ^5.3 || ^6.0","symfony/event-dispatcher":"^4.4 || ^5.3 || ^6.0","symfony/http-foundation":"^4.4 || ^5.3 || ^6.0","symfony/http-kernel":"^4.4 || ^5.3 || ^6.0","symfony/routing":"^4.4 || ^5.3 || ^6.0","symfony/translation":"^4.4 || ^5.3 || ^6.0","twig/twig":"^2.0 || ^3.0"},"require-dev":{"phpstan/phpstan":"^0.12.93","phpunit/phpunit":"^8.5 || ^9.5","symfony/expression-language":"^4.4 || ^5.3 || ^6.0","symfony/templating":"^4.4 || ^5.3 || ^6.0"},"support":{"issues":"https://github.com/KnpLabs/KnpPaginatorBundle/issues","source":"https://github.com/KnpLabs/KnpPaginatorBundle/tree/v5.8.0"}},{"version":"v5.7.0","version_normalized":"5.7.0.0","source":{"url":"https://github.com/KnpLabs/KnpPaginatorBundle.git","type":"git","reference":"d5608abc236b6896a413a924a6637738da9705eb"},"dist":{"url":"https://api.github.com/repos/KnpLabs/KnpPaginatorBundle/zipball/d5608abc236b6896a413a924a6637738da9705eb","type":"zip","shasum":"","reference":"d5608abc236b6896a413a924a6637738da9705eb"},"time":"2021-09-16T12:21:57+00:00","require":{"php":"^7.3 || ^8.0","knplabs/knp-components":"^2.4 || ^3.0","symfony/config":"^4.4 || ^5.0","symfony/dependency-injection":"^4.4 || ^5.0","symfony/event-dispatcher":"^4.4 || ^5.0","symfony/http-foundation":"^4.4 || ^5.0","symfony/http-kernel":"^4.4 || ^5.0","symfony/routing":"^4.4 || ^5.0","symfony/translation":"^4.4 || ^5.0","twig/twig":"^2.0 || ^3.0"},"require-dev":{"phpstan/phpstan":"^0.12.93","phpunit/phpunit":"^8.5 || ^9.4","symfony/expression-language":"^4.4 || ^5.0","symfony/templating":"^4.4 || ^5.0"},"support":{"issues":"https://github.com/KnpLabs/KnpPaginatorBundle/issues","source":"https://github.com/KnpLabs/KnpPaginatorBundle/tree/v5.7.0"}},{"version":"v5.6.0","version_normalized":"5.6.0.0","source":{"url":"https://github.com/KnpLabs/KnpPaginatorBundle.git","type":"git","reference":"a11cd180826e9475e1079b3b64c27a1c33c48917"},"dist":{"url":"https://api.github.com/repos/KnpLabs/KnpPaginatorBundle/zipball/a11cd180826e9475e1079b3b64c27a1c33c48917","type":"zip","shasum":"","reference":"a11cd180826e9475e1079b3b64c27a1c33c48917"},"time":"2021-06-11T09:38:48+00:00","require-dev":{"phpunit/phpunit":"^8.5 || ^9.4","symfony/expression-language":"^4.4 || ^5.0","symfony/templating":"^4.4 || ^5.0"},"support":{"issues":"https://github.com/KnpLabs/KnpPaginatorBundle/issues","source":"https://github.com/KnpLabs/KnpPaginatorBundle/tree/v5.6.0"}},{"version":"v5.5.1","version_normalized":"5.5.1.0","source":{"url":"https://github.com/KnpLabs/KnpPaginatorBundle.git","type":"git","reference":"afa4daf9708fa526dc7f22773e6d064e25fa66ea"},"dist":{"url":"https://api.github.com/repos/KnpLabs/KnpPaginatorBundle/zipball/afa4daf9708fa526dc7f22773e6d064e25fa66ea","type":"zip","shasum":"","reference":"afa4daf9708fa526dc7f22773e6d064e25fa66ea"},"time":"2021-05-27T06:49:26+00:00","support":{"issues":"https://github.com/KnpLabs/KnpPaginatorBundle/issues","source":"https://github.com/KnpLabs/KnpPaginatorBundle/tree/v5.5.1"}},{"version":"v5.5.0","version_normalized":"5.5.0.0","source":{"url":"https://github.com/KnpLabs/KnpPaginatorBundle.git","type":"git","reference":"615fa674e38840e4bae901336830f8c9edfef893"},"dist":{"url":"https://api.github.com/repos/KnpLabs/KnpPaginatorBundle/zipball/615fa674e38840e4bae901336830f8c9edfef893","type":"zip","shasum":"","reference":"615fa674e38840e4bae901336830f8c9edfef893"},"time":"2021-05-24T12:28:30+00:00","support":{"issues":"https://github.com/KnpLabs/KnpPaginatorBundle/issues","source":"https://github.com/KnpLabs/KnpPaginatorBundle/tree/v5.5.0"}},{"version":"v5.4.2","version_normalized":"5.4.2.0","source":{"url":"https://github.com/KnpLabs/KnpPaginatorBundle.git","type":"git","reference":"8a7255062dd9f6ff8a3a4712a4b34bdbbc9f31f7"},"dist":{"url":"https://api.github.com/repos/KnpLabs/KnpPaginatorBundle/zipball/8a7255062dd9f6ff8a3a4712a4b34bdbbc9f31f7","type":"zip","shasum":"","reference":"8a7255062dd9f6ff8a3a4712a4b34bdbbc9f31f7"},"time":"2020-12-17T08:19:16+00:00","support":{"issues":"https://github.com/KnpLabs/KnpPaginatorBundle/issues","source":"https://github.com/KnpLabs/KnpPaginatorBundle/tree/v5.4.2"}},{"version":"v5.4.1","version_normalized":"5.4.1.0","source":{"url":"https://github.com/KnpLabs/KnpPaginatorBundle.git","type":"git","reference":"f7c7ff4811243b200a092e6edafce9527e5a27b2"},"dist":{"url":"https://api.github.com/repos/KnpLabs/KnpPaginatorBundle/zipball/f7c7ff4811243b200a092e6edafce9527e5a27b2","type":"zip","shasum":"","reference":"f7c7ff4811243b200a092e6edafce9527e5a27b2"},"time":"2020-12-03T08:37:59+00:00","support":{"issues":"https://github.com/KnpLabs/KnpPaginatorBundle/issues","source":"https://github.com/KnpLabs/KnpPaginatorBundle/tree/v5.4.1"}},{"version":"v5.4.0","version_normalized":"5.4.0.0","source":{"url":"https://github.com/KnpLabs/KnpPaginatorBundle.git","type":"git","reference":"5803ae06b388cc3b65dc0116644b60e72f4be4e6"},"dist":{"url":"https://api.github.com/repos/KnpLabs/KnpPaginatorBundle/zipball/5803ae06b388cc3b65dc0116644b60e72f4be4e6","type":"zip","shasum":"","reference":"5803ae06b388cc3b65dc0116644b60e72f4be4e6"},"time":"2020-12-02T08:23:02+00:00","support":{"issues":"https://github.com/KnpLabs/KnpPaginatorBundle/issues","source":"https://github.com/KnpLabs/KnpPaginatorBundle/tree/v5.4.0"}},{"version":"v5.3.0","version_normalized":"5.3.0.0","source":{"url":"https://github.com/KnpLabs/KnpPaginatorBundle.git","type":"git","reference":"87ca999b6ac886e3f20a1e3abc07523140509ca4"},"dist":{"url":"https://api.github.com/repos/KnpLabs/KnpPaginatorBundle/zipball/87ca999b6ac886e3f20a1e3abc07523140509ca4","type":"zip","shasum":"","reference":"87ca999b6ac886e3f20a1e3abc07523140509ca4"},"time":"2020-07-21T07:55:12+00:00","extra":{"branch-alias":{"dev-master":"5.3.x-dev"}},"require":{"php":"^7.2","knplabs/knp-components":"^2.4","symfony/config":"^4.4 || ^5.0","symfony/dependency-injection":"^4.4 || ^5.0","symfony/event-dispatcher":"^4.4 || ^5.0","symfony/http-foundation":"^4.4 || ^5.0","symfony/http-kernel":"^4.4 || ^5.0","symfony/routing":"^4.4 || ^5.0","symfony/translation":"^4.4 || ^5.0","twig/twig":"^2.0 || ^3.0"},"require-dev":{"phpunit/phpunit":"^7.5 || ^8.5 || ^9.2","symfony/expression-language":"^4.4 || ^5.0","symfony/templating":"^4.4 || ^5.0"},"support":{"issues":"https://github.com/KnpLabs/KnpPaginatorBundle/issues","source":"https://github.com/KnpLabs/KnpPaginatorBundle/tree/master"}},{"version":"v5.2.0","version_normalized":"5.2.0.0","source":{"url":"https://github.com/KnpLabs/KnpPaginatorBundle.git","type":"git","reference":"787174799b8de92287865566dce9e0625015f8ff"},"dist":{"url":"https://api.github.com/repos/KnpLabs/KnpPaginatorBundle/zipball/787174799b8de92287865566dce9e0625015f8ff","type":"zip","shasum":"","reference":"787174799b8de92287865566dce9e0625015f8ff"},"time":"2020-04-28T06:16:13+00:00","extra":{"branch-alias":{"dev-master":"5.2.x-dev"}},"require":{"php":"^7.2","knplabs/knp-components":"^2.0","symfony/config":"^4.3 || ^5.0","symfony/dependency-injection":"^4.3 || ^5.0","symfony/event-dispatcher":"^4.3 || ^5.0","symfony/http-foundation":"^4.3 || ^5.0","symfony/http-kernel":"^4.3 || ^5.0","symfony/routing":"^4.3 || ^5.0","symfony/translation":"^4.3 || ^5.0","twig/twig":"^2.0 || ^3.0"},"require-dev":{"phpunit/phpunit":"^7.5 || ^8.5","symfony/expression-language":"^4.3 || ^5.0","symfony/templating":"^4.3 || ^5.0"},"support":{"issues":"https://github.com/KnpLabs/KnpPaginatorBundle/issues","source":"https://github.com/KnpLabs/KnpPaginatorBundle/tree/v5.2.0"}},{"version":"v5.1.2","version_normalized":"5.1.2.0","source":{"url":"https://github.com/KnpLabs/KnpPaginatorBundle.git","type":"git","reference":"0f31530e2161f23c8d94d47b84a03c68e67f2345"},"dist":{"url":"https://api.github.com/repos/KnpLabs/KnpPaginatorBundle/zipball/0f31530e2161f23c8d94d47b84a03c68e67f2345","type":"zip","shasum":"","reference":"0f31530e2161f23c8d94d47b84a03c68e67f2345"},"time":"2020-04-18T16:17:09+00:00","extra":{"branch-alias":{"dev-master":"5.1.x-dev"}},"support":{"issues":"https://github.com/KnpLabs/KnpPaginatorBundle/issues","source":"https://github.com/KnpLabs/KnpPaginatorBundle/tree/master"}},{"version":"v5.1.1","version_normalized":"5.1.1.0","source":{"url":"https://github.com/KnpLabs/KnpPaginatorBundle.git","type":"git","reference":"086da9cd27262ba45bcaca3a6777e97068fce8de"},"dist":{"url":"https://api.github.com/repos/KnpLabs/KnpPaginatorBundle/zipball/086da9cd27262ba45bcaca3a6777e97068fce8de","type":"zip","shasum":"","reference":"086da9cd27262ba45bcaca3a6777e97068fce8de"},"time":"2020-01-21T17:00:39+00:00"},{"version":"v5.1.0","version_normalized":"5.1.0.0","source":{"url":"https://github.com/KnpLabs/KnpPaginatorBundle.git","type":"git","reference":"4d5e7e5e9b6b618c0995f3f906b584c6db3786db"},"dist":{"url":"https://api.github.com/repos/KnpLabs/KnpPaginatorBundle/zipball/4d5e7e5e9b6b618c0995f3f906b584c6db3786db","type":"zip","shasum":"","reference":"4d5e7e5e9b6b618c0995f3f906b584c6db3786db"},"time":"2020-01-16T07:53:51+00:00","support":{"issues":"https://github.com/KnpLabs/KnpPaginatorBundle/issues","source":"https://github.com/KnpLabs/KnpPaginatorBundle/tree/v5.1.0"}},{"version":"v5.0.0","version_normalized":"5.0.0.0","source":{"url":"https://github.com/KnpLabs/KnpPaginatorBundle.git","type":"git","reference":"dcbd60ebf494cc10cedcd65237edc8d632cf675b"},"dist":{"url":"https://api.github.com/repos/KnpLabs/KnpPaginatorBundle/zipball/dcbd60ebf494cc10cedcd65237edc8d632cf675b","type":"zip","shasum":"","reference":"dcbd60ebf494cc10cedcd65237edc8d632cf675b"},"time":"2019-11-27T08:58:44+00:00","extra":{"branch-alias":{"dev-master":"5.0.x-dev"}},"require":{"php":"^7.2","knplabs/knp-components":"^2.0","symfony/framework-bundle":"^4.3 || ^5.0","symfony/translation":"^4.3 || ^5.0","twig/twig":"^2.0 || ^3.0"},"require-dev":{"phpunit/phpunit":"^7.5 || ^8.4","symfony/expression-language":"^4.3 || ^5.0","symfony/templating":"^3.4 || ^4.0"},"support":{"issues":"https://github.com/KnpLabs/KnpPaginatorBundle/issues","source":"https://github.com/KnpLabs/KnpPaginatorBundle/tree/master"}},{"version":"v4.1.1","version_normalized":"4.1.1.0","source":{"url":"https://github.com/KnpLabs/KnpPaginatorBundle.git","type":"git","reference":"ea6ac65818a734a9afaa05270e162506e726c184"},"dist":{"url":"https://api.github.com/repos/KnpLabs/KnpPaginatorBundle/zipball/ea6ac65818a734a9afaa05270e162506e726c184","type":"zip","shasum":"","reference":"ea6ac65818a734a9afaa05270e162506e726c184"},"time":"2019-11-30T12:18:02+00:00","autoload":{"psr-4":{"Knp\\Bundle\\PaginatorBundle\\":""}},"extra":{"branch-alias":{"dev-master":"4.1.x-dev"}},"require":{"php":"^7.1","knplabs/knp-components":"^1.3 || ^2.0","symfony/framework-bundle":"^3.4 || ^4.0","symfony/translation":"^3.4 || ^4.0","twig/twig":"^2.0"},"require-dev":{"phpunit/phpunit":"^6.4 || ^8.0","symfony/expression-language":"^3.4 || ^4.0"},"support":{"issues":"https://github.com/KnpLabs/KnpPaginatorBundle/issues","source":"https://github.com/KnpLabs/KnpPaginatorBundle/tree/v4"}},{"version":"v4.1.0","version_normalized":"4.1.0.0","source":{"url":"https://github.com/KnpLabs/KnpPaginatorBundle.git","type":"git","reference":"0e3cc11323f112470022d462c9e6718fd01c7e88"},"dist":{"url":"https://api.github.com/repos/KnpLabs/KnpPaginatorBundle/zipball/0e3cc11323f112470022d462c9e6718fd01c7e88","type":"zip","shasum":"","reference":"0e3cc11323f112470022d462c9e6718fd01c7e88"},"time":"2019-09-25T06:52:38+00:00","support":{"issues":"https://github.com/KnpLabs/KnpPaginatorBundle/issues","source":"https://github.com/KnpLabs/KnpPaginatorBundle/tree/v4.1.0"}},{"version":"v4.0.0","version_normalized":"4.0.0.0","source":{"url":"https://github.com/KnpLabs/KnpPaginatorBundle.git","type":"git","reference":"865781b323739c688daaec540f9905704cec51ef"},"dist":{"url":"https://api.github.com/repos/KnpLabs/KnpPaginatorBundle/zipball/865781b323739c688daaec540f9905704cec51ef","type":"zip","shasum":"","reference":"865781b323739c688daaec540f9905704cec51ef"},"time":"2019-06-27T07:23:50+00:00","support":{"issues":"https://github.com/KnpLabs/KnpPaginatorBundle/issues","source":"https://github.com/KnpLabs/KnpPaginatorBundle/tree/master"}},{"version":"v3.0.0","version_normalized":"3.0.0.0","source":{"url":"https://github.com/KnpLabs/KnpPaginatorBundle.git","type":"git","reference":"06100a8f3a1e878d3d2d5d06a61c4e648f94aed7"},"dist":{"url":"https://api.github.com/repos/KnpLabs/KnpPaginatorBundle/zipball/06100a8f3a1e878d3d2d5d06a61c4e648f94aed7","type":"zip","shasum":"","reference":"06100a8f3a1e878d3d2d5d06a61c4e648f94aed7"},"time":"2019-02-28T13:51:20+00:00","extra":{"branch-alias":{"dev-master":"3.0.x-dev"}},"require":{"php":">=5.6.0","symfony/framework-bundle":"~2.7|~3.0|~4.0","symfony/translation":"~2.7|~3.0|~4.0","knplabs/knp-components":"~1.2","twig/twig":"~1.12|~2"},"require-dev":{"symfony/expression-language":"~2.7|~3.0|~4.0","phpunit/phpunit":"~4.8.35|~5.4.3|~6.4"},"support":{"issues":"https://github.com/KnpLabs/KnpPaginatorBundle/issues","source":"https://github.com/KnpLabs/KnpPaginatorBundle/tree/v3.0.0"}},{"version":"v2.8.0","version_normalized":"2.8.0.0","source":{"url":"https://github.com/KnpLabs/KnpPaginatorBundle.git","type":"git","reference":"f4ece5b347121b9fe13166264f197f90252d4bd2"},"dist":{"url":"https://api.github.com/repos/KnpLabs/KnpPaginatorBundle/zipball/f4ece5b347121b9fe13166264f197f90252d4bd2","type":"zip","shasum":"","reference":"f4ece5b347121b9fe13166264f197f90252d4bd2"},"time":"2018-05-16T12:15:58+00:00","extra":{"branch-alias":{"dev-master":"2.8.x-dev"}},"require":{"php":">=5.3.3","symfony/framework-bundle":"~2.7|~3.0|~4.0","knplabs/knp-components":"~1.2","twig/twig":"~1.12|~2"},"support":{"issues":"https://github.com/KnpLabs/KnpPaginatorBundle/issues","source":"https://github.com/KnpLabs/KnpPaginatorBundle/tree/master"}},{"version":"v2.7.2","version_normalized":"2.7.2.0","source":{"url":"https://github.com/KnpLabs/KnpPaginatorBundle.git","type":"git","reference":"b94a409cf6507589a9697472909c0adaa0b76d06"},"dist":{"url":"https://api.github.com/repos/KnpLabs/KnpPaginatorBundle/zipball/b94a409cf6507589a9697472909c0adaa0b76d06","type":"zip","shasum":"","reference":"b94a409cf6507589a9697472909c0adaa0b76d06"},"time":"2018-01-30T08:43:41+00:00"},{"version":"v2.7.1","version_normalized":"2.7.1.0","source":{"url":"https://github.com/KnpLabs/KnpPaginatorBundle.git","type":"git","reference":"754129b52cd2bcc86025b4ef0de2d7ace73abac4"},"dist":{"url":"https://api.github.com/repos/KnpLabs/KnpPaginatorBundle/zipball/754129b52cd2bcc86025b4ef0de2d7ace73abac4","type":"zip","shasum":"","reference":"754129b52cd2bcc86025b4ef0de2d7ace73abac4"},"time":"2017-12-01T17:21:43+00:00"},{"version":"v2.7.0","version_normalized":"2.7.0.0","source":{"url":"https://github.com/KnpLabs/KnpPaginatorBundle.git","type":"git","reference":"e946edd57f8cf24a6d1efb31d65752477bb298cc"},"dist":{"url":"https://api.github.com/repos/KnpLabs/KnpPaginatorBundle/zipball/e946edd57f8cf24a6d1efb31d65752477bb298cc","type":"zip","shasum":"","reference":"e946edd57f8cf24a6d1efb31d65752477bb298cc"},"time":"2017-11-27T08:22:08+00:00","extra":{"branch-alias":{"dev-master":"2.7.x-dev"}}},{"description":"Paginator bundle for Symfony2 to automate pagination and simplify sorting and other features","keywords":["Symfony2","pager","knp","knplabs","paginator","pagination","bundle"],"version":"v2.6.0","version_normalized":"2.6.0.0","authors":[{"name":"KnpLabs Team","homepage":"http://knplabs.com"},{"name":"Symfony2 Community","homepage":"http://github.com/KnpLabs/KnpPaginatorBundle/contributors"}],"source":{"url":"https://github.com/KnpLabs/KnpPaginatorBundle.git","type":"git","reference":"293abb6a2f1ae53ace5796d0ef3e5ae1b8f92371"},"dist":{"url":"https://api.github.com/repos/KnpLabs/KnpPaginatorBundle/zipball/293abb6a2f1ae53ace5796d0ef3e5ae1b8f92371","type":"zip","shasum":"","reference":"293abb6a2f1ae53ace5796d0ef3e5ae1b8f92371"},"time":"2017-06-09T15:25:39+00:00","extra":{"branch-alias":{"dev-master":"2.5.x-dev"}},"require":{"php":">=5.3.3","symfony/framework-bundle":"~2.7|~3.0","knplabs/knp-components":"~1.2","twig/twig":"~1.12|~2"},"require-dev":{"symfony/expression-language":"~2.7|~3.0","phpunit/phpunit":"~4.8"}},{"version":"2.5.4","version_normalized":"2.5.4.0","source":{"url":"https://github.com/KnpLabs/KnpPaginatorBundle.git","type":"git","reference":"1618a19a871ba1245dc68e462b35e7df07dcfcc3"},"dist":{"url":"https://api.github.com/repos/KnpLabs/KnpPaginatorBundle/zipball/1618a19a871ba1245dc68e462b35e7df07dcfcc3","type":"zip","shasum":"","reference":"1618a19a871ba1245dc68e462b35e7df07dcfcc3"},"time":"2017-03-21T09:45:46+00:00","require":{"php":">=5.3.3","symfony/framework-bundle":"~2.3|~3.0","knplabs/knp-components":"~1.2","twig/twig":"~1.12|~2"},"require-dev":{"symfony/expression-language":"~2.4|~3.0","phpunit/phpunit":"~4.8"}},{"version":"2.5.3","version_normalized":"2.5.3.0","source":{"url":"https://github.com/KnpLabs/KnpPaginatorBundle.git","type":"git","reference":"c988761005504007c6c87d6a557641281194a0e5"},"dist":{"url":"https://api.github.com/repos/KnpLabs/KnpPaginatorBundle/zipball/c988761005504007c6c87d6a557641281194a0e5","type":"zip","shasum":"","reference":"c988761005504007c6c87d6a557641281194a0e5"},"time":"2016-04-20T11:40:30+00:00","require-dev":{"symfony/expression-language":"~2.4|~3.0"}},{"version":"2.5.2","version_normalized":"2.5.2.0","source":{"url":"https://github.com/KnpLabs/KnpPaginatorBundle.git","type":"git","reference":"2e669429175eb86c4c2524cd6eb55f0ec88bf7d4"},"dist":{"url":"https://api.github.com/repos/KnpLabs/KnpPaginatorBundle/zipball/2e669429175eb86c4c2524cd6eb55f0ec88bf7d4","type":"zip","shasum":"","reference":"2e669429175eb86c4c2524cd6eb55f0ec88bf7d4"},"time":"2016-04-20T10:15:45+00:00"},{"version":"2.5.1","version_normalized":"2.5.1.0","source":{"url":"https://github.com/KnpLabs/KnpPaginatorBundle.git","type":"git","reference":"5147740faff4d32e6f42acf64475314c35320fa4"},"dist":{"url":"https://api.github.com/repos/KnpLabs/KnpPaginatorBundle/zipball/5147740faff4d32e6f42acf64475314c35320fa4","type":"zip","shasum":"","reference":"5147740faff4d32e6f42acf64475314c35320fa4"},"time":"2015-11-23T17:51:40+00:00","extra":{"branch-alias":{"dev-master":"2.4.x-dev"}}},{"version":"2.5.0","version_normalized":"2.5.0.0","source":{"url":"https://github.com/KnpLabs/KnpPaginatorBundle.git","type":"git","reference":"4a1daf55560ca7cf9c13b357135d72f4dc13375f"},"dist":{"url":"https://api.github.com/repos/KnpLabs/KnpPaginatorBundle/zipball/4a1daf55560ca7cf9c13b357135d72f4dc13375f","type":"zip","shasum":"","reference":"4a1daf55560ca7cf9c13b357135d72f4dc13375f"},"time":"2015-09-07T04:31:31+00:00","require":{"php":">=5.3.3","symfony/framework-bundle":"~2.3","knplabs/knp-components":"~1.2","twig/twig":"~1.12"},"require-dev":{"symfony/expression-language":"~2.4"}},{"version":"2.4.2","version_normalized":"2.4.2.0","source":{"url":"https://github.com/KnpLabs/KnpPaginatorBundle.git","type":"git","reference":"800eb12f225573869b6f04d77a6e329a6da9110f"},"dist":{"url":"https://api.github.com/repos/KnpLabs/KnpPaginatorBundle/zipball/800eb12f225573869b6f04d77a6e329a6da9110f","type":"zip","shasum":"","reference":"800eb12f225573869b6f04d77a6e329a6da9110f"},"time":"2015-05-20T15:09:02+00:00","require":{"php":">=5.3.3","symfony/framework-bundle":"~2.0","knplabs/knp-components":"~1.2","twig/twig":"~1.5"}},{"version":"2.4.1","version_normalized":"2.4.1.0","source":{"url":"https://github.com/KnpLabs/KnpPaginatorBundle.git","type":"git","reference":"701dffe02dbe4aa8784d3d9e5343985318ef5e2c"},"dist":{"url":"https://api.github.com/repos/KnpLabs/KnpPaginatorBundle/zipball/701dffe02dbe4aa8784d3d9e5343985318ef5e2c","type":"zip","shasum":"","reference":"701dffe02dbe4aa8784d3d9e5343985318ef5e2c"},"time":"2014-09-15T15:49:24+00:00","autoload":{"psr-0":{"Knp\\Bundle\\PaginatorBundle":""}},"target-dir":"Knp/Bundle/PaginatorBundle","require-dev":"__unset"},{"version":"2.4.0","version_normalized":"2.4.0.0","source":{"url":"https://github.com/KnpLabs/KnpPaginatorBundle.git","type":"git","reference":"4202329b4d639c1a03d0007e31a52049d31c591e"},"dist":{"url":"https://api.github.com/repos/KnpLabs/KnpPaginatorBundle/zipball/4202329b4d639c1a03d0007e31a52049d31c591e","type":"zip","shasum":"","reference":"4202329b4d639c1a03d0007e31a52049d31c591e"},"time":"2014-01-21T07:26:00+00:00","extra":{"branch-alias":{"dev-master":"2.3.x-dev"}}},{"version":"2.3.3","version_normalized":"2.3.3.0","source":{"url":"https://github.com/KnpLabs/KnpPaginatorBundle.git","type":"git","reference":"ce6b7b36d3bed5cb6bfb9645018dd407395fce15"},"dist":{"url":"https://api.github.com/repos/KnpLabs/KnpPaginatorBundle/zipball/ce6b7b36d3bed5cb6bfb9645018dd407395fce15","type":"zip","shasum":"","reference":"ce6b7b36d3bed5cb6bfb9645018dd407395fce15"},"time":"2013-07-30T20:36:09+00:00"},{"version":"v2.3.2","version_normalized":"2.3.2.0","source":{"url":"https://github.com/KnpLabs/KnpPaginatorBundle.git","type":"git","reference":"84b368777e3ca9cbe9db56f4a7b3c3b558cdf9ae"},"dist":{"url":"https://api.github.com/repos/KnpLabs/KnpPaginatorBundle/zipball/84b368777e3ca9cbe9db56f4a7b3c3b558cdf9ae","type":"zip","shasum":"","reference":"84b368777e3ca9cbe9db56f4a7b3c3b558cdf9ae"},"time":"2013-02-18T17:29:20+00:00","require":{"php":">=5.3.3","symfony/framework-bundle":"~2.0","knplabs/knp-components":"~1.1","twig/twig":"~1.5"}},{"version":"v2.3.1","version_normalized":"2.3.1.0","source":{"url":"https://github.com/KnpLabs/KnpPaginatorBundle.git","type":"git","reference":"953dc231863d3dcad6e495dc92342cccdd4940de"},"dist":{"url":"https://api.github.com/repos/KnpLabs/KnpPaginatorBundle/zipball/953dc231863d3dcad6e495dc92342cccdd4940de","type":"zip","shasum":"","reference":"953dc231863d3dcad6e495dc92342cccdd4940de"},"time":"2013-02-06T20:14:42+00:00"},{"version":"v2.3","version_normalized":"2.3.0.0","source":{"url":"https://github.com/KnpLabs/KnpPaginatorBundle.git","type":"git","reference":"54c3a959e9cf9034a157ded7ebe4d4b4d5a2bd1f"},"dist":{"url":"https://api.github.com/repos/KnpLabs/KnpPaginatorBundle/zipball/54c3a959e9cf9034a157ded7ebe4d4b4d5a2bd1f","type":"zip","shasum":"","reference":"54c3a959e9cf9034a157ded7ebe4d4b4d5a2bd1f"},"time":"2013-01-18T17:41:27+00:00","support":{"issues":"https://github.com/KnpLabs/KnpPaginatorBundle/issues","source":"https://github.com/KnpLabs/KnpPaginatorBundle/tree/v2.3"}},{"version":"v2.2","version_normalized":"2.2.0.0","source":{"url":"https://github.com/KnpLabs/KnpPaginatorBundle.git","type":"git","reference":"77ad74f12476544b9ac0514831380cbf40bca5d3"},"dist":{"url":"https://api.github.com/repos/KnpLabs/KnpPaginatorBundle/zipball/77ad74f12476544b9ac0514831380cbf40bca5d3","type":"zip","shasum":"","reference":"77ad74f12476544b9ac0514831380cbf40bca5d3"},"time":"2012-03-23T17:44:24+00:00","require":{"php":">=5.3.2","symfony/framework-bundle":"2.*,<2.2","knplabs/knp-components":">=1.1"},"support":{"issues":"https://github.com/KnpLabs/KnpPaginatorBundle/issues","source":"https://github.com/KnpLabs/KnpPaginatorBundle/tree/v2.2"},"extra":"__unset"},{"version":"v2.1","version_normalized":"2.1.0.0","source":{"url":"https://github.com/KnpLabs/KnpPaginatorBundle.git","type":"git","reference":"31680321eb5249de1167757185a87ccab4196b4b"},"dist":{"url":"https://api.github.com/repos/KnpLabs/KnpPaginatorBundle/zipball/31680321eb5249de1167757185a87ccab4196b4b","type":"zip","shasum":"","reference":"31680321eb5249de1167757185a87ccab4196b4b"},"time":"2012-03-23T15:15:25+00:00","require":{"php":">=5.3.2","symfony/framework-bundle":"2.*,<2.2","knplabs/knp-components":"1.0"},"support":{"issues":"https://github.com/KnpLabs/KnpPaginatorBundle/issues","source":"https://github.com/KnpLabs/KnpPaginatorBundle/tree/v2.1"}},{"version":"v2.0","version_normalized":"2.0.0.0","source":{"url":"https://github.com/KnpLabs/KnpPaginatorBundle.git","type":"git","reference":"5af9ba6cdcc7f7b45737db808cfe4dd2ad386cf8"},"dist":{"url":"https://api.github.com/repos/KnpLabs/KnpPaginatorBundle/zipball/5af9ba6cdcc7f7b45737db808cfe4dd2ad386cf8","type":"zip","shasum":"","reference":"5af9ba6cdcc7f7b45737db808cfe4dd2ad386cf8"},"time":"2012-01-18T10:33:45+00:00","require":{"php":">=5.3.2","symfony/framework-bundle":"2.*,<2.2","knplabs/knp-components":"*"},"support":{"issues":"https://github.com/KnpLabs/KnpPaginatorBundle/issues","source":"https://github.com/KnpLabs/KnpPaginatorBundle/tree/v2.0"}}]},"security-advisories":[],"last-modified":"Sun, 28 Aug 2022 14:43:37 GMT"}