{"minified":"composer/2.0","packages":{"symfony/polyfill-intl-icu":[{"name":"symfony/polyfill-intl-icu","description":"Symfony polyfill for intl's ICU-related data and classes","keywords":["intl","compatibility","icu","portable","polyfill","shim"],"homepage":"https://symfony.com","version":"v1.26.0","version_normalized":"1.26.0.0","license":["MIT"],"authors":[{"name":"Nicolas Grekas","email":"p@tchwork.com"},{"name":"Symfony Community","homepage":"https://symfony.com/contributors"}],"source":{"url":"https://github.com/symfony/polyfill-intl-icu.git","type":"git","reference":"e407643d610e5f2c8a4b14189150f68934bf5e48"},"dist":{"url":"https://api.github.com/repos/symfony/polyfill-intl-icu/zipball/e407643d610e5f2c8a4b14189150f68934bf5e48","type":"zip","shasum":"","reference":"e407643d610e5f2c8a4b14189150f68934bf5e48"},"type":"library","funding":[{"url":"https://symfony.com/sponsor","type":"custom"},{"url":"https://github.com/fabpot","type":"github"},{"url":"https://tidelift.com/funding/github/packagist/symfony/symfony","type":"tidelift"}],"time":"2022-05-24T11:49:31+00:00","autoload":{"files":["bootstrap.php"],"psr-4":{"Symfony\\Polyfill\\Intl\\Icu\\":""},"classmap":["Resources/stubs"],"exclude-from-classmap":["/Tests/"]},"extra":{"branch-alias":{"dev-main":"1.26-dev"},"thanks":{"name":"symfony/polyfill","url":"https://github.com/symfony/polyfill"}},"require":{"php":">=7.1"},"suggest":{"ext-intl":"For best performance and support of other locales than \"en\""},"support":{"source":"https://github.com/symfony/polyfill-intl-icu/tree/v1.26.0"}},{"version":"v1.25.0","version_normalized":"1.25.0.0","source":{"url":"https://github.com/symfony/polyfill-intl-icu.git","type":"git","reference":"c023a439b8551e320cc3c8433b198e408a623af1"},"dist":{"url":"https://api.github.com/repos/symfony/polyfill-intl-icu/zipball/c023a439b8551e320cc3c8433b198e408a623af1","type":"zip","shasum":"","reference":"c023a439b8551e320cc3c8433b198e408a623af1"},"time":"2021-10-26T17:16:04+00:00","extra":{"branch-alias":{"dev-main":"1.23-dev"},"thanks":{"name":"symfony/polyfill","url":"https://github.com/symfony/polyfill"}},"support":{"source":"https://github.com/symfony/polyfill-intl-icu/tree/v1.25.0"}},{"version":"v1.24.0","version_normalized":"1.24.0.0","support":{"source":"https://github.com/symfony/polyfill-intl-icu/tree/v1.24.0"}},{"version":"v1.23.0","version_normalized":"1.23.0.0","source":{"url":"https://github.com/symfony/polyfill-intl-icu.git","type":"git","reference":"4a80a521d6176870b6445cfb469c130f9cae1dda"},"dist":{"url":"https://api.github.com/repos/symfony/polyfill-intl-icu/zipball/4a80a521d6176870b6445cfb469c130f9cae1dda","type":"zip","shasum":"","reference":"4a80a521d6176870b6445cfb469c130f9cae1dda"},"time":"2021-05-24T10:04:56+00:00","support":{"source":"https://github.com/symfony/polyfill-intl-icu/tree/v1.23.0"}},{"version":"v1.22.1","version_normalized":"1.22.1.0","source":{"url":"https://github.com/symfony/polyfill-intl-icu.git","type":"git","reference":"af1842919c7e7364aaaa2798b29839e3ba168588"},"dist":{"url":"https://api.github.com/repos/symfony/polyfill-intl-icu/zipball/af1842919c7e7364aaaa2798b29839e3ba168588","type":"zip","shasum":"","reference":"af1842919c7e7364aaaa2798b29839e3ba168588"},"time":"2021-01-22T09:19:47+00:00","extra":{"branch-alias":{"dev-main":"1.22-dev"},"thanks":{"name":"symfony/polyfill","url":"https://github.com/symfony/polyfill"}},"support":{"source":"https://github.com/symfony/polyfill-intl-icu/tree/v1.22.1"}},{"version":"v1.22.0","version_normalized":"1.22.0.0","source":{"url":"https://github.com/symfony/polyfill-intl-icu.git","type":"git","reference":"b2b1e732a6c039f1a3ea3414b3379a2433e183d6"},"dist":{"url":"https://api.github.com/repos/symfony/polyfill-intl-icu/zipball/b2b1e732a6c039f1a3ea3414b3379a2433e183d6","type":"zip","shasum":"","reference":"b2b1e732a6c039f1a3ea3414b3379a2433e183d6"},"time":"2021-01-07T16:49:33+00:00","support":{"source":"https://github.com/symfony/polyfill-intl-icu/tree/v1.22.0"}},{"version":"v1.20.0","version_normalized":"1.20.0.0","source":{"url":"https://github.com/symfony/polyfill-intl-icu.git","type":"git","reference":"c44d5bf6a75eed79555c6bf37505c6d39559353e"},"dist":{"url":"https://api.github.com/repos/symfony/polyfill-intl-icu/zipball/c44d5bf6a75eed79555c6bf37505c6d39559353e","type":"zip","shasum":"","reference":"c44d5bf6a75eed79555c6bf37505c6d39559353e"},"time":"2020-10-23T14:02:19+00:00","autoload":{"files":["bootstrap.php"]},"extra":{"branch-alias":{"dev-main":"1.20-dev"},"thanks":{"name":"symfony/polyfill","url":"https://github.com/symfony/polyfill"}},"require":{"php":">=7.1","symfony/intl":"~2.3|~3.0|~4.0|~5.0"},"suggest":{"ext-intl":"For best performance"},"support":{"source":"https://github.com/symfony/polyfill-intl-icu/tree/v1.20.0"}},{"version":"v1.19.0","version_normalized":"1.19.0.0","source":{"url":"https://github.com/symfony/polyfill-intl-icu.git","type":"git","reference":"f740dd60a5b5f1511229e107f7e59f404b102084"},"dist":{"url":"https://api.github.com/repos/symfony/polyfill-intl-icu/zipball/f740dd60a5b5f1511229e107f7e59f404b102084","type":"zip","shasum":"","reference":"f740dd60a5b5f1511229e107f7e59f404b102084"},"time":"2020-10-23T09:01:57+00:00","extra":{"branch-alias":{"dev-main":"1.19-dev"},"thanks":{"name":"symfony/polyfill","url":"https://github.com/symfony/polyfill"}},"require":{"php":">=5.3.3","symfony/intl":"~2.3|~3.0|~4.0|~5.0"},"support":{"source":"https://github.com/symfony/polyfill-intl-icu/tree/v1.19.0"}},{"version":"v1.18.1","version_normalized":"1.18.1.0","source":{"url":"https://github.com/symfony/polyfill-intl-icu.git","type":"git","reference":"4e45a6e39041a9cc78835b11abc47874ae302a55"},"dist":{"url":"https://api.github.com/repos/symfony/polyfill-intl-icu/zipball/4e45a6e39041a9cc78835b11abc47874ae302a55","type":"zip","shasum":"","reference":"4e45a6e39041a9cc78835b11abc47874ae302a55"},"time":"2020-07-14T12:35:20+00:00","extra":{"branch-alias":{"dev-master":"1.18-dev"},"thanks":{"name":"symfony/polyfill","url":"https://github.com/symfony/polyfill"}},"support":{"source":"https://github.com/symfony/polyfill-intl-icu/tree/v1.18.1"}},{"version":"v1.18.0","version_normalized":"1.18.0.0","support":{"source":"https://github.com/symfony/polyfill-intl-icu/tree/master"}},{"version":"v1.17.1","version_normalized":"1.17.1.0","source":{"url":"https://github.com/symfony/polyfill-intl-icu.git","type":"git","reference":"7b5e03aeb88cc8b4b2b136e34b0fc0830e86cd4d"},"dist":{"url":"https://api.github.com/repos/symfony/polyfill-intl-icu/zipball/7b5e03aeb88cc8b4b2b136e34b0fc0830e86cd4d","type":"zip","shasum":"","reference":"7b5e03aeb88cc8b4b2b136e34b0fc0830e86cd4d"},"time":"2020-06-06T08:46:27+00:00","extra":{"branch-alias":{"dev-master":"1.17-dev"},"thanks":{"name":"symfony/polyfill","url":"https://github.com/symfony/polyfill"}}},{"version":"v1.17.0","version_normalized":"1.17.0.0","source":{"url":"https://github.com/symfony/polyfill-intl-icu.git","type":"git","reference":"4ef3923e4a86e1b6ef72d42be59dbf7d33a685e3"},"dist":{"url":"https://api.github.com/repos/symfony/polyfill-intl-icu/zipball/4ef3923e4a86e1b6ef72d42be59dbf7d33a685e3","type":"zip","shasum":"","reference":"4ef3923e4a86e1b6ef72d42be59dbf7d33a685e3"},"time":"2020-05-12T16:14:59+00:00","extra":{"branch-alias":{"dev-master":"1.17-dev"}}},{"version":"v1.16.0","version_normalized":"1.16.0.0","source":{"url":"https://github.com/symfony/polyfill-intl-icu.git","type":"git","reference":"0913a9ab67d6042966287c8ad996927b6c710330"},"dist":{"url":"https://api.github.com/repos/symfony/polyfill-intl-icu/zipball/0913a9ab67d6042966287c8ad996927b6c710330","type":"zip","shasum":"","reference":"0913a9ab67d6042966287c8ad996927b6c710330"},"time":"2020-05-08T16:50:20+00:00","extra":{"branch-alias":{"dev-master":"1.16-dev"}}},{"version":"v1.15.0","version_normalized":"1.15.0.0","source":{"url":"https://github.com/symfony/polyfill-intl-icu.git","type":"git","reference":"9c281272735eb66476e0fa7381e03fb0d4b60197"},"dist":{"url":"https://api.github.com/repos/symfony/polyfill-intl-icu/zipball/9c281272735eb66476e0fa7381e03fb0d4b60197","type":"zip","shasum":"","reference":"9c281272735eb66476e0fa7381e03fb0d4b60197"},"time":"2020-02-27T09:26:54+00:00","extra":{"branch-alias":{"dev-master":"1.15-dev"}},"support":{"source":"https://github.com/symfony/polyfill-intl-icu/tree/v1.15.0"}},{"version":"v1.14.0","version_normalized":"1.14.0.0","source":{"url":"https://github.com/symfony/polyfill-intl-icu.git","type":"git","reference":"727b3bb5bfa7ca9eeb86416784cf1c08a6289b86"},"dist":{"url":"https://api.github.com/repos/symfony/polyfill-intl-icu/zipball/727b3bb5bfa7ca9eeb86416784cf1c08a6289b86","type":"zip","shasum":"","reference":"727b3bb5bfa7ca9eeb86416784cf1c08a6289b86"},"time":"2020-01-13T11:15:53+00:00","extra":{"branch-alias":{"dev-master":"1.14-dev"}},"support":{"source":"https://github.com/symfony/polyfill-intl-icu/tree/v1.14.0"},"funding":"__unset"},{"version":"v1.13.2","version_normalized":"1.13.2.0","source":{"url":"https://github.com/symfony/polyfill-intl-icu.git","type":"git","reference":"b3dffd68afa61ca70f2327f2dd9bbeb6aa53d70b"},"dist":{"url":"https://api.github.com/repos/symfony/polyfill-intl-icu/zipball/b3dffd68afa61ca70f2327f2dd9bbeb6aa53d70b","type":"zip","shasum":"","reference":"b3dffd68afa61ca70f2327f2dd9bbeb6aa53d70b"},"time":"2019-11-27T13:56:44+00:00","extra":{"branch-alias":{"dev-master":"1.13-dev"}},"support":{"source":"https://github.com/symfony/polyfill-intl-icu/tree/master"}},{"version":"v1.13.1","version_normalized":"1.13.1.0","support":{"source":"https://github.com/symfony/polyfill-intl-icu/tree/v1.13.0"}},{"version":"v1.13.0","version_normalized":"1.13.0.0"},{"version":"v1.12.0","version_normalized":"1.12.0.0","source":{"url":"https://github.com/symfony/polyfill-intl-icu.git","type":"git","reference":"66810b9d6eb4af54d543867909d65ab9af654d7e"},"dist":{"url":"https://api.github.com/repos/symfony/polyfill-intl-icu/zipball/66810b9d6eb4af54d543867909d65ab9af654d7e","type":"zip","shasum":"","reference":"66810b9d6eb4af54d543867909d65ab9af654d7e"},"time":"2019-08-06T08:03:45+00:00","extra":{"branch-alias":{"dev-master":"1.12-dev"}},"support":{"source":"https://github.com/symfony/polyfill-intl-icu/tree/master"}},{"version":"v1.11.0","version_normalized":"1.11.0.0","source":{"url":"https://github.com/symfony/polyfill-intl-icu.git","type":"git","reference":"999878a3a09d73cae157b0cf89bb6fb2cc073057"},"dist":{"url":"https://api.github.com/repos/symfony/polyfill-intl-icu/zipball/999878a3a09d73cae157b0cf89bb6fb2cc073057","type":"zip","shasum":"","reference":"999878a3a09d73cae157b0cf89bb6fb2cc073057"},"time":"2019-01-07T19:39:47+00:00","extra":{"branch-alias":{"dev-master":"1.9-dev"}},"require":{"php":">=5.3.3","symfony/intl":"~2.3|~3.0|~4.0"}},{"version":"v1.10.0","version_normalized":"1.10.0.0","source":{"url":"https://github.com/symfony/polyfill-intl-icu.git","type":"git","reference":"f22a90256d577c7ef7efad8df1f0201663d57644"},"dist":{"url":"https://api.github.com/repos/symfony/polyfill-intl-icu/zipball/f22a90256d577c7ef7efad8df1f0201663d57644","type":"zip","shasum":"","reference":"f22a90256d577c7ef7efad8df1f0201663d57644"},"time":"2018-08-06T14:22:27+00:00","support":{"source":"https://github.com/symfony/polyfill-intl-icu/tree/v1.9.0"}},{"version":"v1.9.0","version_normalized":"1.9.0.0"},{"version":"v1.8.0","version_normalized":"1.8.0.0","source":{"url":"https://github.com/symfony/polyfill-intl-icu.git","type":"git","reference":"80ee17ae83c10cd513e5144f91a73607a21edb4e"},"dist":{"url":"https://api.github.com/repos/symfony/polyfill-intl-icu/zipball/80ee17ae83c10cd513e5144f91a73607a21edb4e","type":"zip","shasum":"","reference":"80ee17ae83c10cd513e5144f91a73607a21edb4e"},"time":"2018-04-25T14:53:50+00:00","extra":{"branch-alias":{"dev-master":"1.8-dev"}},"support":{"source":"https://github.com/symfony/polyfill-intl-icu/tree/master"}},{"version":"v1.7.0","version_normalized":"1.7.0.0","source":{"url":"https://github.com/symfony/polyfill-intl-icu.git","type":"git","reference":"254919c03761d46c29291616576ed003f10e91c1"},"dist":{"url":"https://api.github.com/repos/symfony/polyfill-intl-icu/zipball/254919c03761d46c29291616576ed003f10e91c1","type":"zip","shasum":"","reference":"254919c03761d46c29291616576ed003f10e91c1"},"time":"2018-01-30T19:27:44+00:00","extra":{"branch-alias":{"dev-master":"1.7-dev"}}},{"version":"v1.6.0","version_normalized":"1.6.0.0","source":{"url":"https://github.com/symfony/polyfill-intl-icu.git","type":"git","reference":"d2bb2ef00dd8605d6fbd4db53ed4af1395953497"},"dist":{"url":"https://api.github.com/repos/symfony/polyfill-intl-icu/zipball/d2bb2ef00dd8605d6fbd4db53ed4af1395953497","type":"zip","shasum":"","reference":"d2bb2ef00dd8605d6fbd4db53ed4af1395953497"},"time":"2017-10-11T12:05:26+00:00","extra":{"branch-alias":{"dev-master":"1.6-dev"}}},{"version":"v1.5.0","version_normalized":"1.5.0.0","source":{"url":"https://github.com/symfony/polyfill-intl-icu.git","type":"git","reference":"4aa0b65dc71a7369c1e7e6e2a3ca027d9decdb09"},"dist":{"url":"https://api.github.com/repos/symfony/polyfill-intl-icu/zipball/4aa0b65dc71a7369c1e7e6e2a3ca027d9decdb09","type":"zip","shasum":"","reference":"4aa0b65dc71a7369c1e7e6e2a3ca027d9decdb09"},"time":"2017-06-14T15:44:48+00:00","extra":{"branch-alias":{"dev-master":"1.5-dev"}}},{"version":"v1.4.0","version_normalized":"1.4.0.0","source":{"url":"https://github.com/symfony/polyfill-intl-icu.git","type":"git","reference":"3191cbe0ce64987bd382daf6724af31c53daae01"},"dist":{"url":"https://api.github.com/repos/symfony/polyfill-intl-icu/zipball/3191cbe0ce64987bd382daf6724af31c53daae01","type":"zip","shasum":"","reference":"3191cbe0ce64987bd382daf6724af31c53daae01"},"time":"2017-06-09T08:25:21+00:00","extra":{"branch-alias":{"dev-master":"1.4-dev"}}},{"version":"v1.3.1","version_normalized":"1.3.1.0","source":{"url":"https://github.com/symfony/polyfill-intl-icu.git","type":"git","reference":"d50e463203eaeb2a6f695ff25e5688488f9c148e"},"dist":{"url":"https://api.github.com/repos/symfony/polyfill-intl-icu/zipball/d50e463203eaeb2a6f695ff25e5688488f9c148e","type":"zip","shasum":"","reference":"d50e463203eaeb2a6f695ff25e5688488f9c148e"},"time":"2017-05-18T08:45:39+00:00","extra":{"branch-alias":{"dev-master":"1.3-dev"}}},{"version":"v1.3.0","version_normalized":"1.3.0.0","source":{"url":"https://github.com/symfony/polyfill-intl-icu.git","type":"git","reference":"2d6e2b20d457603eefb6e614286c22efca30fdb4"},"dist":{"url":"https://api.github.com/repos/symfony/polyfill-intl-icu/zipball/2d6e2b20d457603eefb6e614286c22efca30fdb4","type":"zip","shasum":"","reference":"2d6e2b20d457603eefb6e614286c22efca30fdb4"},"time":"2016-11-14T01:06:16+00:00","require":{"php":">=5.3.3","symfony/intl":"~2.3|~3.0"}},{"version":"v1.2.0","version_normalized":"1.2.0.0","source":{"url":"https://github.com/symfony/polyfill-intl-icu.git","type":"git","reference":"0f8dc2c45f69f8672379e9210bca4a115cd5146f"},"dist":{"url":"https://api.github.com/repos/symfony/polyfill-intl-icu/zipball/0f8dc2c45f69f8672379e9210bca4a115cd5146f","type":"zip","shasum":"","reference":"0f8dc2c45f69f8672379e9210bca4a115cd5146f"},"time":"2016-05-18T14:26:46+00:00","extra":{"branch-alias":{"dev-master":"1.2-dev"}}},{"version":"v1.1.1","version_normalized":"1.1.1.0","source":{"url":"https://github.com/symfony/polyfill-intl-icu.git","type":"git","reference":"8328069d9f5322f0e7b3c3518485acfdc94c3942"},"dist":{"url":"https://api.github.com/repos/symfony/polyfill-intl-icu/zipball/8328069d9f5322f0e7b3c3518485acfdc94c3942","type":"zip","shasum":"","reference":"8328069d9f5322f0e7b3c3518485acfdc94c3942"},"time":"2016-02-26T16:18:12+00:00","extra":{"branch-alias":{"dev-master":"1.1-dev"}}},{"version":"v1.1.0","version_normalized":"1.1.0.0","source":{"url":"https://github.com/symfony/polyfill-intl-icu.git","type":"git","reference":"66b0bb4abda229bc073eff6bbc8f2685bdaac165"},"dist":{"url":"https://api.github.com/repos/symfony/polyfill-intl-icu/zipball/66b0bb4abda229bc073eff6bbc8f2685bdaac165","type":"zip","shasum":"","reference":"66b0bb4abda229bc073eff6bbc8f2685bdaac165"},"time":"2016-01-20T09:13:37+00:00","suggest":"__unset"},{"version":"v1.0.1","version_normalized":"1.0.1.0","source":{"url":"https://github.com/symfony/polyfill-intl-icu.git","type":"git","reference":"2deb44160e1c886241c06602b12b98779f728177"},"dist":{"url":"https://api.github.com/repos/symfony/polyfill-intl-icu/zipball/2deb44160e1c886241c06602b12b98779f728177","type":"zip","shasum":"","reference":"2deb44160e1c886241c06602b12b98779f728177"},"time":"2015-11-04T20:28:58+00:00","extra":{"branch-alias":{"dev-master":"1.0-dev"}}},{"version":"v1.0.0","version_normalized":"1.0.0.0"}]},"security-advisories":[],"last-modified":"Sat, 02 Jul 2022 08:46:40 GMT"}