{"minified":"composer/2.0","packages":{"knplabs/knp-components":[{"name":"knplabs/knp-components","description":"Knplabs component library","keywords":["pager","components","knp","knplabs","paginator"],"homepage":"http://github.com/KnpLabs/knp-components","version":"v4.0.0","version_normalized":"4.0.0.0","license":["MIT"],"authors":[{"name":"KnpLabs Team","homepage":"https://knplabs.com"},{"name":"Symfony Community","homepage":"https://github.com/KnpLabs/knp-components/contributors"}],"source":{"url":"https://github.com/KnpLabs/knp-components.git","type":"git","reference":"1318a7e1797904eb5311b7646e8bfa4033e51875"},"dist":{"url":"https://api.github.com/repos/KnpLabs/knp-components/zipball/1318a7e1797904eb5311b7646e8bfa4033e51875","type":"zip","shasum":"","reference":"1318a7e1797904eb5311b7646e8bfa4033e51875"},"type":"library","time":"2022-09-18T15:19:19+00:00","autoload":{"psr-4":{"Knp\\Component\\":"src/Knp/Component"}},"extra":{"branch-alias":{"dev-master":"4.x-dev"}},"require":{"php":"^8.0","symfony/event-dispatcher-contracts":"^3.0"},"require-dev":{"ext-pdo_sqlite":"*","doctrine/mongodb-odm":"^2.4","doctrine/orm":"^2.12","doctrine/phpcr-odm":"^1.6","jackalope/jackalope-doctrine-dbal":"^1.8","phpunit/phpunit":"^9.5","propel/propel1":"^1.7","ruflin/elastica":"^7.0","solarium/solarium":"^6.0","symfony/http-foundation":"^5.4 || ^6.0","symfony/http-kernel":"^5.4 || ^6.0","symfony/property-access":"^5.4 || ^6.0"},"suggest":{"doctrine/common":"to allow usage pagination with Doctrine ArrayCollection","doctrine/mongodb-odm":"to allow usage pagination with Doctrine ODM MongoDB","doctrine/orm":"to allow usage pagination with Doctrine ORM","doctrine/phpcr-odm":"to allow usage pagination with Doctrine ODM PHPCR","propel/propel1":"to allow usage pagination with Propel ORM","ruflin/elastica":"to allow usage pagination with ElasticSearch Client","solarium/solarium":"to allow usage pagination with Solarium Client","symfony/http-foundation":"to retrieve arguments from Request","symfony/property-access":"to allow sorting arrays"},"conflict":{"doctrine/dbal":"<2.10"},"support":{"issues":"https://github.com/KnpLabs/knp-components/issues","source":"https://github.com/KnpLabs/knp-components/tree/v4.0.0"}},{"version":"v3.6.0","version_normalized":"3.6.0.0","source":{"url":"https://github.com/KnpLabs/knp-components.git","type":"git","reference":"145d74f3fbb24619a60a6f7e54aa4bd10862b07a"},"dist":{"url":"https://api.github.com/repos/KnpLabs/knp-components/zipball/145d74f3fbb24619a60a6f7e54aa4bd10862b07a","type":"zip","shasum":"","reference":"145d74f3fbb24619a60a6f7e54aa4bd10862b07a"},"time":"2022-08-18T06:36:14+00:00","extra":{"branch-alias":{"dev-master":"3.x-dev"}},"require":{"php":"^7.4 || ^8.0","symfony/event-dispatcher-contracts":"^2.0 || ^3.0","symfony/http-foundation":"^4.4 || ^5.4 || ^6.0"},"require-dev":{"ext-pdo_sqlite":"*","doctrine/mongodb-odm":"^2.0","doctrine/orm":"^2.7","doctrine/phpcr-odm":"^1.2","jackalope/jackalope-doctrine-dbal":"^1.2","phpunit/phpunit":"^9.5","propel/propel1":"^1.7","ruflin/elastica":"^7.0","solarium/solarium":"^6.0","symfony/http-kernel":"^4.4 || ^5.4 || ^6.0","symfony/property-access":"^4.4 || ^5.4 || ^6.0"},"suggest":{"doctrine/common":"to allow usage pagination with Doctrine ArrayCollection","doctrine/mongodb-odm":"to allow usage pagination with Doctrine ODM MongoDB","doctrine/orm":"to allow usage pagination with Doctrine ORM","doctrine/phpcr-odm":"to allow usage pagination with Doctrine ODM PHPCR","propel/propel1":"to allow usage pagination with Propel ORM","ruflin/elastica":"to allow usage pagination with ElasticSearch Client","solarium/solarium":"to allow usage pagination with Solarium Client","symfony/property-access":"To allow sorting arrays"},"support":{"issues":"https://github.com/KnpLabs/knp-components/issues","source":"https://github.com/KnpLabs/knp-components/tree/v3.6.0"}},{"version":"v3.5.0","version_normalized":"3.5.0.0","source":{"url":"https://github.com/KnpLabs/knp-components.git","type":"git","reference":"755b0d10902a7db5dc654e9af86a7dcb9c7c5b7d"},"dist":{"url":"https://api.github.com/repos/KnpLabs/knp-components/zipball/755b0d10902a7db5dc654e9af86a7dcb9c7c5b7d","type":"zip","shasum":"","reference":"755b0d10902a7db5dc654e9af86a7dcb9c7c5b7d"},"time":"2021-12-11T12:45:19+00:00","support":{"issues":"https://github.com/KnpLabs/knp-components/issues","source":"https://github.com/KnpLabs/knp-components/tree/v3.5.0"}},{"version":"v3.4.0","version_normalized":"3.4.0.0","source":{"url":"https://github.com/KnpLabs/knp-components.git","type":"git","reference":"d990ef101bab58a078b6eb7250e57f5c68af5604"},"dist":{"url":"https://api.github.com/repos/KnpLabs/knp-components/zipball/d990ef101bab58a078b6eb7250e57f5c68af5604","type":"zip","shasum":"","reference":"d990ef101bab58a078b6eb7250e57f5c68af5604"},"time":"2021-12-04T18:46:24+00:00","require":{"php":"^7.3 || ^8.0","symfony/event-dispatcher-contracts":"^1.1 || ^2.0","symfony/http-foundation":"^4.4 || ^5.4 || ^6.0"},"support":{"issues":"https://github.com/KnpLabs/knp-components/issues","source":"https://github.com/KnpLabs/knp-components/tree/v3.4.0"}},{"version":"v3.3.0","version_normalized":"3.3.0.0","source":{"url":"https://github.com/KnpLabs/knp-components.git","type":"git","reference":"03e8ad16261dd8a70a8c6e01f18eb3852437546e"},"dist":{"url":"https://api.github.com/repos/KnpLabs/knp-components/zipball/03e8ad16261dd8a70a8c6e01f18eb3852437546e","type":"zip","shasum":"","reference":"03e8ad16261dd8a70a8c6e01f18eb3852437546e"},"time":"2021-10-29T06:56:28+00:00","require":{"php":"^7.3 || ^8.0","symfony/event-dispatcher-contracts":"^1.1 || ^2.0","symfony/http-foundation":"^4.4 || ^5.3 || ^6.0"},"require-dev":{"ext-pdo_sqlite":"*","doctrine/mongodb-odm":"^2.0","doctrine/orm":"^2.7","doctrine/phpcr-odm":"^1.2","jackalope/jackalope-doctrine-dbal":"^1.2","phpunit/phpunit":"^9.5","propel/propel1":"^1.7","ruflin/elastica":"^7.0","solarium/solarium":"^6.0","symfony/http-kernel":"^4.4 || ^5.2","symfony/property-access":"^4.4 || ^5.3 || ^6.0"},"support":{"issues":"https://github.com/KnpLabs/knp-components/issues","source":"https://github.com/KnpLabs/knp-components/tree/v3.3.0"}},{"version":"v3.2.0","version_normalized":"3.2.0.0","source":{"url":"https://github.com/KnpLabs/knp-components.git","type":"git","reference":"042797f03c40f74136f036c895d896ce1aeb3146"},"dist":{"url":"https://api.github.com/repos/KnpLabs/knp-components/zipball/042797f03c40f74136f036c895d896ce1aeb3146","type":"zip","shasum":"","reference":"042797f03c40f74136f036c895d896ce1aeb3146"},"time":"2021-10-21T06:52:37+00:00","require":{"php":"^7.3 || ^8.0","symfony/event-dispatcher-contracts":"^1.1 || ^2.0","symfony/http-foundation":"^4.4 || ^5.2"},"require-dev":{"ext-pdo_sqlite":"*","doctrine/mongodb-odm":"^2.0","doctrine/orm":"^2.7","doctrine/phpcr-odm":"^1.2","jackalope/jackalope-doctrine-dbal":"^1.2","phpunit/phpunit":"^9.5","propel/propel1":"^1.7","ruflin/elastica":"^7.0","solarium/solarium":"^6.0","symfony/http-kernel":"^4.4 || ^5.2","symfony/property-access":"^4.4 || ^5.2"},"support":{"issues":"https://github.com/KnpLabs/knp-components/issues","source":"https://github.com/KnpLabs/knp-components/tree/v3.2.0"}},{"version":"v3.1.0","version_normalized":"3.1.0.0","source":{"url":"https://github.com/KnpLabs/knp-components.git","type":"git","reference":"f06a6ebea71a91c8cd34213f9417004062133627"},"dist":{"url":"https://api.github.com/repos/KnpLabs/knp-components/zipball/f06a6ebea71a91c8cd34213f9417004062133627","type":"zip","shasum":"","reference":"f06a6ebea71a91c8cd34213f9417004062133627"},"time":"2021-06-23T12:27:23+00:00","support":{"issues":"https://github.com/KnpLabs/knp-components/issues","source":"https://github.com/KnpLabs/knp-components/tree/v3.1.0"},"conflict":"__unset"},{"version":"v3.0.2","version_normalized":"3.0.2.0","source":{"url":"https://github.com/KnpLabs/knp-components.git","type":"git","reference":"7db2eb032591ded5809455af8a4dfdfda079041c"},"dist":{"url":"https://api.github.com/repos/KnpLabs/knp-components/zipball/7db2eb032591ded5809455af8a4dfdfda079041c","type":"zip","shasum":"","reference":"7db2eb032591ded5809455af8a4dfdfda079041c"},"time":"2021-03-16T13:52:01+00:00","require":{"php":"^7.3 || ^8.0","symfony/event-dispatcher-contracts":"^1.1 || ^2.0","symfony/http-foundation":"^4.4 || ^5.1"},"require-dev":{"ext-pdo_sqlite":"*","doctrine/mongodb-odm":"^2.0","doctrine/orm":"^2.7","doctrine/phpcr-odm":"^1.2","jackalope/jackalope-doctrine-dbal":"^1.2","phpunit/phpunit":"^9.5","ruflin/elastica":"^7.0","symfony/http-kernel":"^4.4 || ^5.1","symfony/property-access":"^4.4 || ^5.1"},"support":{"issues":"https://github.com/KnpLabs/knp-components/issues","source":"https://github.com/KnpLabs/knp-components/tree/v3.0.2"}},{"version":"v3.0.1","version_normalized":"3.0.1.0","source":{"url":"https://github.com/KnpLabs/knp-components.git","type":"git","reference":"b235cf756c6a72d1d378453c58ebd7fc2e8d911d"},"dist":{"url":"https://api.github.com/repos/KnpLabs/knp-components/zipball/b235cf756c6a72d1d378453c58ebd7fc2e8d911d","type":"zip","shasum":"","reference":"b235cf756c6a72d1d378453c58ebd7fc2e8d911d"},"time":"2021-03-05T08:30:55+00:00","support":{"issues":"https://github.com/KnpLabs/knp-components/issues","source":"https://github.com/KnpLabs/knp-components/tree/v3.0.1"}},{"version":"v3.0.0","version_normalized":"3.0.0.0","source":{"url":"https://github.com/KnpLabs/knp-components.git","type":"git","reference":"246b700fdc40020f1db1c887cd462b9b9d3b79b0"},"dist":{"url":"https://api.github.com/repos/KnpLabs/knp-components/zipball/246b700fdc40020f1db1c887cd462b9b9d3b79b0","type":"zip","shasum":"","reference":"246b700fdc40020f1db1c887cd462b9b9d3b79b0"},"time":"2020-11-30T09:24:34+00:00","require-dev":{"doctrine/mongodb-odm":"^2.0","doctrine/orm":"^2.7","doctrine/phpcr-odm":"^1.2","jackalope/jackalope-doctrine-dbal":"^1.2","phpunit/phpunit":"^9.4","ruflin/elastica":"^1.0","symfony/http-kernel":"^4.4 || ^5.1","symfony/property-access":"^4.4 || ^5.1"},"support":{"issues":"https://github.com/KnpLabs/knp-components/issues","source":"https://github.com/KnpLabs/knp-components/tree/v3.0.0"}},{"version":"v2.5.1","version_normalized":"2.5.1.0","source":{"url":"https://github.com/KnpLabs/knp-components.git","type":"git","reference":"ab7ced8a662e6aa1898b5c4919fe3eb78d62d963"},"dist":{"url":"https://api.github.com/repos/KnpLabs/knp-components/zipball/ab7ced8a662e6aa1898b5c4919fe3eb78d62d963","type":"zip","shasum":"","reference":"ab7ced8a662e6aa1898b5c4919fe3eb78d62d963"},"time":"2020-11-27T10:10:33+00:00","require":{"php":"^7.2","symfony/event-dispatcher":"^3.4 || ^4.0 || ^5.0","symfony/http-foundation":"^3.4 || ^4.0 || ^5.0","symfony/deprecation-contracts":"^2.1"},"require-dev":{"doctrine/mongodb-odm":"^2.0","doctrine/orm":"^2.5","doctrine/phpcr-odm":"^1.2","jackalope/jackalope-doctrine-dbal":"^1.2","phpunit/phpunit":"^8.5 || ^9.3","ruflin/elastica":"^1.0","symfony/http-kernel":"^3.4 || ^4.0 || ^5.0","symfony/property-access":"^3.4 || ^4.0 || ^5.0"},"support":{"issues":"https://github.com/KnpLabs/knp-components/issues","source":"https://github.com/KnpLabs/knp-components/tree/v2.5.1"}},{"version":"v2.5.0","version_normalized":"2.5.0.0","source":{"url":"https://github.com/KnpLabs/knp-components.git","type":"git","reference":"64bf3b5dc974f9637707a447edc911d8da2781d2"},"dist":{"url":"https://api.github.com/repos/KnpLabs/knp-components/zipball/64bf3b5dc974f9637707a447edc911d8da2781d2","type":"zip","shasum":"","reference":"64bf3b5dc974f9637707a447edc911d8da2781d2"},"time":"2020-11-22T13:39:54+00:00","support":{"issues":"https://github.com/KnpLabs/knp-components/issues","source":"https://github.com/KnpLabs/knp-components/tree/v2.5.0"}},{"version":"v2.4.2","version_normalized":"2.4.2.0","source":{"url":"https://github.com/KnpLabs/knp-components.git","type":"git","reference":"8486446af9591c9c3decaae6c234739288c80a5f"},"dist":{"url":"https://api.github.com/repos/KnpLabs/knp-components/zipball/8486446af9591c9c3decaae6c234739288c80a5f","type":"zip","shasum":"","reference":"8486446af9591c9c3decaae6c234739288c80a5f"},"time":"2020-07-22T07:39:34+00:00","extra":{"branch-alias":{"dev-master":"2.5.0-dev"}},"require-dev":{"doctrine/mongodb-odm":"^2.0","doctrine/orm":"^2.5","doctrine/phpcr-odm":"^1.2","jackalope/jackalope-doctrine-dbal":"^1.2","phpunit/phpunit":"^8.5 || ^9.5","ruflin/elastica":"^1.0","symfony/http-kernel":"^3.4 || ^4.0 || ^5.0","symfony/property-access":"^3.4 || ^4.0 || ^5.0"},"support":{"issues":"https://github.com/KnpLabs/knp-components/issues","source":"https://github.com/KnpLabs/knp-components/tree/v2.4.2"}},{"version":"v2.4.1","version_normalized":"2.4.1.0","source":{"url":"https://github.com/KnpLabs/knp-components.git","type":"git","reference":"fd116833e70d2b4a017971fa5276f3947499ad14"},"dist":{"url":"https://api.github.com/repos/KnpLabs/knp-components/zipball/fd116833e70d2b4a017971fa5276f3947499ad14","type":"zip","shasum":"","reference":"fd116833e70d2b4a017971fa5276f3947499ad14"},"time":"2020-07-13T09:42:30+00:00","support":{"issues":"https://github.com/KnpLabs/knp-components/issues","source":"https://github.com/KnpLabs/knp-components/tree/master"}},{"version":"v2.4.0","version_normalized":"2.4.0.0","source":{"url":"https://github.com/KnpLabs/knp-components.git","type":"git","reference":"968750cead158c9b913ba0ccc7a85dd7539a858a"},"dist":{"url":"https://api.github.com/repos/KnpLabs/knp-components/zipball/968750cead158c9b913ba0ccc7a85dd7539a858a","type":"zip","shasum":"","reference":"968750cead158c9b913ba0ccc7a85dd7539a858a"},"time":"2020-07-13T08:54:48+00:00"},{"version":"v2.3.6","version_normalized":"2.3.6.0","source":{"url":"https://github.com/KnpLabs/knp-components.git","type":"git","reference":"cf7ae015c1783009e2fd269483cd2b38a57b7033"},"dist":{"url":"https://api.github.com/repos/KnpLabs/knp-components/zipball/cf7ae015c1783009e2fd269483cd2b38a57b7033","type":"zip","shasum":"","reference":"cf7ae015c1783009e2fd269483cd2b38a57b7033"},"time":"2020-06-15T12:52:21+00:00","extra":{"branch-alias":{"dev-master":"2.4.0-dev"}},"require":{"php":"^7.2","symfony/event-dispatcher":"^3.4 || ^4.0 || ^5.0","symfony/http-foundation":"^3.4 || ^4.0 || ^5.0"},"require-dev":{"doctrine/mongodb-odm":"^2.0","doctrine/orm":"^2.5","doctrine/phpcr-odm":"^1.2","jackalope/jackalope-doctrine-dbal":"^1.2","phpunit/phpunit":"^8.0","ruflin/elastica":"^1.0","symfony/http-kernel":"^3.4 || ^4.0 || ^5.0","symfony/property-access":"^3.4 || ^4.0 || ^5.0"},"support":{"issues":"https://github.com/KnpLabs/knp-components/issues","source":"https://github.com/KnpLabs/knp-components/tree/v2.3.6"}},{"version":"v2.3.5","version_normalized":"2.3.5.0","source":{"url":"https://github.com/KnpLabs/knp-components.git","type":"git","reference":"b1945bc58cabb2b95fe028388d44a8a8743b04e5"},"dist":{"url":"https://api.github.com/repos/KnpLabs/knp-components/zipball/b1945bc58cabb2b95fe028388d44a8a8743b04e5","type":"zip","shasum":"","reference":"b1945bc58cabb2b95fe028388d44a8a8743b04e5"},"time":"2020-05-03T14:06:14+00:00","support":{"issues":"https://github.com/KnpLabs/knp-components/issues","source":"https://github.com/KnpLabs/knp-components/tree/master"}},{"version":"v2.3.4","version_normalized":"2.3.4.0","source":{"url":"https://github.com/KnpLabs/knp-components.git","type":"git","reference":"a57e196b8ab413cb409aa49a5bd28fea61f619b2"},"dist":{"url":"https://api.github.com/repos/KnpLabs/knp-components/zipball/a57e196b8ab413cb409aa49a5bd28fea61f619b2","type":"zip","shasum":"","reference":"a57e196b8ab413cb409aa49a5bd28fea61f619b2"},"time":"2020-04-24T07:13:34+00:00","support":{"issues":"https://github.com/KnpLabs/knp-components/issues","source":"https://github.com/KnpLabs/knp-components/tree/v2.3.4"}},{"version":"v2.3.3","version_normalized":"2.3.3.0","source":{"url":"https://github.com/KnpLabs/knp-components.git","type":"git","reference":"5a89e60dfe93179f329e35f92ed9348d52143f7b"},"dist":{"url":"https://api.github.com/repos/KnpLabs/knp-components/zipball/5a89e60dfe93179f329e35f92ed9348d52143f7b","type":"zip","shasum":"","reference":"5a89e60dfe93179f329e35f92ed9348d52143f7b"},"time":"2020-02-24T15:11:24+00:00","support":{"issues":"https://github.com/KnpLabs/knp-components/issues","source":"https://github.com/KnpLabs/knp-components/tree/master"}},{"version":"v2.3.2","version_normalized":"2.3.2.0","source":{"url":"https://github.com/KnpLabs/knp-components.git","type":"git","reference":"f4465d77d87f56b132ce23bb5fc6300265e6b889"},"dist":{"url":"https://api.github.com/repos/KnpLabs/knp-components/zipball/f4465d77d87f56b132ce23bb5fc6300265e6b889","type":"zip","shasum":"","reference":"f4465d77d87f56b132ce23bb5fc6300265e6b889"},"time":"2020-02-11T09:47:37+00:00","support":{"issues":"https://github.com/KnpLabs/knp-components/issues","source":"https://github.com/KnpLabs/knp-components/tree/v2.3.2"}},{"version":"v2.3.1","version_normalized":"2.3.1.0","source":{"url":"https://github.com/KnpLabs/knp-components.git","type":"git","reference":"024d538ee9150689da35c0cd54403606ecef0ff4"},"dist":{"url":"https://api.github.com/repos/KnpLabs/knp-components/zipball/024d538ee9150689da35c0cd54403606ecef0ff4","type":"zip","shasum":"","reference":"024d538ee9150689da35c0cd54403606ecef0ff4"},"time":"2019-12-21T12:59:35+00:00","require-dev":{"doctrine/mongodb-odm":"^2.0","doctrine/orm":"^2.4","doctrine/phpcr-odm":"^1.2","jackalope/jackalope-doctrine-dbal":"^1.2","phpunit/phpunit":"^8.0","ruflin/elastica":"^1.0","symfony/http-kernel":"^3.4 || ^4.0 || ^5.0","symfony/property-access":"^3.4 || ^4.0 || ^5.0"},"support":{"issues":"https://github.com/KnpLabs/knp-components/issues","source":"https://github.com/KnpLabs/knp-components/tree/master"}},{"version":"v2.3.0","version_normalized":"2.3.0.0","source":{"url":"https://github.com/KnpLabs/knp-components.git","type":"git","reference":"d61c56ff4d427a14f0c308ee388fb75e94d01a7c"},"dist":{"url":"https://api.github.com/repos/KnpLabs/knp-components/zipball/d61c56ff4d427a14f0c308ee388fb75e94d01a7c","type":"zip","shasum":"","reference":"d61c56ff4d427a14f0c308ee388fb75e94d01a7c"},"time":"2019-11-25T10:00:08+00:00","support":{"issues":"https://github.com/KnpLabs/knp-components/issues","source":"https://github.com/KnpLabs/knp-components/tree/v2.3.0"}},{"version":"v2.2.1","version_normalized":"2.2.1.0","source":{"url":"https://github.com/KnpLabs/knp-components.git","type":"git","reference":"b0b7f22df0d5e2eb8be41451342f38c51d739124"},"dist":{"url":"https://api.github.com/repos/KnpLabs/knp-components/zipball/b0b7f22df0d5e2eb8be41451342f38c51d739124","type":"zip","shasum":"","reference":"b0b7f22df0d5e2eb8be41451342f38c51d739124"},"time":"2019-11-11T16:37:31+00:00","extra":{"branch-alias":{"dev-master":"2.2.0-dev"}},"require":{"php":"^7.2","symfony/event-dispatcher":"^3.4 || ^4.0","symfony/http-foundation":"^3.4 || ^4.0"},"require-dev":{"doctrine/mongodb-odm":"^2.0","doctrine/orm":"^2.4","doctrine/phpcr-odm":"^1.2","jackalope/jackalope-doctrine-dbal":"^1.2","phpunit/phpunit":"^8.0","ruflin/elastica":"^1.0","symfony/http-kernel":"^3.4 || ^4.0","symfony/property-access":"^3.4 || ^4.0"},"support":{"issues":"https://github.com/KnpLabs/knp-components/issues","source":"https://github.com/KnpLabs/knp-components/tree/master"}},{"version":"v2.2.0","version_normalized":"2.2.0.0","authors":[{"name":"KnpLabs Team","homepage":"http://knplabs.com"},{"name":"Symfony Community","homepage":"http://github.com/KnpLabs/knp-components/contributors"}],"source":{"url":"https://github.com/KnpLabs/knp-components.git","type":"git","reference":"4e64b1e79cf28a9e296375881d5ddd9c022333a1"},"dist":{"url":"https://api.github.com/repos/KnpLabs/knp-components/zipball/4e64b1e79cf28a9e296375881d5ddd9c022333a1","type":"zip","shasum":"","reference":"4e64b1e79cf28a9e296375881d5ddd9c022333a1"},"time":"2019-09-02T09:33:02+00:00","require-dev":{"doctrine/orm":"~2.4","doctrine/mongodb-odm":"^2.0.0-RC1","doctrine/phpcr-odm":"~1.2","jackalope/jackalope-doctrine-dbal":"~1.2","phpunit/phpunit":"^7.0 || ^8.0","ruflin/elastica":"~1.0","symfony/property-access":"^3.4 || ^4.0","symfony/http-kernel":"^3.4 || ^4.0"},"suggest":{"symfony/property-access":"To allow sorting arrays","doctrine/orm":"to allow usage pagination with Doctrine ORM","doctrine/common":"to allow usage pagination with Doctrine ArrayCollection","doctrine/mongodb-odm":"to allow usage pagination with Doctrine ODM MongoDB","doctrine/phpcr-odm":"to allow usage pagination with Doctrine ODM PHPCR","ruflin/elastica":"to allow usage pagination with ElasticSearch Client","propel/propel1":"to allow usage pagination with Propel ORM","solarium/solarium":"to allow usage pagination with Solarium Client"},"support":{"issues":"https://github.com/KnpLabs/knp-components/issues","source":"https://github.com/KnpLabs/knp-components/tree/v2.2.0"}},{"version":"v2.1.1","version_normalized":"2.1.1.0","source":{"url":"https://github.com/KnpLabs/knp-components.git","type":"git","reference":"972913c65dc363f44977e89460776e276ee41214"},"dist":{"url":"https://api.github.com/repos/KnpLabs/knp-components/zipball/972913c65dc363f44977e89460776e276ee41214","type":"zip","shasum":"","reference":"972913c65dc363f44977e89460776e276ee41214"},"time":"2019-08-13T12:32:53+00:00","support":{"issues":"https://github.com/KnpLabs/knp-components/issues","source":"https://github.com/KnpLabs/knp-components/tree/master"}},{"version":"v2.1.0","version_normalized":"2.1.0.0","source":{"url":"https://github.com/KnpLabs/knp-components.git","type":"git","reference":"e4edbbe12c930ed2c0cf7d624b438315471f5e83"},"dist":{"url":"https://api.github.com/repos/KnpLabs/knp-components/zipball/e4edbbe12c930ed2c0cf7d624b438315471f5e83","type":"zip","shasum":"","reference":"e4edbbe12c930ed2c0cf7d624b438315471f5e83"},"time":"2019-07-15T12:05:35+00:00","support":{"issues":"https://github.com/KnpLabs/knp-components/issues","source":"https://github.com/KnpLabs/knp-components/tree/v2.1.0"}},{"version":"v2.0.1","version_normalized":"2.0.1.0","source":{"url":"https://github.com/KnpLabs/knp-components.git","type":"git","reference":"74a1c90cda673d4704eff77055f62af57a208a6c"},"dist":{"url":"https://api.github.com/repos/KnpLabs/knp-components/zipball/74a1c90cda673d4704eff77055f62af57a208a6c","type":"zip","shasum":"","reference":"74a1c90cda673d4704eff77055f62af57a208a6c"},"time":"2019-06-26T13:56:02+00:00","autoload":{"psr-0":{"Knp\\Component":"src"}},"extra":{"branch-alias":{"dev-master":"2.1.0-dev"}},"require":{"php":"^7.2"},"require-dev":{"symfony/event-dispatcher":"^3.4 || ^4.0","doctrine/orm":"~2.4","doctrine/mongodb-odm":"^2.0.0-RC1","doctrine/phpcr-odm":"~1.2","jackalope/jackalope-doctrine-dbal":"~1.2","phpunit/phpunit":"^7.0 || ^8.0","ruflin/elastica":"~1.0","symfony/property-access":"^3.4 || ^4.0","symfony/http-foundation":"^3.4 || ^4.0","symfony/http-kernel":"^3.4 || ^4.0"},"support":{"issues":"https://github.com/KnpLabs/knp-components/issues","source":"https://github.com/KnpLabs/knp-components/tree/master"}},{"version":"v2.0.0","version_normalized":"2.0.0.0","source":{"url":"https://github.com/KnpLabs/knp-components.git","type":"git","reference":"833727765dc141fa26e554cd3077956c1af5b640"},"dist":{"url":"https://api.github.com/repos/KnpLabs/knp-components/zipball/833727765dc141fa26e554cd3077956c1af5b640","type":"zip","shasum":"","reference":"833727765dc141fa26e554cd3077956c1af5b640"},"time":"2019-06-26T13:05:21+00:00","support":{"issues":"https://github.com/KnpLabs/knp-components/issues","source":"https://github.com/KnpLabs/knp-components/tree/v2.0.0"}},{"version":"v1.3.10","version_normalized":"1.3.10.0","source":{"url":"https://github.com/KnpLabs/knp-components.git","type":"git","reference":"fc1755ba2b77f83a3d3c99e21f3026ba2a1429be"},"dist":{"url":"https://api.github.com/repos/KnpLabs/knp-components/zipball/fc1755ba2b77f83a3d3c99e21f3026ba2a1429be","type":"zip","shasum":"","reference":"fc1755ba2b77f83a3d3c99e21f3026ba2a1429be"},"time":"2018-09-11T07:54:48+00:00","extra":{"branch-alias":{"dev-master":"1.3.x-dev"}},"require":{"php":">=5.3.2"},"require-dev":{"symfony/event-dispatcher":"~2.5","doctrine/orm":"~2.4","doctrine/mongodb-odm":"~1.0@beta","doctrine/phpcr-odm":"~1.2","jackalope/jackalope-doctrine-dbal":"~1.2","phpunit/phpunit":"~4.2","ruflin/elastica":"~1.0","symfony/property-access":">=2.3"},"suggest":{"symfony/property-access":"To allow sorting arrays"},"support":{"issues":"https://github.com/KnpLabs/knp-components/issues","source":"https://github.com/KnpLabs/knp-components/tree/master"}},{"version":"v1.3.9","version_normalized":"1.3.9.0","source":{"url":"https://github.com/KnpLabs/knp-components.git","type":"git","reference":"f0f830361ff0ee83ea5c5ffe49b429d2b0ff4266"},"dist":{"url":"https://api.github.com/repos/KnpLabs/knp-components/zipball/f0f830361ff0ee83ea5c5ffe49b429d2b0ff4266","type":"zip","shasum":"","reference":"f0f830361ff0ee83ea5c5ffe49b429d2b0ff4266"},"time":"2018-08-03T08:37:27+00:00"},{"version":"1.3.8","version_normalized":"1.3.8.0","source":{"url":"https://github.com/KnpLabs/knp-components.git","type":"git","reference":"b65f69ff04d2f1b7a67ae592273ca6f4d1aa3e5f"},"dist":{"url":"https://api.github.com/repos/KnpLabs/knp-components/zipball/b65f69ff04d2f1b7a67ae592273ca6f4d1aa3e5f","type":"zip","shasum":"","reference":"b65f69ff04d2f1b7a67ae592273ca6f4d1aa3e5f"},"time":"2018-04-03T12:20:48+00:00","suggest":{"symfony/property-access":"To allow sorting arrays","doctrine/orm":"to allow usage pagination with Doctrine ORM","doctrine/common":"to allow usage pagination with Doctrine ArrayCollection","doctrine/mongodb-odm":"to allow usage pagination with Doctrine ODM MongoDB","doctrine/phpcr-odm":"to allow usage pagination with Doctrine ODM PHPCR","ruflin/Elastica":"to allow usage pagination with ElasticSearch Client","propel/propel1":"to allow usage pagination with Propel ORM","solarium/solarium":"to allow usage pagination with Solarium Client"}},{"version":"1.3.7","version_normalized":"1.3.7.0","source":{"url":"https://github.com/KnpLabs/knp-components.git","type":"git","reference":"464e1ee889fe01144127b3811d1fa102519de682"},"dist":{"url":"https://api.github.com/repos/KnpLabs/knp-components/zipball/464e1ee889fe01144127b3811d1fa102519de682","type":"zip","shasum":"","reference":"464e1ee889fe01144127b3811d1fa102519de682"},"time":"2018-03-22T14:54:27+00:00"},{"version":"v1.3.6","version_normalized":"1.3.6.0","source":{"url":"https://github.com/KnpLabs/knp-components.git","type":"git","reference":"9e8df46807bb288567a6906f490d4f2815e2c2af"},"dist":{"url":"https://api.github.com/repos/KnpLabs/knp-components/zipball/9e8df46807bb288567a6906f490d4f2815e2c2af","type":"zip","shasum":"","reference":"9e8df46807bb288567a6906f490d4f2815e2c2af"},"time":"2018-03-20T10:18:20+00:00"},{"version":"1.3.5","version_normalized":"1.3.5.0","source":{"url":"https://github.com/KnpLabs/knp-components.git","type":"git","reference":"a03bbd87ecf9e56db6f7533db2c63d6da6cd5f33"},"dist":{"url":"https://api.github.com/repos/KnpLabs/knp-components/zipball/a03bbd87ecf9e56db6f7533db2c63d6da6cd5f33","type":"zip","shasum":"","reference":"a03bbd87ecf9e56db6f7533db2c63d6da6cd5f33"},"time":"2017-09-15T12:50:01+00:00"},{"version":"1.3.4","version_normalized":"1.3.4.0","source":{"url":"https://github.com/KnpLabs/knp-components.git","type":"git","reference":"f98bcc6d348fbe863a224b468e11fb5e91e28f2a"},"dist":{"url":"https://api.github.com/repos/KnpLabs/knp-components/zipball/f98bcc6d348fbe863a224b468e11fb5e91e28f2a","type":"zip","shasum":"","reference":"f98bcc6d348fbe863a224b468e11fb5e91e28f2a"},"time":"2016-12-06T18:10:24+00:00","require-dev":{"symfony/event-dispatcher":"~2.5","doctrine/orm":"~2.4","doctrine/mongodb-odm":"~1.0@beta","doctrine/phpcr-odm":"~1.2","jackalope/jackalope-doctrine-dbal":"~1.2","phpunit/phpunit":"~4.2","ruflin/elastica":"~1.0"},"suggest":{"doctrine/orm":"to allow usage pagination with Doctrine ORM","doctrine/common":"to allow usage pagination with Doctrine ArrayCollection","doctrine/mongodb-odm":"to allow usage pagination with Doctrine ODM MongoDB","doctrine/phpcr-odm":"to allow usage pagination with Doctrine ODM PHPCR","ruflin/Elastica":"to allow usage pagination with ElasticSearch Client","propel/propel1":"to allow usage pagination with Propel ORM","solarium/solarium":"to allow usage pagination with Solarium Client"}},{"version":"1.3.3","version_normalized":"1.3.3.0","source":{"url":"https://github.com/KnpLabs/knp-components.git","type":"git","reference":"bc49e739d1cce94d783b1e23bc5b263b38dc47da"},"dist":{"url":"https://api.github.com/repos/KnpLabs/knp-components/zipball/bc49e739d1cce94d783b1e23bc5b263b38dc47da","type":"zip","shasum":"","reference":"bc49e739d1cce94d783b1e23bc5b263b38dc47da"},"time":"2016-04-21T06:26:20+00:00"},{"version":"1.3.2","version_normalized":"1.3.2.0","source":{"url":"https://github.com/KnpLabs/knp-components.git","type":"git","reference":"4503275e4f1a0e9667aa65b0ebed842ef2d8d8ba"},"dist":{"url":"https://api.github.com/repos/KnpLabs/knp-components/zipball/4503275e4f1a0e9667aa65b0ebed842ef2d8d8ba","type":"zip","shasum":"","reference":"4503275e4f1a0e9667aa65b0ebed842ef2d8d8ba"},"time":"2015-09-01T10:54:53+00:00","require-dev":{"symfony/event-dispatcher":"~2.5","doctrine/orm":"~2.4","doctrine/mongodb-odm":"~1.0@beta","phpunit/phpunit":"~4.2","ruflin/elastica":"~1.0"},"suggest":{"doctrine/orm":"to allow usage pagination with Doctrine ORM","doctrine/common":"to allow usage pagination with Doctrine ArrayCollection","doctrine/mongodb-odm":"to allow usage pagination with Doctrine ODM MongoDB","ruflin/Elastica":"to allow usage pagination with ElasticSearch Client","propel/propel1":"to allow usage pagination with Propel ORM","solarium/solarium":"to allow usage pagination with Solarium Client"}},{"version":"1.3.1","version_normalized":"1.3.1.0","source":{"url":"https://github.com/KnpLabs/knp-components.git","type":"git","reference":"6d091c2f16eec2769db38f38e08c7bd5847ce072"},"dist":{"url":"https://api.github.com/repos/KnpLabs/knp-components/zipball/6d091c2f16eec2769db38f38e08c7bd5847ce072","type":"zip","shasum":"","reference":"6d091c2f16eec2769db38f38e08c7bd5847ce072"},"time":"2014-10-06T10:38:10+00:00","extra":{"branch-alias":{"dev-master":"1.2.x-dev"}}},{"version":"1.3.0","version_normalized":"1.3.0.0","source":{"url":"https://github.com/KnpLabs/knp-components.git","type":"git","reference":"756c44523db9cf125381cba2cb08160fd184fb24"},"dist":{"url":"https://api.github.com/repos/KnpLabs/knp-components/zipball/756c44523db9cf125381cba2cb08160fd184fb24","type":"zip","shasum":"","reference":"756c44523db9cf125381cba2cb08160fd184fb24"},"time":"2014-10-06T09:25:27+00:00","require-dev":{"symfony/event-dispatcher":"~2.5","doctrine/orm":"~2.4","doctrine/mongodb-odm":"~1.0@beta","phpunit/phpunit":"~4.2"}},{"version":"1.2.5","version_normalized":"1.2.5.0","source":{"url":"https://github.com/KnpLabs/knp-components.git","type":"git","reference":"8803fdaa18bd24bd158143e3d9099f4b243a31dd"},"dist":{"url":"https://api.github.com/repos/KnpLabs/knp-components/zipball/8803fdaa18bd24bd158143e3d9099f4b243a31dd","type":"zip","shasum":"","reference":"8803fdaa18bd24bd158143e3d9099f4b243a31dd"},"time":"2014-01-09T16:23:31+00:00","autoload":{"psr-0":{"Knp\\Component":"src/"}},"require-dev":"__unset"},{"version":"1.2.4","version_normalized":"1.2.4.0","source":{"url":"https://github.com/KnpLabs/knp-components.git","type":"git","reference":"ae454fb43473127a7bdc0a777f962f64f94e2795"},"dist":{"url":"https://api.github.com/repos/KnpLabs/knp-components/zipball/ae454fb43473127a7bdc0a777f962f64f94e2795","type":"zip","shasum":"","reference":"ae454fb43473127a7bdc0a777f962f64f94e2795"},"time":"2013-12-23T13:48:48+00:00"},{"version":"1.2.3","version_normalized":"1.2.3.0","source":{"url":"https://github.com/KnpLabs/knp-components.git","type":"git","reference":"d18fa34bd7c22a725b71fd655232c9ef2ac0e29b"},"dist":{"url":"https://api.github.com/repos/KnpLabs/knp-components/zipball/d18fa34bd7c22a725b71fd655232c9ef2ac0e29b","type":"zip","shasum":"","reference":"d18fa34bd7c22a725b71fd655232c9ef2ac0e29b"},"time":"2013-03-14T07:31:46+00:00","support":{"issues":"https://github.com/KnpLabs/knp-components/issues","source":"https://github.com/KnpLabs/knp-components/tree/1.2.3"}},{"version":"1.2.2","version_normalized":"1.2.2.0","source":{"url":"https://github.com/KnpLabs/knp-components.git","type":"git","reference":"159cc480a6f8bab6e55f91d1397150552cd6dadc"},"dist":{"url":"https://api.github.com/repos/KnpLabs/knp-components/zipball/159cc480a6f8bab6e55f91d1397150552cd6dadc","type":"zip","shasum":"","reference":"159cc480a6f8bab6e55f91d1397150552cd6dadc"},"time":"2013-02-20T12:05:07+00:00","support":{"issues":"https://github.com/KnpLabs/knp-components/issues","source":"https://github.com/KnpLabs/knp-components/tree/1.2.2"}},{"version":"1.2.1","version_normalized":"1.2.1.0","source":{"url":"https://github.com/KnpLabs/knp-components.git","type":"git","reference":"cbec129a693e7d450e2fab4e9e2bf1e122d940a6"},"dist":{"url":"https://api.github.com/repos/KnpLabs/knp-components/zipball/cbec129a693e7d450e2fab4e9e2bf1e122d940a6","type":"zip","shasum":"","reference":"cbec129a693e7d450e2fab4e9e2bf1e122d940a6"},"time":"2013-02-19T14:50:25+00:00","support":{"issues":"https://github.com/KnpLabs/knp-components/issues","source":"https://github.com/KnpLabs/knp-components/tree/1.2.1"}},{"version":"1.2.0","version_normalized":"1.2.0.0","source":{"url":"https://github.com/KnpLabs/knp-components.git","type":"git","reference":"bc40ed03f28b3f9d4f1cd160013fe4c9a530dd70"},"dist":{"url":"https://api.github.com/repos/KnpLabs/knp-components/zipball/bc40ed03f28b3f9d4f1cd160013fe4c9a530dd70","type":"zip","shasum":"","reference":"bc40ed03f28b3f9d4f1cd160013fe4c9a530dd70"},"time":"2013-02-07T08:42:22+00:00","support":{"issues":"https://github.com/KnpLabs/knp-components/issues","source":"https://github.com/KnpLabs/knp-components/tree/1.2.0"}},{"version":"1.1.2","version_normalized":"1.1.2.0","source":{"url":"https://github.com/KnpLabs/knp-components.git","type":"git","reference":"84ba28c12e411a3a82ff0aa80dff7817ac372d48"},"dist":{"url":"https://api.github.com/repos/KnpLabs/knp-components/zipball/84ba28c12e411a3a82ff0aa80dff7817ac372d48","type":"zip","shasum":"","reference":"84ba28c12e411a3a82ff0aa80dff7817ac372d48"},"time":"2012-11-16T09:22:14+00:00","support":{"issues":"https://github.com/KnpLabs/knp-components/issues","source":"https://github.com/KnpLabs/knp-components/tree/1.1.2"},"suggest":"__unset"},{"version":"1.1.1","version_normalized":"1.1.1.0","source":{"url":"https://github.com/KnpLabs/knp-components.git","type":"git","reference":"0668b207f2924c14d2bca6cfccd514d59b6fefe6"},"dist":{"url":"https://api.github.com/repos/KnpLabs/knp-components/zipball/0668b207f2924c14d2bca6cfccd514d59b6fefe6","type":"zip","shasum":"","reference":"0668b207f2924c14d2bca6cfccd514d59b6fefe6"},"time":"2012-11-16T09:07:48+00:00","extra":{"branch-alias":{"dev-master":"1.1.x-dev"}},"support":{"issues":"https://github.com/KnpLabs/knp-components/issues","source":"https://github.com/KnpLabs/knp-components/tree/1.1.1"}},{"version":"v1.1","version_normalized":"1.1.0.0","source":{"url":"https://github.com/KnpLabs/knp-components.git","type":"git","reference":"a0079207168985f51d1b873e6bee427668863400"},"dist":{"url":"https://api.github.com/repos/KnpLabs/knp-components/zipball/a0079207168985f51d1b873e6bee427668863400","type":"zip","shasum":"","reference":"a0079207168985f51d1b873e6bee427668863400"},"time":"2012-03-23T15:06:44+00:00","require":{"php":">=5.3.0"},"support":{"issues":"https://github.com/KnpLabs/knp-components/issues","source":"https://github.com/KnpLabs/knp-components/tree/v1.1"},"extra":"__unset"},{"version":"v1.0","version_normalized":"1.0.0.0","source":{"url":"https://github.com/KnpLabs/knp-components.git","type":"git","reference":"3ea00b4206d04d8495f036290ef8716937863f6b"},"dist":{"url":"https://api.github.com/repos/KnpLabs/knp-components/zipball/3ea00b4206d04d8495f036290ef8716937863f6b","type":"zip","shasum":"","reference":"3ea00b4206d04d8495f036290ef8716937863f6b"},"time":"2012-03-23T13:40:07+00:00","support":{"issues":"https://github.com/KnpLabs/knp-components/issues","source":"https://github.com/KnpLabs/knp-components/tree/v1.0"}}]},"security-advisories":[],"last-modified":"Sun, 18 Sep 2022 15:19:51 GMT"}