{"minified":"composer/2.0","packages":{"seld/phar-utils":[{"name":"seld/phar-utils","description":"PHAR file format utilities, for when PHP phars you up","keywords":["phar"],"homepage":"","version":"1.2.1","version_normalized":"1.2.1.0","license":["MIT"],"authors":[{"name":"Jordi Boggiano","email":"j.boggiano@seld.be"}],"source":{"url":"https://github.com/Seldaek/phar-utils.git","type":"git","reference":"ea2f4014f163c1be4c601b9b7bd6af81ba8d701c"},"dist":{"url":"https://api.github.com/repos/Seldaek/phar-utils/zipball/ea2f4014f163c1be4c601b9b7bd6af81ba8d701c","type":"zip","shasum":"","reference":"ea2f4014f163c1be4c601b9b7bd6af81ba8d701c"},"type":"library","time":"2022-08-31T10:31:18+00:00","autoload":{"psr-4":{"Seld\\PharUtils\\":"src/"}},"extra":{"branch-alias":{"dev-master":"1.x-dev"}},"require":{"php":">=5.3"},"support":{"issues":"https://github.com/Seldaek/phar-utils/issues","source":"https://github.com/Seldaek/phar-utils/tree/1.2.1"}},{"version":"1.2.0","version_normalized":"1.2.0.0","source":{"url":"https://github.com/Seldaek/phar-utils.git","type":"git","reference":"9f3452c93ff423469c0d56450431562ca423dcee"},"dist":{"url":"https://api.github.com/repos/Seldaek/phar-utils/zipball/9f3452c93ff423469c0d56450431562ca423dcee","type":"zip","shasum":"","reference":"9f3452c93ff423469c0d56450431562ca423dcee"},"time":"2021-12-10T11:20:11+00:00","support":{"issues":"https://github.com/Seldaek/phar-utils/issues","source":"https://github.com/Seldaek/phar-utils/tree/1.2.0"}},{"version":"1.1.2","version_normalized":"1.1.2.0","source":{"url":"https://github.com/Seldaek/phar-utils.git","type":"git","reference":"749042a2315705d2dfbbc59234dd9ceb22bf3ff0"},"dist":{"url":"https://api.github.com/repos/Seldaek/phar-utils/zipball/749042a2315705d2dfbbc59234dd9ceb22bf3ff0","type":"zip","shasum":"","reference":"749042a2315705d2dfbbc59234dd9ceb22bf3ff0"},"time":"2021-08-19T21:01:38+00:00","support":{"issues":"https://github.com/Seldaek/phar-utils/issues","source":"https://github.com/Seldaek/phar-utils/tree/1.1.2"}},{"version":"1.1.1","version_normalized":"1.1.1.0","source":{"url":"https://github.com/Seldaek/phar-utils.git","type":"git","reference":"8674b1d84ffb47cc59a101f5d5a3b61e87d23796"},"dist":{"url":"https://api.github.com/repos/Seldaek/phar-utils/zipball/8674b1d84ffb47cc59a101f5d5a3b61e87d23796","type":"zip","shasum":"","reference":"8674b1d84ffb47cc59a101f5d5a3b61e87d23796"},"time":"2020-07-07T18:42:57+00:00","support":{"issues":"https://github.com/Seldaek/phar-utils/issues","source":"https://github.com/Seldaek/phar-utils/tree/master"}},{"version":"1.1.0","version_normalized":"1.1.0.0","source":{"url":"https://github.com/Seldaek/phar-utils.git","type":"git","reference":"8800503d56b9867d43d9c303b9cbcc26016e82f0"},"dist":{"url":"https://api.github.com/repos/Seldaek/phar-utils/zipball/8800503d56b9867d43d9c303b9cbcc26016e82f0","type":"zip","shasum":"","reference":"8800503d56b9867d43d9c303b9cbcc26016e82f0"},"time":"2020-02-14T15:25:33+00:00","support":{"issues":"https://github.com/Seldaek/phar-utils/issues","source":"https://github.com/Seldaek/phar-utils/tree/1.1.0"}},{"keywords":["phra"],"version":"1.0.2","version_normalized":"1.0.2.0","source":{"url":"https://github.com/Seldaek/phar-utils.git","type":"git","reference":"84715761c35808076b00908a20317a3a8a67d17e"},"dist":{"url":"https://api.github.com/repos/Seldaek/phar-utils/zipball/84715761c35808076b00908a20317a3a8a67d17e","type":"zip","shasum":"","reference":"84715761c35808076b00908a20317a3a8a67d17e"},"time":"2020-01-13T10:41:09+00:00","support":{"issues":"https://github.com/Seldaek/phar-utils/issues","source":"https://github.com/Seldaek/phar-utils/tree/1.0.2"}},{"version":"1.0.1","version_normalized":"1.0.1.0","source":{"url":"https://github.com/Seldaek/phar-utils.git","type":"git","reference":"7009b5139491975ef6486545a39f3e6dad5ac30a"},"dist":{"url":"https://api.github.com/repos/Seldaek/phar-utils/zipball/7009b5139491975ef6486545a39f3e6dad5ac30a","type":"zip","shasum":"","reference":"7009b5139491975ef6486545a39f3e6dad5ac30a"},"time":"2015-10-13T18:44:15+00:00","support":{"issues":"https://github.com/Seldaek/phar-utils/issues","source":"https://github.com/Seldaek/phar-utils/tree/master"}},{"version":"1.0.0","version_normalized":"1.0.0.0","source":{"url":"https://github.com/Seldaek/phar-utils.git","type":"git","reference":"336bb5ee20de511f3c1a164222fcfd194afcab3a"},"dist":{"url":"https://api.github.com/repos/Seldaek/phar-utils/zipball/336bb5ee20de511f3c1a164222fcfd194afcab3a","type":"zip","shasum":"","reference":"336bb5ee20de511f3c1a164222fcfd194afcab3a"},"time":"2015-05-01T12:45:48+00:00","support":{"issues":"https://github.com/Seldaek/phar-utils/issues","source":"https://github.com/Seldaek/phar-utils/tree/1.0.0"}}]},"security-advisories":[],"last-modified":"Wed, 31 Aug 2022 10:31:47 GMT"}