{"minified":"composer/2.0","packages":{"symfony/maker-bundle":[{"name":"symfony/maker-bundle","description":"Symfony Maker helps you create empty commands, controllers, form classes, tests and more so you can forget about writing boilerplate code.","keywords":["generator","code generator","scaffold","scaffolding"],"homepage":"https://symfony.com/doc/current/bundles/SymfonyMakerBundle/index.html","version":"v1.45.0","version_normalized":"1.45.0.0","license":["MIT"],"authors":[{"name":"Symfony Community","homepage":"https://symfony.com/contributors"}],"source":{"url":"https://github.com/symfony/maker-bundle.git","type":"git","reference":"7ae4ff28ac1b6d6d55591999026040d58b8a3967"},"dist":{"url":"https://api.github.com/repos/symfony/maker-bundle/zipball/7ae4ff28ac1b6d6d55591999026040d58b8a3967","type":"zip","shasum":"","reference":"7ae4ff28ac1b6d6d55591999026040d58b8a3967"},"type":"symfony-bundle","funding":[{"url":"https://symfony.com/sponsor","type":"custom"},{"url":"https://github.com/fabpot","type":"github"},{"url":"https://tidelift.com/funding/github/packagist/symfony/symfony","type":"tidelift"}],"time":"2022-07-26T12:31:45+00:00","autoload":{"psr-4":{"Symfony\\Bundle\\MakerBundle\\":"src/"}},"extra":{"branch-alias":{"dev-main":"1.0-dev"}},"require":{"php":">=8.0","doctrine/inflector":"^2.0","nikic/php-parser":"^4.11","symfony/config":"^5.4.7|^6.0","symfony/console":"^5.4.7|^6.0","symfony/dependency-injection":"^5.4.7|^6.0","symfony/deprecation-contracts":"^2.2|^3","symfony/filesystem":"^5.4.7|^6.0","symfony/finder":"^5.4.3|^6.0","symfony/framework-bundle":"^5.4.7|^6.0","symfony/http-kernel":"^5.4.7|^6.0"},"require-dev":{"composer/semver":"^3.0","doctrine/doctrine-bundle":"^2.4","doctrine/orm":"^2.10.0","symfony/http-client":"^5.4.7|^6.0","symfony/phpunit-bridge":"^5.4.7|^6.0","symfony/polyfill-php80":"^1.16.0","symfony/process":"^5.4.7|^6.0","symfony/security-core":"^5.4.7|^6.0","symfony/yaml":"^5.4.3|^6.0","twig/twig":"^2.0|^3.0"},"conflict":{"doctrine/orm":"<2.10","doctrine/doctrine-bundle":"<2.4","symfony/doctrine-bridge":"<5.4"},"support":{"issues":"https://github.com/symfony/maker-bundle/issues","source":"https://github.com/symfony/maker-bundle/tree/v1.45.0"}},{"version":"v1.44.0","version_normalized":"1.44.0.0","source":{"url":"https://github.com/symfony/maker-bundle.git","type":"git","reference":"fa535d792e9261ae7a78481f643c00991e1d1588"},"dist":{"url":"https://api.github.com/repos/symfony/maker-bundle/zipball/fa535d792e9261ae7a78481f643c00991e1d1588","type":"zip","shasum":"","reference":"fa535d792e9261ae7a78481f643c00991e1d1588"},"time":"2022-07-13T17:37:04+00:00","support":{"issues":"https://github.com/symfony/maker-bundle/issues","source":"https://github.com/symfony/maker-bundle/tree/v1.44.0"}},{"version":"v1.43.0","version_normalized":"1.43.0.0","source":{"url":"https://github.com/symfony/maker-bundle.git","type":"git","reference":"e3f9a1d9e0f4968f68454403e820dffc7db38a59"},"dist":{"url":"https://api.github.com/repos/symfony/maker-bundle/zipball/e3f9a1d9e0f4968f68454403e820dffc7db38a59","type":"zip","shasum":"","reference":"e3f9a1d9e0f4968f68454403e820dffc7db38a59"},"time":"2022-05-17T15:46:50+00:00","require":{"php":">=7.2.5","doctrine/inflector":"^2.0","nikic/php-parser":"^4.11","symfony/config":"^5.4.7|^6.0","symfony/console":"^5.4.7|^6.0","symfony/dependency-injection":"^5.4.7|^6.0","symfony/deprecation-contracts":"^2.2|^3","symfony/filesystem":"^5.4.7|^6.0","symfony/finder":"^5.4.3|^6.0","symfony/framework-bundle":"^5.4.7|^6.0","symfony/http-kernel":"^5.4.7|^6.0"},"conflict":{"doctrine/orm":"<2.10"},"support":{"issues":"https://github.com/symfony/maker-bundle/issues","source":"https://github.com/symfony/maker-bundle/tree/v1.43.0"}},{"version":"v1.42.0","version_normalized":"1.42.0.0","source":{"url":"https://github.com/symfony/maker-bundle.git","type":"git","reference":"fc9f6bcc0ef79fc9d0325c545ae0f030bb6c9d11"},"dist":{"url":"https://api.github.com/repos/symfony/maker-bundle/zipball/fc9f6bcc0ef79fc9d0325c545ae0f030bb6c9d11","type":"zip","shasum":"","reference":"fc9f6bcc0ef79fc9d0325c545ae0f030bb6c9d11"},"time":"2022-05-09T19:36:10+00:00","support":{"issues":"https://github.com/symfony/maker-bundle/issues","source":"https://github.com/symfony/maker-bundle/tree/v1.42.0"}},{"version":"v1.41.0","version_normalized":"1.41.0.0","source":{"url":"https://github.com/symfony/maker-bundle.git","type":"git","reference":"4b994dfdd0196dcb3d333fdd6a1d72d5955a9532"},"dist":{"url":"https://api.github.com/repos/symfony/maker-bundle/zipball/4b994dfdd0196dcb3d333fdd6a1d72d5955a9532","type":"zip","shasum":"","reference":"4b994dfdd0196dcb3d333fdd6a1d72d5955a9532"},"time":"2022-05-04T16:32:52+00:00","support":{"issues":"https://github.com/symfony/maker-bundle/issues","source":"https://github.com/symfony/maker-bundle/tree/v1.41.0"}},{"version":"v1.40.1","version_normalized":"1.40.1.0","source":{"url":"https://github.com/symfony/maker-bundle.git","type":"git","reference":"adc846e4f852e3aa2cd84a433cd05ba23dd19c3f"},"dist":{"url":"https://api.github.com/repos/symfony/maker-bundle/zipball/adc846e4f852e3aa2cd84a433cd05ba23dd19c3f","type":"zip","shasum":"","reference":"adc846e4f852e3aa2cd84a433cd05ba23dd19c3f"},"time":"2022-04-23T19:42:13+00:00","require-dev":{"composer/semver":"^3.0","doctrine/doctrine-bundle":"^2.4","doctrine/orm":"^2.3","symfony/http-client":"^5.4.7|^6.0","symfony/phpunit-bridge":"^5.4.7|^6.0","symfony/polyfill-php80":"^1.16.0","symfony/process":"^5.4.7|^6.0","symfony/security-core":"^5.4.7|^6.0","symfony/yaml":"^5.4.3|^6.0","twig/twig":"^2.0|^3.0"},"support":{"issues":"https://github.com/symfony/maker-bundle/issues","source":"https://github.com/symfony/maker-bundle/tree/v1.40.1"},"conflict":"__unset"},{"version":"v1.40.0","version_normalized":"1.40.0.0","source":{"url":"https://github.com/symfony/maker-bundle.git","type":"git","reference":"bb92c67267a848567c55858aa360d3456ca57d25"},"dist":{"url":"https://api.github.com/repos/symfony/maker-bundle/zipball/bb92c67267a848567c55858aa360d3456ca57d25","type":"zip","shasum":"","reference":"bb92c67267a848567c55858aa360d3456ca57d25"},"time":"2022-04-22T18:43:50+00:00","require":{"php":">=7.2.5","doctrine/inflector":"^2.0","nikic/php-parser":"^4.11","symfony/config":"^5.4.7|^6.0","symfony/console":"^5.4.7|^6.0","symfony/dependency-injection":"^5.4.7|^6.0","symfony/deprecation-contracts":"^2.2|^3","symfony/filesystem":"^5.4.7|^6.0","symfony/finder":"^5.4.7|^6.0","symfony/framework-bundle":"^5.4.7|^6.0","symfony/http-kernel":"^5.4.7|^6.0"},"require-dev":{"composer/semver":"^3.0","doctrine/doctrine-bundle":"^2.4","doctrine/orm":"^2.3","symfony/http-client":"^5.4.7|^6.0","symfony/phpunit-bridge":"^5.4.7|^6.0","symfony/polyfill-php80":"^1.16.0","symfony/process":"^5.4.7|^6.0","symfony/security-core":"^5.4.7|^6.0","symfony/yaml":"^5.4.7|^6.0","twig/twig":"^2.0|^3.0"},"support":{"issues":"https://github.com/symfony/maker-bundle/issues","source":"https://github.com/symfony/maker-bundle/tree/v1.40.0"}},{"version":"v1.39.1","version_normalized":"1.39.1.0","source":{"url":"https://github.com/symfony/maker-bundle.git","type":"git","reference":"30c8ac13511f6df7bc9ac088f31d7a48ce6433c6"},"dist":{"url":"https://api.github.com/repos/symfony/maker-bundle/zipball/30c8ac13511f6df7bc9ac088f31d7a48ce6433c6","type":"zip","shasum":"","reference":"30c8ac13511f6df7bc9ac088f31d7a48ce6433c6"},"time":"2022-09-13T18:14:36+00:00","require":{"php":">=7.1.3","doctrine/inflector":"^1.2|^2.0","nikic/php-parser":"^4.11","symfony/config":"^4.4|^5.0|^6.0","symfony/console":"^4.4|^5.0|^6.0","symfony/dependency-injection":"^4.4|^5.0|^6.0","symfony/deprecation-contracts":"^2.2|^3","symfony/filesystem":"^4.4|^5.0|^6.0","symfony/finder":"^4.4|^5.0|^6.0","symfony/framework-bundle":"^4.4|^5.0|^6.0","symfony/http-kernel":"^4.4|^5.0|^6.0"},"require-dev":{"composer/semver":"^3.0","doctrine/doctrine-bundle":"^1.12.3|^2.0","doctrine/orm":"^2.3","symfony/http-client":"^4.4|^5.0|^6.0","symfony/phpunit-bridge":"^4.4|^5.0|^6.0","symfony/polyfill-php80":"^1.16.0","symfony/process":"^4.4|^5.0|^6.0","symfony/security-core":"^4.4|^5.0|^6.0","symfony/yaml":"^4.4|^5.0|^6.0","twig/twig":"^2.0|^3.0"},"support":{"issues":"https://github.com/symfony/maker-bundle/issues","source":"https://github.com/symfony/maker-bundle/tree/v1.39.1"}},{"version":"v1.39.0","version_normalized":"1.39.0.0","source":{"url":"https://github.com/symfony/maker-bundle.git","type":"git","reference":"f2b99ba44e22a44fcf724affa53b5539b25fde90"},"dist":{"url":"https://api.github.com/repos/symfony/maker-bundle/zipball/f2b99ba44e22a44fcf724affa53b5539b25fde90","type":"zip","shasum":"","reference":"f2b99ba44e22a44fcf724affa53b5539b25fde90"},"time":"2022-04-21T18:16:11+00:00","support":{"issues":"https://github.com/symfony/maker-bundle/issues","source":"https://github.com/symfony/maker-bundle/tree/v1.39.0"}},{"version":"v1.38.0","version_normalized":"1.38.0.0","source":{"url":"https://github.com/symfony/maker-bundle.git","type":"git","reference":"143024ab0e426285d3d9b7f6a3ce51e12a9d8ec5"},"dist":{"url":"https://api.github.com/repos/symfony/maker-bundle/zipball/143024ab0e426285d3d9b7f6a3ce51e12a9d8ec5","type":"zip","shasum":"","reference":"143024ab0e426285d3d9b7f6a3ce51e12a9d8ec5"},"time":"2022-02-24T21:06:51+00:00","support":{"issues":"https://github.com/symfony/maker-bundle/issues","source":"https://github.com/symfony/maker-bundle/tree/v1.38.0"}},{"version":"v1.37.0","version_normalized":"1.37.0.0","source":{"url":"https://github.com/symfony/maker-bundle.git","type":"git","reference":"411863a63c495c68852215518bb5665965c61a2d"},"dist":{"url":"https://api.github.com/repos/symfony/maker-bundle/zipball/411863a63c495c68852215518bb5665965c61a2d","type":"zip","shasum":"","reference":"411863a63c495c68852215518bb5665965c61a2d"},"time":"2022-02-16T15:29:59+00:00","support":{"issues":"https://github.com/symfony/maker-bundle/issues","source":"https://github.com/symfony/maker-bundle/tree/v1.37.0"}},{"version":"v1.36.4","version_normalized":"1.36.4.0","source":{"url":"https://github.com/symfony/maker-bundle.git","type":"git","reference":"716eee9c8b10b33e682df1b7d80b9061887e9691"},"dist":{"url":"https://api.github.com/repos/symfony/maker-bundle/zipball/716eee9c8b10b33e682df1b7d80b9061887e9691","type":"zip","shasum":"","reference":"716eee9c8b10b33e682df1b7d80b9061887e9691"},"time":"2021-12-01T00:27:38+00:00","support":{"issues":"https://github.com/symfony/maker-bundle/issues","source":"https://github.com/symfony/maker-bundle/tree/v1.36.4"}},{"version":"v1.36.3","version_normalized":"1.36.3.0","source":{"url":"https://github.com/symfony/maker-bundle.git","type":"git","reference":"0f40c826c0725208c254ddcd3481690e6c7e5047"},"dist":{"url":"https://api.github.com/repos/symfony/maker-bundle/zipball/0f40c826c0725208c254ddcd3481690e6c7e5047","type":"zip","shasum":"","reference":"0f40c826c0725208c254ddcd3481690e6c7e5047"},"time":"2021-11-22T18:44:03+00:00","require":{"php":">=7.1.3","doctrine/inflector":"^1.2|^2.0","nikic/php-parser":"^4.11","symfony/config":"^4.4|^5.0|^6.0","symfony/console":"^4.4|^5.0|^6.0","symfony/dependency-injection":"^4.4|^5.0|^6.0","symfony/deprecation-contracts":"^2.2","symfony/filesystem":"^4.4|^5.0|^6.0","symfony/finder":"^4.4|^5.0|^6.0","symfony/framework-bundle":"^4.4|^5.0|^6.0","symfony/http-kernel":"^4.4|^5.0|^6.0"},"support":{"issues":"https://github.com/symfony/maker-bundle/issues","source":"https://github.com/symfony/maker-bundle/tree/v1.36.3"}},{"version":"v1.36.2","version_normalized":"1.36.2.0","source":{"url":"https://github.com/symfony/maker-bundle.git","type":"git","reference":"63dc8ba1089f7ab7ae400b03dbee347f8b631275"},"dist":{"url":"https://api.github.com/repos/symfony/maker-bundle/zipball/63dc8ba1089f7ab7ae400b03dbee347f8b631275","type":"zip","shasum":"","reference":"63dc8ba1089f7ab7ae400b03dbee347f8b631275"},"time":"2021-11-22T15:24:14+00:00","support":{"issues":"https://github.com/symfony/maker-bundle/issues","source":"https://github.com/symfony/maker-bundle/tree/v1.36.2"}},{"version":"v1.36.1","version_normalized":"1.36.1.0","source":{"url":"https://github.com/symfony/maker-bundle.git","type":"git","reference":"ca4d157527028afa46cb90a7cffd710b53c7b878"},"dist":{"url":"https://api.github.com/repos/symfony/maker-bundle/zipball/ca4d157527028afa46cb90a7cffd710b53c7b878","type":"zip","shasum":"","reference":"ca4d157527028afa46cb90a7cffd710b53c7b878"},"time":"2021-11-17T00:13:12+00:00","support":{"issues":"https://github.com/symfony/maker-bundle/issues","source":"https://github.com/symfony/maker-bundle/tree/v1.36.1"}},{"version":"v1.36.0","version_normalized":"1.36.0.0","source":{"url":"https://github.com/symfony/maker-bundle.git","type":"git","reference":"40b9b55c5d50825995820190f814936c06237b48"},"dist":{"url":"https://api.github.com/repos/symfony/maker-bundle/zipball/40b9b55c5d50825995820190f814936c06237b48","type":"zip","shasum":"","reference":"40b9b55c5d50825995820190f814936c06237b48"},"time":"2021-11-16T13:52:26+00:00","support":{"issues":"https://github.com/symfony/maker-bundle/issues","source":"https://github.com/symfony/maker-bundle/tree/v1.36.0"}},{"version":"v1.35.0","version_normalized":"1.35.0.0","source":{"url":"https://github.com/symfony/maker-bundle.git","type":"git","reference":"25058310408bb045772d2ec0ff7a3b6460fea2dd"},"dist":{"url":"https://api.github.com/repos/symfony/maker-bundle/zipball/25058310408bb045772d2ec0ff7a3b6460fea2dd","type":"zip","shasum":"","reference":"25058310408bb045772d2ec0ff7a3b6460fea2dd"},"time":"2021-11-13T01:26:11+00:00","require":{"php":">=7.1.3","doctrine/inflector":"^1.2|^2.0","nikic/php-parser":"^4.11","symfony/config":"^4.0|^5.0|^6.0","symfony/console":"^4.0|^5.0|^6.0","symfony/dependency-injection":"^4.0|^5.0|^6.0","symfony/deprecation-contracts":"^2.2","symfony/filesystem":"^4.0|^5.0|^6.0","symfony/finder":"^4.0|^5.0|^6.0","symfony/framework-bundle":"^4.0|^5.0|^6.0","symfony/http-kernel":"^4.0|^5.0|^6.0"},"require-dev":{"composer/semver":"^3.0@dev","doctrine/doctrine-bundle":"^1.8|^2.0","doctrine/orm":"^2.3","symfony/http-client":"^4.3|^5.0|^6.0","symfony/phpunit-bridge":"^4.3|^5.0|^6.0","symfony/process":"^4.0|^5.0|^6.0","symfony/security-core":"^4.0|^5.0|^6.0","symfony/yaml":"^4.0|^5.0|^6.0"},"support":{"issues":"https://github.com/symfony/maker-bundle/issues","source":"https://github.com/symfony/maker-bundle/tree/v1.35.0"}},{"version":"v1.34.1","version_normalized":"1.34.1.0","source":{"url":"https://github.com/symfony/maker-bundle.git","type":"git","reference":"c9ae401f3fa2b42881120d33ad79416630d1f2be"},"dist":{"url":"https://api.github.com/repos/symfony/maker-bundle/zipball/c9ae401f3fa2b42881120d33ad79416630d1f2be","type":"zip","shasum":"","reference":"c9ae401f3fa2b42881120d33ad79416630d1f2be"},"time":"2021-10-13T15:58:56+00:00","require":{"php":">=7.1.3","doctrine/inflector":"^1.2|^2.0","nikic/php-parser":"^4.11","symfony/config":"^4.0|^5.0","symfony/console":"^4.0|^5.0","symfony/dependency-injection":"^4.0|^5.0","symfony/deprecation-contracts":"^2.2","symfony/filesystem":"^4.0|^5.0","symfony/finder":"^4.0|^5.0","symfony/framework-bundle":"^4.0|^5.0","symfony/http-kernel":"^4.0|^5.0"},"require-dev":{"composer/semver":"^3.0@dev","doctrine/doctrine-bundle":"^1.8|^2.0","doctrine/orm":"^2.3","friendsofphp/php-cs-fixer":"^3.0","friendsoftwig/twigcs":"^4.1.0|^5.0.0","symfony/http-client":"^4.3|^5.0","symfony/phpunit-bridge":"^4.3|^5.0","symfony/process":"^4.0|^5.0","symfony/security-core":"^4.0|^5.0","symfony/yaml":"^4.0|^5.0"},"support":{"issues":"https://github.com/symfony/maker-bundle/issues","source":"https://github.com/symfony/maker-bundle/tree/v1.34.1"}},{"version":"v1.34.0","version_normalized":"1.34.0.0","source":{"url":"https://github.com/symfony/maker-bundle.git","type":"git","reference":"c1ead8581cddeb4b2b9dcc8a3f00910093c4e5e8"},"dist":{"url":"https://api.github.com/repos/symfony/maker-bundle/zipball/c1ead8581cddeb4b2b9dcc8a3f00910093c4e5e8","type":"zip","shasum":"","reference":"c1ead8581cddeb4b2b9dcc8a3f00910093c4e5e8"},"time":"2021-09-27T14:29:38+00:00","support":{"issues":"https://github.com/symfony/maker-bundle/issues","source":"https://github.com/symfony/maker-bundle/tree/v1.34.0"}},{"version":"v1.33.0","version_normalized":"1.33.0.0","source":{"url":"https://github.com/symfony/maker-bundle.git","type":"git","reference":"f093d906c667cba7e3f74487d9e5e55aaf25a031"},"dist":{"url":"https://api.github.com/repos/symfony/maker-bundle/zipball/f093d906c667cba7e3f74487d9e5e55aaf25a031","type":"zip","shasum":"","reference":"f093d906c667cba7e3f74487d9e5e55aaf25a031"},"time":"2021-07-01T00:28:30+00:00","require":{"php":">=7.1.3","doctrine/inflector":"^1.2|^2.0","nikic/php-parser":"^4.0","symfony/config":"^4.0|^5.0","symfony/console":"^4.0|^5.0","symfony/dependency-injection":"^4.0|^5.0","symfony/deprecation-contracts":"^2.2","symfony/filesystem":"^4.0|^5.0","symfony/finder":"^4.0|^5.0","symfony/framework-bundle":"^4.0|^5.0","symfony/http-kernel":"^4.0|^5.0"},"support":{"issues":"https://github.com/symfony/maker-bundle/issues","source":"https://github.com/symfony/maker-bundle/tree/v1.33.0"}},{"version":"v1.32.0","version_normalized":"1.32.0.0","source":{"url":"https://github.com/symfony/maker-bundle.git","type":"git","reference":"702558c5fc5a27796eedad12a82bb27be76247dc"},"dist":{"url":"https://api.github.com/repos/symfony/maker-bundle/zipball/702558c5fc5a27796eedad12a82bb27be76247dc","type":"zip","shasum":"","reference":"702558c5fc5a27796eedad12a82bb27be76247dc"},"time":"2021-06-18T18:00:44+00:00","support":{"issues":"https://github.com/symfony/maker-bundle/issues","source":"https://github.com/symfony/maker-bundle/tree/v1.32.0"}},{"version":"v1.31.1","version_normalized":"1.31.1.0","source":{"url":"https://github.com/symfony/maker-bundle.git","type":"git","reference":"4f57a44cef0b4555043160b8bf223fcde8a7a59a"},"dist":{"url":"https://api.github.com/repos/symfony/maker-bundle/zipball/4f57a44cef0b4555043160b8bf223fcde8a7a59a","type":"zip","shasum":"","reference":"4f57a44cef0b4555043160b8bf223fcde8a7a59a"},"time":"2021-05-12T14:01:20+00:00","support":{"issues":"https://github.com/symfony/maker-bundle/issues","source":"https://github.com/symfony/maker-bundle/tree/v1.31.1"}},{"version":"v1.31.0","version_normalized":"1.31.0.0","source":{"url":"https://github.com/symfony/maker-bundle.git","type":"git","reference":"d01a475fb9a96a46d0c75dbc7fae6eb9a8c85ddb"},"dist":{"url":"https://api.github.com/repos/symfony/maker-bundle/zipball/d01a475fb9a96a46d0c75dbc7fae6eb9a8c85ddb","type":"zip","shasum":"","reference":"d01a475fb9a96a46d0c75dbc7fae6eb9a8c85ddb"},"time":"2021-05-05T18:41:31+00:00","support":{"issues":"https://github.com/symfony/maker-bundle/issues","source":"https://github.com/symfony/maker-bundle/tree/v1.31.0"}},{"version":"v1.30.2","version_normalized":"1.30.2.0","source":{"url":"https://github.com/symfony/maker-bundle.git","type":"git","reference":"a395a85aa4ded6c1fa3da118d60329b64b6c2acd"},"dist":{"url":"https://api.github.com/repos/symfony/maker-bundle/zipball/a395a85aa4ded6c1fa3da118d60329b64b6c2acd","type":"zip","shasum":"","reference":"a395a85aa4ded6c1fa3da118d60329b64b6c2acd"},"time":"2021-03-23T13:53:38+00:00","require-dev":{"composer/semver":"^3.0@dev","doctrine/doctrine-bundle":"^1.8|^2.0","doctrine/orm":"^2.3","friendsofphp/php-cs-fixer":"^2.8","friendsoftwig/twigcs":"^4.1.0|^5.0.0","symfony/http-client":"^4.3|^5.0","symfony/phpunit-bridge":"^4.3|^5.0","symfony/process":"^4.0|^5.0","symfony/security-core":"^4.0|^5.0","symfony/yaml":"^4.0|^5.0"},"support":{"issues":"https://github.com/symfony/maker-bundle/issues","source":"https://github.com/symfony/maker-bundle/tree/v1.30.2"}},{"version":"v1.30.1","version_normalized":"1.30.1.0","source":{"url":"https://github.com/symfony/maker-bundle.git","type":"git","reference":"4021ece4955286e0816a34b3d545bf1a917afb0f"},"dist":{"url":"https://api.github.com/repos/symfony/maker-bundle/zipball/4021ece4955286e0816a34b3d545bf1a917afb0f","type":"zip","shasum":"","reference":"4021ece4955286e0816a34b3d545bf1a917afb0f"},"time":"2021-03-22T17:49:17+00:00","support":{"issues":"https://github.com/symfony/maker-bundle/issues","source":"https://github.com/symfony/maker-bundle/tree/v1.30.1"}},{"version":"v1.30.0","version_normalized":"1.30.0.0","source":{"url":"https://github.com/symfony/maker-bundle.git","type":"git","reference":"a9ff8a8600b6354d79fd16c72c24757dcb086c3c"},"dist":{"url":"https://api.github.com/repos/symfony/maker-bundle/zipball/a9ff8a8600b6354d79fd16c72c24757dcb086c3c","type":"zip","shasum":"","reference":"a9ff8a8600b6354d79fd16c72c24757dcb086c3c"},"time":"2021-03-19T18:32:22+00:00","support":{"issues":"https://github.com/symfony/maker-bundle/issues","source":"https://github.com/symfony/maker-bundle/tree/v1.30.0"}},{"version":"v1.29.2","version_normalized":"1.29.2.0","source":{"url":"https://github.com/symfony/maker-bundle.git","type":"git","reference":"94be78c8ded1cbaac80f5af46c6bce0b3a570b22"},"dist":{"url":"https://api.github.com/repos/symfony/maker-bundle/zipball/94be78c8ded1cbaac80f5af46c6bce0b3a570b22","type":"zip","shasum":"","reference":"94be78c8ded1cbaac80f5af46c6bce0b3a570b22"},"time":"2021-05-18T16:28:37+00:00","require":{"php":">=7.1.3","doctrine/inflector":"^1.2|^2.0","nikic/php-parser":"^4.0","symfony/config":"^3.4|^4.0|^5.0","symfony/console":"^3.4|^4.0|^5.0","symfony/dependency-injection":"^3.4|^4.0|^5.0","symfony/deprecation-contracts":"^2.2","symfony/filesystem":"^3.4|^4.0|^5.0","symfony/finder":"^3.4|^4.0|^5.0","symfony/framework-bundle":"^3.4|^4.0|^5.0","symfony/http-kernel":"^3.4|^4.0|^5.0"},"require-dev":{"composer/semver":"^3.0@dev","doctrine/doctrine-bundle":"^1.8|^2.0","doctrine/orm":"^2.3","friendsofphp/php-cs-fixer":"^2.8","friendsoftwig/twigcs":"^3.1.2","symfony/http-client":"^4.3|^5.0","symfony/phpunit-bridge":"^4.3|^5.0","symfony/process":"^3.4|^4.0|^5.0","symfony/security-core":"^3.4|^4.0|^5.0","symfony/yaml":"^3.4|^4.0|^5.0"},"support":{"issues":"https://github.com/symfony/maker-bundle/issues","source":"https://github.com/symfony/maker-bundle/tree/v1.29.2"}},{"version":"v1.29.1","version_normalized":"1.29.1.0","source":{"url":"https://github.com/symfony/maker-bundle.git","type":"git","reference":"313b5669a5370bf36cd34fa8f5b5bbbfa5fb8aa8"},"dist":{"url":"https://api.github.com/repos/symfony/maker-bundle/zipball/313b5669a5370bf36cd34fa8f5b5bbbfa5fb8aa8","type":"zip","shasum":"","reference":"313b5669a5370bf36cd34fa8f5b5bbbfa5fb8aa8"},"time":"2021-02-10T19:21:31+00:00","support":{"issues":"https://github.com/symfony/maker-bundle/issues","source":"https://github.com/symfony/maker-bundle/tree/v1.29.1"}},{"version":"v1.29.0","version_normalized":"1.29.0.0","source":{"url":"https://github.com/symfony/maker-bundle.git","type":"git","reference":"9a9e3f4253ca0d923ad49b327db6f89a8f74fe4c"},"dist":{"url":"https://api.github.com/repos/symfony/maker-bundle/zipball/9a9e3f4253ca0d923ad49b327db6f89a8f74fe4c","type":"zip","shasum":"","reference":"9a9e3f4253ca0d923ad49b327db6f89a8f74fe4c"},"time":"2021-02-07T01:02:28+00:00","support":{"issues":"https://github.com/symfony/maker-bundle/issues","source":"https://github.com/symfony/maker-bundle/tree/v1.29.0"}},{"version":"v1.28.0","version_normalized":"1.28.0.0","source":{"url":"https://github.com/symfony/maker-bundle.git","type":"git","reference":"6f4d27a68c92179c124f5331a27e32d197c9bd59"},"dist":{"url":"https://api.github.com/repos/symfony/maker-bundle/zipball/6f4d27a68c92179c124f5331a27e32d197c9bd59","type":"zip","shasum":"","reference":"6f4d27a68c92179c124f5331a27e32d197c9bd59"},"time":"2021-01-15T18:19:20+00:00","support":{"issues":"https://github.com/symfony/maker-bundle/issues","source":"https://github.com/symfony/maker-bundle/tree/v1.28.0"}},{"version":"1.27.0","version_normalized":"1.27.0.0","source":{"url":"https://github.com/symfony/maker-bundle.git","type":"git","reference":"a47408fa6e39034a5abe324a46f4e6733266267a"},"dist":{"url":"https://api.github.com/repos/symfony/maker-bundle/zipball/a47408fa6e39034a5abe324a46f4e6733266267a","type":"zip","shasum":"","reference":"a47408fa6e39034a5abe324a46f4e6733266267a"},"time":"2021-01-08T18:14:10+00:00","support":{"issues":"https://github.com/symfony/maker-bundle/issues","source":"https://github.com/symfony/maker-bundle/tree/1.27.0"}},{"version":"v1.26.1","version_normalized":"1.26.1.0","source":{"url":"https://github.com/symfony/maker-bundle.git","type":"git","reference":"0f1d3ed2584349dc8700d7908e8a92b3742b1c99"},"dist":{"url":"https://api.github.com/repos/symfony/maker-bundle/zipball/0f1d3ed2584349dc8700d7908e8a92b3742b1c99","type":"zip","shasum":"","reference":"0f1d3ed2584349dc8700d7908e8a92b3742b1c99"},"time":"2020-12-18T17:08:39+00:00","support":{"issues":"https://github.com/symfony/maker-bundle/issues","source":"https://github.com/symfony/maker-bundle/tree/v1.26.1"}},{"version":"v1.26.0","version_normalized":"1.26.0.0","source":{"url":"https://github.com/symfony/maker-bundle.git","type":"git","reference":"9dcdb6c7f274e8f1645f5adf32b53d05f124d24e"},"dist":{"url":"https://api.github.com/repos/symfony/maker-bundle/zipball/9dcdb6c7f274e8f1645f5adf32b53d05f124d24e","type":"zip","shasum":"","reference":"9dcdb6c7f274e8f1645f5adf32b53d05f124d24e"},"time":"2020-12-17T19:59:08+00:00","support":{"issues":"https://github.com/symfony/maker-bundle/issues","source":"https://github.com/symfony/maker-bundle/tree/v1.26.0"}},{"version":"v1.25.0","version_normalized":"1.25.0.0","source":{"url":"https://github.com/symfony/maker-bundle.git","type":"git","reference":"6d2da12632f5c8b9aa7b159f0bb46f245289434a"},"dist":{"url":"https://api.github.com/repos/symfony/maker-bundle/zipball/6d2da12632f5c8b9aa7b159f0bb46f245289434a","type":"zip","shasum":"","reference":"6d2da12632f5c8b9aa7b159f0bb46f245289434a"},"time":"2020-12-07T14:47:57+00:00","support":{"issues":"https://github.com/symfony/maker-bundle/issues","source":"https://github.com/symfony/maker-bundle/tree/v1.25.0"}},{"version":"v1.24.2","version_normalized":"1.24.2.0","source":{"url":"https://github.com/symfony/maker-bundle.git","type":"git","reference":"87620ef23319ebbdfc5b51dd6b6e7d12003f4564"},"dist":{"url":"https://api.github.com/repos/symfony/maker-bundle/zipball/87620ef23319ebbdfc5b51dd6b6e7d12003f4564","type":"zip","shasum":"","reference":"87620ef23319ebbdfc5b51dd6b6e7d12003f4564"},"time":"2020-11-27T17:49:17+00:00","require":{"php":">=7.1.3","doctrine/inflector":"^1.2","nikic/php-parser":"^4.0","symfony/config":"^3.4|^4.0|^5.0","symfony/console":"^3.4|^4.0|^5.0","symfony/dependency-injection":"^3.4|^4.0|^5.0","symfony/deprecation-contracts":"^2.2","symfony/filesystem":"^3.4|^4.0|^5.0","symfony/finder":"^3.4|^4.0|^5.0","symfony/framework-bundle":"^3.4|^4.0|^5.0","symfony/http-kernel":"^3.4|^4.0|^5.0"},"support":{"issues":"https://github.com/symfony/maker-bundle/issues","source":"https://github.com/symfony/maker-bundle/tree/v1.24.2"}},{"version":"v1.24.1","version_normalized":"1.24.1.0","source":{"url":"https://github.com/symfony/maker-bundle.git","type":"git","reference":"40b49abf01810453f73e3e239759f1736607f029"},"dist":{"url":"https://api.github.com/repos/symfony/maker-bundle/zipball/40b49abf01810453f73e3e239759f1736607f029","type":"zip","shasum":"","reference":"40b49abf01810453f73e3e239759f1736607f029"},"time":"2020-11-25T17:19:22+00:00","support":{"issues":"https://github.com/symfony/maker-bundle/issues","source":"https://github.com/symfony/maker-bundle/tree/v1.24.1"}},{"version":"v1.24.0","version_normalized":"1.24.0.0","source":{"url":"https://github.com/symfony/maker-bundle.git","type":"git","reference":"c3620e12da504fe6dc2269c4c77cd1d35516c58e"},"dist":{"url":"https://api.github.com/repos/symfony/maker-bundle/zipball/c3620e12da504fe6dc2269c4c77cd1d35516c58e","type":"zip","shasum":"","reference":"c3620e12da504fe6dc2269c4c77cd1d35516c58e"},"time":"2020-11-25T14:23:24+00:00","require":{"php":">=7.1.3","doctrine/inflector":"^1.2","nikic/php-parser":"^4.0","symfony/config":"^3.4|^4.0|^5.0","symfony/console":"^3.4|^4.0|^5.0","symfony/dependency-injection":"^3.4|^4.0|^5.0","symfony/deprecation-contracts":"^2.3","symfony/filesystem":"^3.4|^4.0|^5.0","symfony/finder":"^3.4|^4.0|^5.0","symfony/framework-bundle":"^3.4|^4.0|^5.0","symfony/http-kernel":"^3.4|^4.0|^5.0"},"support":{"issues":"https://github.com/symfony/maker-bundle/issues","source":"https://github.com/symfony/maker-bundle/tree/v1.24.0"}},{"version":"v1.23.0","version_normalized":"1.23.0.0","source":{"url":"https://github.com/symfony/maker-bundle.git","type":"git","reference":"ffaee624a20a462ec2da82942d3c9d8fc8dd1421"},"dist":{"url":"https://api.github.com/repos/symfony/maker-bundle/zipball/ffaee624a20a462ec2da82942d3c9d8fc8dd1421","type":"zip","shasum":"","reference":"ffaee624a20a462ec2da82942d3c9d8fc8dd1421"},"time":"2020-10-28T15:35:16+00:00","extra":{"branch-alias":{"dev-master":"1.0-dev"}},"require":{"php":">=7.1.3","doctrine/inflector":"^1.2","nikic/php-parser":"^4.0","symfony/config":"^3.4|^4.0|^5.0","symfony/console":"^3.4|^4.0|^5.0","symfony/dependency-injection":"^3.4|^4.0|^5.0","symfony/filesystem":"^3.4|^4.0|^5.0","symfony/finder":"^3.4|^4.0|^5.0","symfony/framework-bundle":"^3.4|^4.0|^5.0","symfony/http-kernel":"^3.4|^4.0|^5.0"},"support":{"issues":"https://github.com/symfony/maker-bundle/issues","source":"https://github.com/symfony/maker-bundle/tree/v1.23.0"}},{"version":"v1.22.0","version_normalized":"1.22.0.0","source":{"url":"https://github.com/symfony/maker-bundle.git","type":"git","reference":"430a9f6d5d2d60672337859c7833c0acc7ec05db"},"dist":{"url":"https://api.github.com/repos/symfony/maker-bundle/zipball/430a9f6d5d2d60672337859c7833c0acc7ec05db","type":"zip","shasum":"","reference":"430a9f6d5d2d60672337859c7833c0acc7ec05db"},"time":"2020-10-23T00:59:45+00:00","require":{"php":"^7.1.3","doctrine/inflector":"^1.2","nikic/php-parser":"^4.0","symfony/config":"^3.4|^4.0|^5.0","symfony/console":"^3.4|^4.0|^5.0","symfony/dependency-injection":"^3.4|^4.0|^5.0","symfony/filesystem":"^3.4|^4.0|^5.0","symfony/finder":"^3.4|^4.0|^5.0","symfony/framework-bundle":"^3.4|^4.0|^5.0","symfony/http-kernel":"^3.4|^4.0|^5.0"},"support":{"issues":"https://github.com/symfony/maker-bundle/issues","source":"https://github.com/symfony/maker-bundle/tree/v1.22.0"}},{"version":"v1.21.1","version_normalized":"1.21.1.0","source":{"url":"https://github.com/symfony/maker-bundle.git","type":"git","reference":"da629093c7bf9abd9a6a0f232a43bbb1b88de68d"},"dist":{"url":"https://api.github.com/repos/symfony/maker-bundle/zipball/da629093c7bf9abd9a6a0f232a43bbb1b88de68d","type":"zip","shasum":"","reference":"da629093c7bf9abd9a6a0f232a43bbb1b88de68d"},"time":"2020-08-29T18:05:46+00:00","support":{"issues":"https://github.com/symfony/maker-bundle/issues","source":"https://github.com/symfony/maker-bundle/tree/master"}},{"version":"v1.21.0","version_normalized":"1.21.0.0","source":{"url":"https://github.com/symfony/maker-bundle.git","type":"git","reference":"1a3202324f264b96f6aebd5967ee2d708e6abf06"},"dist":{"url":"https://api.github.com/repos/symfony/maker-bundle/zipball/1a3202324f264b96f6aebd5967ee2d708e6abf06","type":"zip","shasum":"","reference":"1a3202324f264b96f6aebd5967ee2d708e6abf06"},"time":"2020-08-25T20:53:07+00:00","support":{"issues":"https://github.com/symfony/maker-bundle/issues","source":"https://github.com/symfony/maker-bundle/tree/v1.21.0"}},{"version":"v1.20.0","version_normalized":"1.20.0.0","source":{"url":"https://github.com/symfony/maker-bundle.git","type":"git","reference":"b048c7b2be5bce9024ae3b0db97d44a107029c27"},"dist":{"url":"https://api.github.com/repos/symfony/maker-bundle/zipball/b048c7b2be5bce9024ae3b0db97d44a107029c27","type":"zip","shasum":"","reference":"b048c7b2be5bce9024ae3b0db97d44a107029c27"},"time":"2020-07-14T11:22:04+00:00","support":{"issues":"https://github.com/symfony/maker-bundle/issues","source":"https://github.com/symfony/maker-bundle/tree/master"}},{"version":"v1.19.1","version_normalized":"1.19.1.0","source":{"url":"https://github.com/symfony/maker-bundle.git","type":"git","reference":"51c48ca9df84c16ed522a7781866900edf7c99f8"},"dist":{"url":"https://api.github.com/repos/symfony/maker-bundle/zipball/51c48ca9df84c16ed522a7781866900edf7c99f8","type":"zip","shasum":"","reference":"51c48ca9df84c16ed522a7781866900edf7c99f8"},"time":"2020-07-06T00:27:41+00:00","require-dev":{"doctrine/doctrine-bundle":"^1.8|^2.0","doctrine/orm":"^2.3","friendsofphp/php-cs-fixer":"^2.8","friendsoftwig/twigcs":"^3.1.2","symfony/http-client":"^4.3|^5.0","symfony/phpunit-bridge":"^4.3|^5.0","symfony/process":"^3.4|^4.0|^5.0","symfony/security-core":"^3.4|^4.0|^5.0","symfony/yaml":"^3.4|^4.0|^5.0"}},{"version":"v1.19.0","version_normalized":"1.19.0.0","source":{"url":"https://github.com/symfony/maker-bundle.git","type":"git","reference":"bea8c3c959e48a2c952cc7c4f4f32964be8b8874"},"dist":{"url":"https://api.github.com/repos/symfony/maker-bundle/zipball/bea8c3c959e48a2c952cc7c4f4f32964be8b8874","type":"zip","shasum":"","reference":"bea8c3c959e48a2c952cc7c4f4f32964be8b8874"},"time":"2020-05-29T14:47:30+00:00","support":{"issues":"https://github.com/symfony/maker-bundle/issues","source":"https://github.com/symfony/maker-bundle/tree/v1.19.0"}},{"version":"v1.18.0","version_normalized":"1.18.0.0","source":{"url":"https://github.com/symfony/maker-bundle.git","type":"git","reference":"b38c75be880b152ab55cef6cd52bf882d2b6518e"},"dist":{"url":"https://api.github.com/repos/symfony/maker-bundle/zipball/b38c75be880b152ab55cef6cd52bf882d2b6518e","type":"zip","shasum":"","reference":"b38c75be880b152ab55cef6cd52bf882d2b6518e"},"time":"2020-05-15T18:51:23+00:00","support":{"issues":"https://github.com/symfony/maker-bundle/issues","source":"https://github.com/symfony/maker-bundle/tree/v1.18.0"}},{"version":"v1.17.0","version_normalized":"1.17.0.0","source":{"url":"https://github.com/symfony/maker-bundle.git","type":"git","reference":"0b5fd0e13eedc88727b47a11edbcf68bc6b797ed"},"dist":{"url":"https://api.github.com/repos/symfony/maker-bundle/zipball/0b5fd0e13eedc88727b47a11edbcf68bc6b797ed","type":"zip","shasum":"","reference":"0b5fd0e13eedc88727b47a11edbcf68bc6b797ed"},"time":"2020-05-08T13:53:05+00:00","require":{"php":"^7.1.3","doctrine/inflector":"^1.2 || ^2.0","nikic/php-parser":"^4.0","symfony/config":"^3.4|^4.0|^5.0","symfony/console":"^3.4|^4.0|^5.0","symfony/dependency-injection":"^3.4|^4.0|^5.0","symfony/filesystem":"^3.4|^4.0|^5.0","symfony/finder":"^3.4|^4.0|^5.0","symfony/framework-bundle":"^3.4|^4.0|^5.0","symfony/http-kernel":"^3.4|^4.0|^5.0"},"support":{"issues":"https://github.com/symfony/maker-bundle/issues","source":"https://github.com/symfony/maker-bundle/tree/v1.17.0"}},{"version":"v1.16.0","version_normalized":"1.16.0.0","source":{"url":"https://github.com/symfony/maker-bundle.git","type":"git","reference":"c8b36ce2aac3635603b4ffc58fbc26717e0a7317"},"dist":{"url":"https://api.github.com/repos/symfony/maker-bundle/zipball/c8b36ce2aac3635603b4ffc58fbc26717e0a7317","type":"zip","shasum":"","reference":"c8b36ce2aac3635603b4ffc58fbc26717e0a7317"},"time":"2020-05-05T14:21:24+00:00","require":{"php":"^7.0.8","doctrine/inflector":"^1.2","nikic/php-parser":"^4.0","symfony/config":"^3.4|^4.0|^5.0","symfony/console":"^3.4|^4.0|^5.0","symfony/dependency-injection":"^3.4|^4.0|^5.0","symfony/filesystem":"^3.4|^4.0|^5.0","symfony/finder":"^3.4|^4.0|^5.0","symfony/framework-bundle":"^3.4|^4.0|^5.0","symfony/http-kernel":"^3.4|^4.0|^5.0"},"support":{"issues":"https://github.com/symfony/maker-bundle/issues","source":"https://github.com/symfony/maker-bundle/tree/master"}},{"version":"v1.15.1","version_normalized":"1.15.1.0","source":{"url":"https://github.com/symfony/maker-bundle.git","type":"git","reference":"ae95a2b7fa8272e75630c273396097074f23e03f"},"dist":{"url":"https://api.github.com/repos/symfony/maker-bundle/zipball/ae95a2b7fa8272e75630c273396097074f23e03f","type":"zip","shasum":"","reference":"ae95a2b7fa8272e75630c273396097074f23e03f"},"time":"2020-04-21T19:17:25+00:00"},{"version":"v1.15.0","version_normalized":"1.15.0.0","source":{"url":"https://github.com/symfony/maker-bundle.git","type":"git","reference":"31396f2e61803f0e2debbb43ba5aa21acbc6e15a"},"dist":{"url":"https://api.github.com/repos/symfony/maker-bundle/zipball/31396f2e61803f0e2debbb43ba5aa21acbc6e15a","type":"zip","shasum":"","reference":"31396f2e61803f0e2debbb43ba5aa21acbc6e15a"},"time":"2020-04-05T10:50:59+00:00","support":{"issues":"https://github.com/symfony/maker-bundle/issues","source":"https://github.com/symfony/maker-bundle/tree/v1.15.0"}},{"version":"v1.14.6","version_normalized":"1.14.6.0","source":{"url":"https://github.com/symfony/maker-bundle.git","type":"git","reference":"bc4df88792fbaaeb275167101dc714218475db5f"},"dist":{"url":"https://api.github.com/repos/symfony/maker-bundle/zipball/bc4df88792fbaaeb275167101dc714218475db5f","type":"zip","shasum":"","reference":"bc4df88792fbaaeb275167101dc714218475db5f"},"time":"2020-03-04T13:57:29+00:00","support":{"issues":"https://github.com/symfony/maker-bundle/issues","source":"https://github.com/symfony/maker-bundle/tree/master"}},{"version":"v1.14.5","version_normalized":"1.14.5.0","source":{"url":"https://github.com/symfony/maker-bundle.git","type":"git","reference":"4c446019ecd342e2ba8bb3ad5b68a335f0f8ead0"},"dist":{"url":"https://api.github.com/repos/symfony/maker-bundle/zipball/4c446019ecd342e2ba8bb3ad5b68a335f0f8ead0","type":"zip","shasum":"","reference":"4c446019ecd342e2ba8bb3ad5b68a335f0f8ead0"},"time":"2020-03-04T13:24:41+00:00"},{"version":"v1.14.4","version_normalized":"1.14.4.0","source":{"url":"https://github.com/symfony/maker-bundle.git","type":"git","reference":"b06ebe524357945a4e7ffee42ade880bdf9e1500"},"dist":{"url":"https://api.github.com/repos/symfony/maker-bundle/zipball/b06ebe524357945a4e7ffee42ade880bdf9e1500","type":"zip","shasum":"","reference":"b06ebe524357945a4e7ffee42ade880bdf9e1500"},"time":"2020-03-02T15:21:16+00:00","support":{"issues":"https://github.com/symfony/maker-bundle/issues","source":"https://github.com/symfony/maker-bundle/tree/v1"}},{"version":"v1.14.3","version_normalized":"1.14.3.0","source":{"url":"https://github.com/symfony/maker-bundle.git","type":"git","reference":"c864e7f9b8d1e1f5f60acc3beda11299f637aded"},"dist":{"url":"https://api.github.com/repos/symfony/maker-bundle/zipball/c864e7f9b8d1e1f5f60acc3beda11299f637aded","type":"zip","shasum":"","reference":"c864e7f9b8d1e1f5f60acc3beda11299f637aded"},"time":"2019-11-07T00:56:03+00:00","support":{"issues":"https://github.com/symfony/maker-bundle/issues","source":"https://github.com/symfony/maker-bundle/tree/v1.14.3"},"funding":"__unset"},{"version":"v1.14.2","version_normalized":"1.14.2.0","source":{"url":"https://github.com/symfony/maker-bundle.git","type":"git","reference":"5dfcbc400b168943f15a21d4283ad848605d9bc2"},"dist":{"url":"https://api.github.com/repos/symfony/maker-bundle/zipball/5dfcbc400b168943f15a21d4283ad848605d9bc2","type":"zip","shasum":"","reference":"5dfcbc400b168943f15a21d4283ad848605d9bc2"},"time":"2019-11-04T13:50:13+00:00","support":{"issues":"https://github.com/symfony/maker-bundle/issues","source":"https://github.com/symfony/maker-bundle/tree/v1.14.2"}},{"version":"v1.14.1","version_normalized":"1.14.1.0","source":{"url":"https://github.com/symfony/maker-bundle.git","type":"git","reference":"f7dd84691dbf399137a5caafc90f419801d09e5f"},"dist":{"url":"https://api.github.com/repos/symfony/maker-bundle/zipball/f7dd84691dbf399137a5caafc90f419801d09e5f","type":"zip","shasum":"","reference":"f7dd84691dbf399137a5caafc90f419801d09e5f"},"time":"2019-11-01T19:39:59+00:00","support":{"issues":"https://github.com/symfony/maker-bundle/issues","source":"https://github.com/symfony/maker-bundle/tree/v1.14.1"}},{"version":"v1.14.0","version_normalized":"1.14.0.0","source":{"url":"https://github.com/symfony/maker-bundle.git","type":"git","reference":"31a7597a99d8315bfa8eb0bfd2247ab880cb0c1b"},"dist":{"url":"https://api.github.com/repos/symfony/maker-bundle/zipball/31a7597a99d8315bfa8eb0bfd2247ab880cb0c1b","type":"zip","shasum":"","reference":"31a7597a99d8315bfa8eb0bfd2247ab880cb0c1b"},"time":"2019-10-21T12:43:48+00:00","support":{"issues":"https://github.com/symfony/maker-bundle/issues","source":"https://github.com/symfony/maker-bundle/tree/master"}},{"version":"v1.13.1","version_normalized":"1.13.1.0","source":{"url":"https://github.com/symfony/maker-bundle.git","type":"git","reference":"3e3651e424a5bcb7543c8856ecd10cf1b8d6f9a7"},"dist":{"url":"https://api.github.com/repos/symfony/maker-bundle/zipball/3e3651e424a5bcb7543c8856ecd10cf1b8d6f9a7","type":"zip","shasum":"","reference":"3e3651e424a5bcb7543c8856ecd10cf1b8d6f9a7"},"time":"2019-10-18T01:41:52+00:00","require":{"php":"^7.0.8","doctrine/inflector":"^1.2","nikic/php-parser":"^4.0","symfony/config":"^3.4|^4.0","symfony/console":"^3.4|^4.0","symfony/dependency-injection":"^3.4|^4.0","symfony/filesystem":"^3.4|^4.0","symfony/finder":"^3.4|^4.0","symfony/framework-bundle":"^3.4|^4.0","symfony/http-kernel":"^3.4|^4.0"},"require-dev":{"doctrine/doctrine-bundle":"^1.8","doctrine/orm":"^2.3","friendsofphp/php-cs-fixer":"^2.8","friendsoftwig/twigcs":"^3.1.2","symfony/http-client":"^4.3","symfony/phpunit-bridge":"^3.4.19|^4.0","symfony/process":"^3.4|^4.0","symfony/security-core":"^3.4|^4.0","symfony/yaml":"^3.4|^4.0"},"support":{"issues":"https://github.com/symfony/maker-bundle/issues","source":"https://github.com/symfony/maker-bundle/tree/v1.13.1"}},{"version":"v1.13.0","version_normalized":"1.13.0.0","source":{"url":"https://github.com/symfony/maker-bundle.git","type":"git","reference":"c4388410e2fb6321e77c5dd6e3cb2dba821f9fe6"},"dist":{"url":"https://api.github.com/repos/symfony/maker-bundle/zipball/c4388410e2fb6321e77c5dd6e3cb2dba821f9fe6","type":"zip","shasum":"","reference":"c4388410e2fb6321e77c5dd6e3cb2dba821f9fe6"},"time":"2019-08-18T17:34:03+00:00","support":{"issues":"https://github.com/symfony/maker-bundle/issues","source":"https://github.com/symfony/maker-bundle/tree/master"}},{"version":"v1.12.0","version_normalized":"1.12.0.0","source":{"url":"https://github.com/symfony/maker-bundle.git","type":"git","reference":"201d0e050dca336c44f93657ce1f34f3b3868432"},"dist":{"url":"https://api.github.com/repos/symfony/maker-bundle/zipball/201d0e050dca336c44f93657ce1f34f3b3868432","type":"zip","shasum":"","reference":"201d0e050dca336c44f93657ce1f34f3b3868432"},"time":"2019-07-09T22:19:18+00:00","support":{"issues":"https://github.com/symfony/maker-bundle/issues","source":"https://github.com/symfony/maker-bundle/tree/v1.12.0"}},{"version":"v1.11.6","version_normalized":"1.11.6.0","source":{"url":"https://github.com/symfony/maker-bundle.git","type":"git","reference":"d262c2cace4d9bca99137a84f6fc6ba909a17e02"},"dist":{"url":"https://api.github.com/repos/symfony/maker-bundle/zipball/d262c2cace4d9bca99137a84f6fc6ba909a17e02","type":"zip","shasum":"","reference":"d262c2cace4d9bca99137a84f6fc6ba909a17e02"},"time":"2019-04-19T17:26:45+00:00","require-dev":{"allocine/twigcs":"^3.0","doctrine/doctrine-bundle":"^1.8","doctrine/orm":"^2.3","friendsofphp/php-cs-fixer":"^2.8","symfony/phpunit-bridge":"^3.4|^4.0","symfony/process":"^3.4|^4.0","symfony/yaml":"^3.4|^4.0"},"support":{"issues":"https://github.com/symfony/maker-bundle/issues","source":"https://github.com/symfony/maker-bundle/tree/v1.11.6"}},{"version":"v1.11.5","version_normalized":"1.11.5.0","source":{"url":"https://github.com/symfony/maker-bundle.git","type":"git","reference":"186ffc80b8f363e04ea3c2ebf49e1263a84b4e39"},"dist":{"url":"https://api.github.com/repos/symfony/maker-bundle/zipball/186ffc80b8f363e04ea3c2ebf49e1263a84b4e39","type":"zip","shasum":"","reference":"186ffc80b8f363e04ea3c2ebf49e1263a84b4e39"},"time":"2019-03-11T15:55:09+00:00","support":{"issues":"https://github.com/symfony/maker-bundle/issues","source":"https://github.com/symfony/maker-bundle/tree/master"}},{"version":"v1.11.4","version_normalized":"1.11.4.0","source":{"url":"https://github.com/symfony/maker-bundle.git","type":"git","reference":"540996bfdcc14ca38dfe4865c020d965020ae821"},"dist":{"url":"https://api.github.com/repos/symfony/maker-bundle/zipball/540996bfdcc14ca38dfe4865c020d965020ae821","type":"zip","shasum":"","reference":"540996bfdcc14ca38dfe4865c020d965020ae821"},"time":"2019-03-01T20:45:16+00:00"},{"version":"v1.11.3","version_normalized":"1.11.3.0","source":{"url":"https://github.com/symfony/maker-bundle.git","type":"git","reference":"08fabae78050d2fe71341d0edc3872bddf03482f"},"dist":{"url":"https://api.github.com/repos/symfony/maker-bundle/zipball/08fabae78050d2fe71341d0edc3872bddf03482f","type":"zip","shasum":"","reference":"08fabae78050d2fe71341d0edc3872bddf03482f"},"time":"2019-01-17T02:02:27+00:00"},{"version":"v1.11.2","version_normalized":"1.11.2.0","source":{"url":"https://github.com/symfony/maker-bundle.git","type":"git","reference":"24b19cccad0c658eca516b35b08668d123fabf92"},"dist":{"url":"https://api.github.com/repos/symfony/maker-bundle/zipball/24b19cccad0c658eca516b35b08668d123fabf92","type":"zip","shasum":"","reference":"24b19cccad0c658eca516b35b08668d123fabf92"},"time":"2019-01-05T04:30:01+00:00"},{"version":"v1.11.1","version_normalized":"1.11.1.0","source":{"url":"https://github.com/symfony/maker-bundle.git","type":"git","reference":"2ba2b563a6ca17cd7723b451b9ed4702ece9d8ae"},"dist":{"url":"https://api.github.com/repos/symfony/maker-bundle/zipball/2ba2b563a6ca17cd7723b451b9ed4702ece9d8ae","type":"zip","shasum":"","reference":"2ba2b563a6ca17cd7723b451b9ed4702ece9d8ae"},"time":"2018-12-20T19:51:03+00:00"},{"version":"v1.11.0","version_normalized":"1.11.0.0","source":{"url":"https://github.com/symfony/maker-bundle.git","type":"git","reference":"584289df4c7781eaf2b0f9b785d93520a5d06b21"},"dist":{"url":"https://api.github.com/repos/symfony/maker-bundle/zipball/584289df4c7781eaf2b0f9b785d93520a5d06b21","type":"zip","shasum":"","reference":"584289df4c7781eaf2b0f9b785d93520a5d06b21"},"time":"2018-12-20T15:46:56+00:00"},{"version":"v1.10.0","version_normalized":"1.10.0.0","source":{"url":"https://github.com/symfony/maker-bundle.git","type":"git","reference":"aa37ea1323ac888913bdd3e5f83d846798729449"},"dist":{"url":"https://api.github.com/repos/symfony/maker-bundle/zipball/aa37ea1323ac888913bdd3e5f83d846798729449","type":"zip","shasum":"","reference":"aa37ea1323ac888913bdd3e5f83d846798729449"},"time":"2018-12-13T18:54:47+00:00"},{"version":"v1.9.0","version_normalized":"1.9.0.0","source":{"url":"https://github.com/symfony/maker-bundle.git","type":"git","reference":"e873047b6022a0343c9354f65d5d47b9e351dd53"},"dist":{"url":"https://api.github.com/repos/symfony/maker-bundle/zipball/e873047b6022a0343c9354f65d5d47b9e351dd53","type":"zip","shasum":"","reference":"e873047b6022a0343c9354f65d5d47b9e351dd53"},"time":"2018-11-03T18:25:11+00:00"},{"version":"v1.8.0","version_normalized":"1.8.0.0","source":{"url":"https://github.com/symfony/maker-bundle.git","type":"git","reference":"26643943fe19b5b47d620744907f09d1d6b3f06f"},"dist":{"url":"https://api.github.com/repos/symfony/maker-bundle/zipball/26643943fe19b5b47d620744907f09d1d6b3f06f","type":"zip","shasum":"","reference":"26643943fe19b5b47d620744907f09d1d6b3f06f"},"time":"2018-10-13T19:56:32+00:00"},{"version":"v1.7.0","version_normalized":"1.7.0.0","source":{"url":"https://github.com/symfony/maker-bundle.git","type":"git","reference":"22a9bf33868f0fed6cab013fe5231e8485d15e20"},"dist":{"url":"https://api.github.com/repos/symfony/maker-bundle/zipball/22a9bf33868f0fed6cab013fe5231e8485d15e20","type":"zip","shasum":"","reference":"22a9bf33868f0fed6cab013fe5231e8485d15e20"},"time":"2018-08-30T01:08:06+00:00"},{"version":"v1.6.0","version_normalized":"1.6.0.0","source":{"url":"https://github.com/symfony/maker-bundle.git","type":"git","reference":"a1b0d9ff35219ec36c44fcc6213056cc339a1cf8"},"dist":{"url":"https://api.github.com/repos/symfony/maker-bundle/zipball/a1b0d9ff35219ec36c44fcc6213056cc339a1cf8","type":"zip","shasum":"","reference":"a1b0d9ff35219ec36c44fcc6213056cc339a1cf8"},"time":"2018-08-07T16:05:09+00:00","require-dev":{"allocine/twigcs":"^3.0","doctrine/doctrine-bundle":"^1.8","doctrine/orm":"^2.3","friendsofphp/php-cs-fixer":"^2.8","symfony/phpunit-bridge":"^3.4|^4.0","symfony/process":"^3.4|^4.0"}},{"version":"v1.5.0","version_normalized":"1.5.0.0","source":{"url":"https://github.com/symfony/maker-bundle.git","type":"git","reference":"bb0485a3b2eecc561eff735109316677e18fb1d1"},"dist":{"url":"https://api.github.com/repos/symfony/maker-bundle/zipball/bb0485a3b2eecc561eff735109316677e18fb1d1","type":"zip","shasum":"","reference":"bb0485a3b2eecc561eff735109316677e18fb1d1"},"time":"2018-05-17T19:26:29+00:00"},{"version":"v1.4.4","version_normalized":"1.4.4.0","source":{"url":"https://github.com/symfony/maker-bundle.git","type":"git","reference":"eeb9027bbd3472f2d76455cc478b04bbb0eab932"},"dist":{"url":"https://api.github.com/repos/symfony/maker-bundle/zipball/eeb9027bbd3472f2d76455cc478b04bbb0eab932","type":"zip","shasum":"","reference":"eeb9027bbd3472f2d76455cc478b04bbb0eab932"},"time":"2018-05-02T13:20:32+00:00"},{"version":"v1.4.3","version_normalized":"1.4.3.0","source":{"url":"https://github.com/symfony/maker-bundle.git","type":"git","reference":"45fe88c2260f95b20d161dba94b488181180188f"},"dist":{"url":"https://api.github.com/repos/symfony/maker-bundle/zipball/45fe88c2260f95b20d161dba94b488181180188f","type":"zip","shasum":"","reference":"45fe88c2260f95b20d161dba94b488181180188f"},"time":"2018-04-22T00:44:55+00:00"},{"version":"v1.4.2","version_normalized":"1.4.2.0","source":{"url":"https://github.com/symfony/maker-bundle.git","type":"git","reference":"8713152f523b337177163a328485ea6a39fae7ad"},"dist":{"url":"https://api.github.com/repos/symfony/maker-bundle/zipball/8713152f523b337177163a328485ea6a39fae7ad","type":"zip","shasum":"","reference":"8713152f523b337177163a328485ea6a39fae7ad"},"time":"2018-04-19T17:28:47+00:00"},{"version":"v1.4.1","version_normalized":"1.4.1.0","source":{"url":"https://github.com/symfony/maker-bundle.git","type":"git","reference":"b3d6452a9d40ffbe34660cb20516667e011cbcda"},"dist":{"url":"https://api.github.com/repos/symfony/maker-bundle/zipball/b3d6452a9d40ffbe34660cb20516667e011cbcda","type":"zip","shasum":"","reference":"b3d6452a9d40ffbe34660cb20516667e011cbcda"},"time":"2018-04-19T13:00:02+00:00","require":{"php":"^7.1.3","doctrine/inflector":"^1.2","nikic/php-parser":"^4.0","symfony/config":"^3.4|^4.0","symfony/console":"^3.4|^4.0","symfony/dependency-injection":"^3.4|^4.0","symfony/filesystem":"^3.4|^4.0","symfony/finder":"^3.4|^4.0","symfony/framework-bundle":"^3.4|^4.0","symfony/http-kernel":"^3.4|^4.0"},"require-dev":{"allocine/twigcs":"^3.0","doctrine/doctrine-bundle":"^1.8","doctrine/orm":"^2.6","friendsofphp/php-cs-fixer":"^2.8","symfony/phpunit-bridge":"^3.4|^4.0","symfony/process":"^3.4|^4.0"}},{"version":"v1.4.0","version_normalized":"1.4.0.0","source":{"url":"https://github.com/symfony/maker-bundle.git","type":"git","reference":"253cee42124de11dc0a5bb7c91e5375d7197be12"},"dist":{"url":"https://api.github.com/repos/symfony/maker-bundle/zipball/253cee42124de11dc0a5bb7c91e5375d7197be12","type":"zip","shasum":"","reference":"253cee42124de11dc0a5bb7c91e5375d7197be12"},"time":"2018-04-11T22:44:12+00:00"},{"version":"v1.3.1","version_normalized":"1.3.1.0","source":{"url":"https://github.com/symfony/maker-bundle.git","type":"git","reference":"c936864823ac60508e37d8fb1d9bc6a02d03ffa7"},"dist":{"url":"https://api.github.com/repos/symfony/maker-bundle/zipball/c936864823ac60508e37d8fb1d9bc6a02d03ffa7","type":"zip","shasum":"","reference":"c936864823ac60508e37d8fb1d9bc6a02d03ffa7"},"time":"2018-03-21T13:40:46+00:00"},{"version":"v1.3.0","version_normalized":"1.3.0.0","source":{"url":"https://github.com/symfony/maker-bundle.git","type":"git","reference":"60df153a907b187cc3fd050dd6de7746ddc833b7"},"dist":{"url":"https://api.github.com/repos/symfony/maker-bundle/zipball/60df153a907b187cc3fd050dd6de7746ddc833b7","type":"zip","shasum":"","reference":"60df153a907b187cc3fd050dd6de7746ddc833b7"},"time":"2018-03-17T19:51:02+00:00"},{"version":"v1.2.0","version_normalized":"1.2.0.0","source":{"url":"https://github.com/symfony/maker-bundle.git","type":"git","reference":"9db72995231c12c701249f07743c0591ccf70e73"},"dist":{"url":"https://api.github.com/repos/symfony/maker-bundle/zipball/9db72995231c12c701249f07743c0591ccf70e73","type":"zip","shasum":"","reference":"9db72995231c12c701249f07743c0591ccf70e73"},"time":"2018-03-14T01:02:47+00:00","require":{"php":"^7.0.8","symfony/config":"^3.4|^4.0","symfony/console":"^3.4|^4.0","symfony/dependency-injection":"^3.4|^4.0","symfony/filesystem":"^3.4|^4.0","symfony/framework-bundle":"^3.4|^4.0","symfony/http-kernel":"^3.4|^4.0"},"require-dev":{"allocine/twigcs":"^3.0","friendsofphp/php-cs-fixer":"^2.8","symfony/phpunit-bridge":"^3.4|^4.0","symfony/process":"^3.4|^4.0"}},{"version":"v1.1.1","version_normalized":"1.1.1.0","source":{"url":"https://github.com/symfony/maker-bundle.git","type":"git","reference":"ba427289009de6f0fd51fb51186eeaa70ab3a33d"},"dist":{"url":"https://api.github.com/repos/symfony/maker-bundle/zipball/ba427289009de6f0fd51fb51186eeaa70ab3a33d","type":"zip","shasum":"","reference":"ba427289009de6f0fd51fb51186eeaa70ab3a33d"},"time":"2018-02-21T19:43:12+00:00"},{"version":"v1.1.0","version_normalized":"1.1.0.0","source":{"url":"https://github.com/symfony/maker-bundle.git","type":"git","reference":"14fa7ef58f662a8cf83508aa7df7b1002fcccf90"},"dist":{"url":"https://api.github.com/repos/symfony/maker-bundle/zipball/14fa7ef58f662a8cf83508aa7df7b1002fcccf90","type":"zip","shasum":"","reference":"14fa7ef58f662a8cf83508aa7df7b1002fcccf90"},"time":"2018-02-19T19:05:18+00:00"},{"description":"","homepage":"","version":"v1.0.2","version_normalized":"1.0.2.0","source":{"url":"https://github.com/symfony/maker-bundle.git","type":"git","reference":"bf97703ddb68c6b37bd6bab5f5ebd5c7542ca1ef"},"dist":{"url":"https://api.github.com/repos/symfony/maker-bundle/zipball/bf97703ddb68c6b37bd6bab5f5ebd5c7542ca1ef","type":"zip","shasum":"","reference":"bf97703ddb68c6b37bd6bab5f5ebd5c7542ca1ef"},"time":"2017-12-04T17:50:28+00:00","require-dev":{"friendsofphp/php-cs-fixer":"^2.8","symfony/phpunit-bridge":"^3.4|^4.0","symfony/process":"^3.4|^4.0"}},{"version":"v1.0.1","version_normalized":"1.0.1.0","source":{"url":"https://github.com/symfony/maker-bundle.git","type":"git","reference":"ac5a53789c6ea152dcadd1ec32c035a29ccd80f0"},"dist":{"url":"https://api.github.com/repos/symfony/maker-bundle/zipball/ac5a53789c6ea152dcadd1ec32c035a29ccd80f0","type":"zip","shasum":"","reference":"ac5a53789c6ea152dcadd1ec32c035a29ccd80f0"},"time":"2017-11-30T08:23:58+00:00"},{"version":"1.0.0","version_normalized":"1.0.0.0","source":{"url":"https://github.com/symfony/maker-bundle.git","type":"git","reference":"cc06f192f2a97be4c4b77af833f3a276e6ba63a9"},"dist":{"url":"https://api.github.com/repos/symfony/maker-bundle/zipball/cc06f192f2a97be4c4b77af833f3a276e6ba63a9","type":"zip","shasum":"","reference":"cc06f192f2a97be4c4b77af833f3a276e6ba63a9"},"funding":[{"url":"https://symfony.com/sponsor","type":"custom"},{"url":"https://github.com/fabpot","type":"github"},{"url":"https://tidelift.com/funding/github/packagist/symfony/symfony","type":"tidelift"}],"time":"2017-11-29T15:24:54+00:00","require":{"php":"^7.1.3","symfony/config":"^3.4|^4.0","symfony/console":"^3.4|^4.0","symfony/dependency-injection":"^3.4|^4.0","symfony/filesystem":"^3.4|^4.0","symfony/framework-bundle":"^3.4|^4.0","symfony/http-kernel":"^3.4|^4.0"},"support":{"issues":"https://github.com/symfony/maker-bundle/issues","source":"https://github.com/symfony/maker-bundle/tree/1.0.0"}}]},"security-advisories":[{"advisoryId":"PKSA-nvyj-nkn9-3qq7","affectedVersions":">=1.27.0,<1.28.0|>=1.28.0,<1.29.0|>=1.29.0,<1.29.2|>=1.30.0,<1.31.0|>=1.31.0,<1.31.1"}],"last-modified":"Tue, 13 Sep 2022 18:19:09 GMT"}