{"minified":"composer/2.0","packages":{"liip/imagine-bundle":[{"name":"liip/imagine-bundle","description":"This bundle provides an image manipulation abstraction toolkit for Symfony-based projects.","keywords":["symfony","image","bundle","imagine","manipulation","transformation","liip","photos","pictures"],"homepage":"http://liip.ch","version":"2.8.0","version_normalized":"2.8.0.0","license":["MIT"],"authors":[{"name":"Liip and other contributors","homepage":"https://github.com/liip/LiipImagineBundle/contributors"}],"source":{"url":"https://github.com/liip/LiipImagineBundle.git","type":"git","reference":"6063279c79f0c119475bad8a0066bf2513a6cfca"},"dist":{"url":"https://api.github.com/repos/liip/LiipImagineBundle/zipball/6063279c79f0c119475bad8a0066bf2513a6cfca","type":"zip","shasum":"","reference":"6063279c79f0c119475bad8a0066bf2513a6cfca"},"type":"symfony-bundle","time":"2022-05-30T13:06:31+00:00","autoload":{"psr-4":{"Liip\\ImagineBundle\\":""},"exclude-from-classmap":["/Tests/"]},"require":{"php":"^7.1|^8.0","ext-mbstring":"*","imagine/imagine":"^1.2.4","symfony/filesystem":"^3.4|^4.4|^5.3|^6.0","symfony/finder":"^3.4|^4.4|^5.3|^6.0","symfony/framework-bundle":"^3.4.23|^4.4|^5.3|^6.0","symfony/mime":"^4.4|^5.3|^6.0","symfony/options-resolver":"^3.4|^4.4|^5.3|^6.0","symfony/process":"^3.4|^4.4|^5.3|^6.0","twig/twig":"^1.44|^2.9|^3.0"},"require-dev":{"ext-gd":"*","amazonwebservices/aws-sdk-for-php":"^1.0","aws/aws-sdk-php":"^2.4","doctrine/cache":"^1.11|^2.0","doctrine/persistence":"^1.3|^2.0","enqueue/enqueue-bundle":"^0.9|^0.10","league/flysystem":"^1.0|^2.0|^3.0","phpstan/phpstan":"^0.12.64","psr/cache":"^1.0|^2.0|^3.0","psr/log":"^1.0","symfony/browser-kit":"^3.4|^4.4|^5.3|^6.0","symfony/cache":"^3.4|^4.4|^5.3|^6.0","symfony/console":"^3.4|^4.4|^5.3|^6.0","symfony/dependency-injection":"^3.4|^4.4|^5.3|^6.0","symfony/form":"^3.4|^4.4|^5.3|^6.0","symfony/messenger":"^4.4|^5.3|^6.0","symfony/phpunit-bridge":"^5.3","symfony/templating":"^3.4|^4.4|^5.3|^6.0","symfony/validator":"^3.4|^4.4|^5.3|^6.0","symfony/yaml":"^3.4|^4.4|^5.3|^6.0"},"suggest":{"ext-exif":"required to read EXIF metadata from images","ext-gd":"required to use gd driver","ext-gmagick":"required to use gmagick driver","ext-imagick":"required to use imagick driver","ext-mongodb":"required for mongodb components","alcaeus/mongo-php-adapter":"required for mongodb components","amazonwebservices/aws-sdk-for-php":"required to use AWS version 1 cache resolver","aws/aws-sdk-php":"required to use AWS version 2/3 cache resolver","doctrine/mongodb-odm":"required to use mongodb-backed doctrine components","enqueue/enqueue-bundle":"^0.9 add if you like to process images in background","league/flysystem":"required to use FlySystem data loader or cache resolver","monolog/monolog":"A psr/log compatible logger is required to enable logging","symfony/messenger":"If you like to process images in background","symfony/templating":"required to use deprecated Templating component instead of Twig"},"support":{"issues":"https://github.com/liip/LiipImagineBundle/issues","source":"https://github.com/liip/LiipImagineBundle/tree/2.8.0"}},{"version":"2.7.6","version_normalized":"2.7.6.0","source":{"url":"https://github.com/liip/LiipImagineBundle.git","type":"git","reference":"9baad226c7cbc85e7cd751d2bc587c35b0ad0325"},"dist":{"url":"https://api.github.com/repos/liip/LiipImagineBundle/zipball/9baad226c7cbc85e7cd751d2bc587c35b0ad0325","type":"zip","shasum":"","reference":"9baad226c7cbc85e7cd751d2bc587c35b0ad0325"},"time":"2022-01-14T16:46:57+00:00","support":{"issues":"https://github.com/liip/LiipImagineBundle/issues","source":"https://github.com/liip/LiipImagineBundle/tree/2.7.6"}},{"version":"2.7.5","version_normalized":"2.7.5.0","source":{"url":"https://github.com/liip/LiipImagineBundle.git","type":"git","reference":"e53f36d9027167e3c803e80dd68d2729feb8ab46"},"dist":{"url":"https://api.github.com/repos/liip/LiipImagineBundle/zipball/e53f36d9027167e3c803e80dd68d2729feb8ab46","type":"zip","shasum":"","reference":"e53f36d9027167e3c803e80dd68d2729feb8ab46"},"time":"2022-01-11T09:38:48+00:00","require-dev":{"ext-gd":"*","amazonwebservices/aws-sdk-for-php":"^1.0","aws/aws-sdk-php":"^2.4","doctrine/cache":"^1.11|^2.0","doctrine/persistence":"^1.3|^2.0","enqueue/enqueue-bundle":"^0.9|^0.10","league/flysystem":"^1.0|^2.0","phpstan/phpstan":"^0.12.64","psr/cache":"^1.0|^2.0|^3.0","psr/log":"^1.0","symfony/browser-kit":"^3.4|^4.4|^5.3|^6.0","symfony/cache":"^3.4|^4.4|^5.3|^6.0","symfony/console":"^3.4|^4.4|^5.3|^6.0","symfony/dependency-injection":"^3.4|^4.4|^5.3|^6.0","symfony/form":"^3.4|^4.4|^5.3|^6.0","symfony/messenger":"^4.4|^5.3|^6.0","symfony/phpunit-bridge":"^5.3","symfony/templating":"^3.4|^4.4|^5.3|^6.0","symfony/validator":"^3.4|^4.4|^5.3|^6.0","symfony/yaml":"^3.4|^4.4|^5.3|^6.0"},"support":{"issues":"https://github.com/liip/LiipImagineBundle/issues","source":"https://github.com/liip/LiipImagineBundle/tree/2.7.5"}},{"version":"2.7.4","version_normalized":"2.7.4.0","source":{"url":"https://github.com/liip/LiipImagineBundle.git","type":"git","reference":"66f5cdfa34e6bd21306d941951c92fe130b519fc"},"dist":{"url":"https://api.github.com/repos/liip/LiipImagineBundle/zipball/66f5cdfa34e6bd21306d941951c92fe130b519fc","type":"zip","shasum":"","reference":"66f5cdfa34e6bd21306d941951c92fe130b519fc"},"time":"2021-12-27T11:58:11+00:00","support":{"issues":"https://github.com/liip/LiipImagineBundle/issues","source":"https://github.com/liip/LiipImagineBundle/tree/2.7.4"}},{"version":"2.7.3","version_normalized":"2.7.3.0","source":{"url":"https://github.com/liip/LiipImagineBundle.git","type":"git","reference":"25098c758380933ba4f2d4ffc68614c4c1c90a72"},"dist":{"url":"https://api.github.com/repos/liip/LiipImagineBundle/zipball/25098c758380933ba4f2d4ffc68614c4c1c90a72","type":"zip","shasum":"","reference":"25098c758380933ba4f2d4ffc68614c4c1c90a72"},"time":"2021-12-03T13:56:56+00:00","support":{"issues":"https://github.com/liip/LiipImagineBundle/issues","source":"https://github.com/liip/LiipImagineBundle/tree/2.7.3"}},{"version":"2.7.2","version_normalized":"2.7.2.0","source":{"url":"https://github.com/liip/LiipImagineBundle.git","type":"git","reference":"8581eed5dddbecaf7e442b0fd968b33c65a13db8"},"dist":{"url":"https://api.github.com/repos/liip/LiipImagineBundle/zipball/8581eed5dddbecaf7e442b0fd968b33c65a13db8","type":"zip","shasum":"","reference":"8581eed5dddbecaf7e442b0fd968b33c65a13db8"},"time":"2021-11-11T12:21:07+00:00","require":{"php":"^7.1|^8.0","ext-mbstring":"*","imagine/imagine":"^1.2.4","symfony/filesystem":"^3.4|^4.4|^5.3","symfony/finder":"^3.4|^4.4|^5.3","symfony/framework-bundle":"^3.4.23|^4.4|^5.3","symfony/mime":"^4.4|^5.3","symfony/options-resolver":"^3.4|^4.4|^5.3","symfony/process":"^3.4|^4.4|^5.3","twig/twig":"^1.44|^2.9|^3.0"},"require-dev":{"ext-gd":"*","amazonwebservices/aws-sdk-for-php":"^1.0","aws/aws-sdk-php":"^2.4","doctrine/cache":"^1.11|^2.0","doctrine/persistence":"^1.3|^2.0","enqueue/enqueue-bundle":"^0.9|^0.10","league/flysystem":"^1.0|^2.0","phpstan/phpstan":"^0.12.64","psr/cache":"^1.0|^2.0|^3.0","psr/log":"^1.0","symfony/browser-kit":"^3.4|^4.4|^5.3","symfony/cache":"^3.4|^4.4|^5.3","symfony/console":"^3.4|^4.4|^5.3","symfony/dependency-injection":"^3.4|^4.4|^5.3","symfony/form":"^3.4|^4.4|^5.3","symfony/messenger":"^4.4|^5.3","symfony/phpunit-bridge":"^5.3","symfony/templating":"^3.4|^4.4|^5.3","symfony/validator":"^3.4|^4.4|^5.3","symfony/yaml":"^3.4|^4.4|^5.3"},"support":{"issues":"https://github.com/liip/LiipImagineBundle/issues","source":"https://github.com/liip/LiipImagineBundle/tree/2.7.2"}},{"version":"2.7.1","version_normalized":"2.7.1.0","source":{"url":"https://github.com/liip/LiipImagineBundle.git","type":"git","reference":"f15570747af01c5a8b3907e1c3f72b1664a99608"},"dist":{"url":"https://api.github.com/repos/liip/LiipImagineBundle/zipball/f15570747af01c5a8b3907e1c3f72b1664a99608","type":"zip","shasum":"","reference":"f15570747af01c5a8b3907e1c3f72b1664a99608"},"time":"2021-11-02T10:56:26+00:00","require":{"php":"^7.1|^8.0","ext-mbstring":"*","imagine/imagine":"^1.2.4","symfony/filesystem":"^3.4|^4.3|^5.0","symfony/finder":"^3.4|^4.3|^5.0","symfony/framework-bundle":"^3.4.23|^4.3|^5.0","symfony/mime":"^4.3|^5.0","symfony/options-resolver":"^3.4|^4.3|^5.0","symfony/process":"^3.4|^4.3|^5.0","twig/twig":"^1.44|^2.9|^3.0"},"require-dev":{"ext-gd":"*","amazonwebservices/aws-sdk-for-php":"^1.0","aws/aws-sdk-php":"^2.4","doctrine/cache":"^1.11|^2.0","doctrine/persistence":"^1.3|^2.0","enqueue/enqueue-bundle":"^0.9|^0.10","league/flysystem":"^1.0|^2.0","phpstan/phpstan":"^0.12.64","psr/cache":"^1.0|^2.0|^3.0","psr/log":"^1.0","symfony/browser-kit":"^3.4|^4.3|^5.0","symfony/cache":"^3.4|^4.3|^5.0","symfony/console":"^3.4|^4.3|^5.0","symfony/dependency-injection":"^3.4|^4.3|^5.0","symfony/form":"^3.4|^4.3|^5.0","symfony/messenger":"^4.3|^5.0","symfony/phpunit-bridge":"^5.2","symfony/templating":"^3.4|^4.3|^5.0","symfony/validator":"^3.4|^4.3|^5.0","symfony/yaml":"^3.4|^4.3|^5.0"},"support":{"issues":"https://github.com/liip/LiipImagineBundle/issues","source":"https://github.com/liip/LiipImagineBundle/tree/2.7.1"}},{"version":"2.7.0","version_normalized":"2.7.0.0","source":{"url":"https://github.com/liip/LiipImagineBundle.git","type":"git","reference":"f815b7b664fe2b0023048affdbb61225a0393ec4"},"dist":{"url":"https://api.github.com/repos/liip/LiipImagineBundle/zipball/f815b7b664fe2b0023048affdbb61225a0393ec4","type":"zip","shasum":"","reference":"f815b7b664fe2b0023048affdbb61225a0393ec4"},"time":"2021-10-28T10:11:26+00:00","support":{"issues":"https://github.com/liip/LiipImagineBundle/issues","source":"https://github.com/liip/LiipImagineBundle/tree/2.7.0"}},{"version":"2.6.1","version_normalized":"2.6.1.0","source":{"url":"https://github.com/liip/LiipImagineBundle.git","type":"git","reference":"00f3ccfccb33834b44f82c17cca80bfd83882bb3"},"dist":{"url":"https://api.github.com/repos/liip/LiipImagineBundle/zipball/00f3ccfccb33834b44f82c17cca80bfd83882bb3","type":"zip","shasum":"","reference":"00f3ccfccb33834b44f82c17cca80bfd83882bb3"},"time":"2021-05-22T08:55:29+00:00","require":{"php":"^7.1|^8.0","imagine/imagine":"^1.2.4","symfony/filesystem":"^3.4|^4.3|^5.0","symfony/finder":"^3.4|^4.3|^5.0","symfony/framework-bundle":"^3.4.23|^4.3|^5.0","symfony/mime":"^4.3|^5.0","symfony/options-resolver":"^3.4|^4.3|^5.0","symfony/process":"^3.4|^4.3|^5.0","twig/twig":"^1.44|^2.9|^3.0"},"require-dev":{"ext-gd":"*","amazonwebservices/aws-sdk-for-php":"^1.0","aws/aws-sdk-php":"^2.4","doctrine/cache":"^1.1","doctrine/persistence":"^1.3|^2.0","enqueue/enqueue-bundle":"^0.9|^0.10","league/flysystem":"^1.0|^2.0","psr/log":"^1.0","symfony/browser-kit":"^3.4|^4.3|^5.0","symfony/console":"^3.4|^4.3|^5.0","symfony/dependency-injection":"^3.4|^4.3|^5.0","symfony/form":"^3.4|^4.3|^5.0","symfony/phpunit-bridge":"^5.2","symfony/templating":"^3.4|^4.3|^5.0","symfony/validator":"^3.4|^4.3|^5.0","symfony/yaml":"^3.4|^4.3|^5.0"},"suggest":{"ext-exif":"required to read EXIF metadata from images","ext-gd":"required to use gd driver","ext-gmagick":"required to use gmagick driver","ext-imagick":"required to use imagick driver","ext-mongodb":"required for mongodb components","alcaeus/mongo-php-adapter":"required for mongodb components","amazonwebservices/aws-sdk-for-php":"required to use AWS version 1 cache resolver","aws/aws-sdk-php":"required to use AWS version 2/3 cache resolver","doctrine/mongodb-odm":"required to use mongodb-backed doctrine components","enqueue/enqueue-bundle":"^0.9 add if you like to process images in background","league/flysystem":"required to use FlySystem data loader or cache resolver","monolog/monolog":"A psr/log compatible logger is required to enable logging","symfony/templating":"required to use deprecated Templating component instead of Twig"},"support":{"issues":"https://github.com/liip/LiipImagineBundle/issues","source":"https://github.com/liip/LiipImagineBundle/tree/2.6.1"}},{"version":"2.6.0","version_normalized":"2.6.0.0","source":{"url":"https://github.com/liip/LiipImagineBundle.git","type":"git","reference":"afa4193c7fde027426ebb19e73878cd026438bbd"},"dist":{"url":"https://api.github.com/repos/liip/LiipImagineBundle/zipball/afa4193c7fde027426ebb19e73878cd026438bbd","type":"zip","shasum":"","reference":"afa4193c7fde027426ebb19e73878cd026438bbd"},"time":"2021-03-31T06:42:04+00:00","support":{"issues":"https://github.com/liip/LiipImagineBundle/issues","source":"https://github.com/liip/LiipImagineBundle/tree/2.6.0"}},{"version":"2.5.0","version_normalized":"2.5.0.0","source":{"url":"https://github.com/liip/LiipImagineBundle.git","type":"git","reference":"a04aa405272a9aff3c9e25dd015a1073f9f291a6"},"dist":{"url":"https://api.github.com/repos/liip/LiipImagineBundle/zipball/a04aa405272a9aff3c9e25dd015a1073f9f291a6","type":"zip","shasum":"","reference":"a04aa405272a9aff3c9e25dd015a1073f9f291a6"},"time":"2021-02-08T15:10:40+00:00","require-dev":{"ext-gd":"*","amazonwebservices/aws-sdk-for-php":"^1.0","aws/aws-sdk-php":"^2.4","doctrine/cache":"^1.1","doctrine/persistence":"^1.3|^2.0","enqueue/enqueue-bundle":"^0.9|^0.10","league/flysystem":"^1.0","psr/log":"^1.0","symfony/browser-kit":"^3.4|^4.3|^5.0","symfony/console":"^3.4|^4.3|^5.0","symfony/dependency-injection":"^3.4|^4.3|^5.0","symfony/form":"^3.4|^4.3|^5.0","symfony/phpunit-bridge":"^5.2","symfony/templating":"^3.4|^4.3|^5.0","symfony/validator":"^3.4|^4.3|^5.0","symfony/yaml":"^3.4|^4.3|^5.0"},"support":{"issues":"https://github.com/liip/LiipImagineBundle/issues","source":"https://github.com/liip/LiipImagineBundle/tree/2.5.0"}},{"version":"2.4.0","version_normalized":"2.4.0.0","source":{"url":"https://github.com/liip/LiipImagineBundle.git","type":"git","reference":"4704b34fb1c416f88d670e7b0427dd96cc256eac"},"dist":{"url":"https://api.github.com/repos/liip/LiipImagineBundle/zipball/4704b34fb1c416f88d670e7b0427dd96cc256eac","type":"zip","shasum":"","reference":"4704b34fb1c416f88d670e7b0427dd96cc256eac"},"time":"2020-12-16T07:14:53+00:00","extra":{"branch-alias":{"dev-1.0":"1.7-dev","dev-master":"2.x-dev"}},"require":{"php":"^7.1","imagine/imagine":"^1.1","symfony/filesystem":"^3.4|^4.3|^5.0","symfony/finder":"^3.4|^4.3|^5.0","symfony/framework-bundle":"^3.4|^4.3|^5.0","symfony/mime":"^4.3|^5.0","symfony/options-resolver":"^3.4|^4.3|^5.0","symfony/process":"^3.4|^4.3|^5.0","symfony/templating":"^3.4|^4.3|^5.0","twig/twig":"^1.40|^2.9|^3.0"},"require-dev":{"ext-gd":"*","amazonwebservices/aws-sdk-for-php":"^1.0","aws/aws-sdk-php":"^2.4","doctrine/cache":"^1.1","doctrine/orm":"^2.3","enqueue/enqueue-bundle":"^0.9|^0.10","friendsofphp/php-cs-fixer":"^2.10","league/flysystem":"^1.0","psr/log":"^1.0","symfony/browser-kit":"^3.4|^4.3|^5.0","symfony/console":"^3.4|^4.3|^5.0","symfony/dependency-injection":"^3.4|^4.3|^5.0","symfony/form":"^3.4|^4.3|^5.0","symfony/phpunit-bridge":"^5.2","symfony/validator":"^3.4|^4.3|^5.0","symfony/yaml":"^3.4|^4.3|^5.0"},"suggest":{"ext-exif":"required to read EXIF metadata from images","ext-gd":"required to use gd driver","ext-gmagick":"required to use gmagick driver","ext-imagick":"required to use imagick driver","ext-mongo":"required for mongodb components on PHP <7.0","ext-mongodb":"required for mongodb components on PHP >=7.0","alcaeus/mongo-php-adapter":"required on PHP >= 7.0 to use mongo components with mongodb extension","amazonwebservices/aws-sdk-for-php":"required to use AWS version 1 cache resolver","aws/aws-sdk-php":"required to use AWS version 2/3 cache resolver","doctrine/mongodb-odm":"required to use mongodb-backed doctrine components","enqueue/enqueue-bundle":"^0.9 add if you like to process images in background","league/flysystem":"required to use FlySystem data loader or cache resolver","monolog/monolog":"A psr/log compatible logger is required to enable logging"},"support":{"issues":"https://github.com/liip/LiipImagineBundle/issues","source":"https://github.com/liip/LiipImagineBundle/tree/2.4.0"}},{"version":"2.3.1","version_normalized":"2.3.1.0","source":{"url":"https://github.com/liip/LiipImagineBundle.git","type":"git","reference":"d0819fc9b1cd4e9e16db204467b6fe1a5316a163"},"dist":{"url":"https://api.github.com/repos/liip/LiipImagineBundle/zipball/d0819fc9b1cd4e9e16db204467b6fe1a5316a163","type":"zip","shasum":"","reference":"d0819fc9b1cd4e9e16db204467b6fe1a5316a163"},"time":"2020-06-26T05:55:54+00:00","require":{"php":"^7.1","imagine/imagine":"^0.7.1|^1.1","symfony/filesystem":"^3.4|^4.3|^5.0","symfony/finder":"^3.4|^4.3|^5.0","symfony/framework-bundle":"^3.4|^4.3|^5.0","symfony/mime":"^4.3|^5.0","symfony/options-resolver":"^3.4|^4.3|^5.0","symfony/process":"^3.4|^4.3|^5.0","symfony/templating":"^3.4|^4.3|^5.0","twig/twig":"^1.40|^2.9|^3.0"},"require-dev":{"ext-gd":"*","amazonwebservices/aws-sdk-for-php":"^1.0","aws/aws-sdk-php":"^2.4","doctrine/cache":"^1.1","doctrine/orm":"^2.3","enqueue/enqueue-bundle":"^0.9|^0.10","friendsofphp/php-cs-fixer":"^2.10","league/flysystem":"^1.0","psr/log":"^1.0","symfony/browser-kit":"^3.4|^4.3|^5.0","symfony/console":"^3.4|^4.3|^5.0","symfony/dependency-injection":"^3.4|^4.3|^5.0","symfony/form":"^3.4|^4.3|^5.0","symfony/phpunit-bridge":"^4.3|^5.0","symfony/validator":"^3.4|^4.3|^5.0","symfony/yaml":"^3.4|^4.3|^5.0"},"support":{"issues":"https://github.com/liip/LiipImagineBundle/issues","source":"https://github.com/liip/LiipImagineBundle/tree/master"}},{"version":"2.3.0","version_normalized":"2.3.0.0","source":{"url":"https://github.com/liip/LiipImagineBundle.git","type":"git","reference":"06740a0a0e9c0054d3e0589472fd19b975784c52"},"dist":{"url":"https://api.github.com/repos/liip/LiipImagineBundle/zipball/06740a0a0e9c0054d3e0589472fd19b975784c52","type":"zip","shasum":"","reference":"06740a0a0e9c0054d3e0589472fd19b975784c52"},"time":"2020-01-07T13:29:56+00:00","require":{"php":"^7.1","imagine/imagine":"^0.7.1|^1.1","symfony/asset":"^3.4|^4.3|^5.0","symfony/filesystem":"^3.4|^4.3|^5.0","symfony/finder":"^3.4|^4.3|^5.0","symfony/framework-bundle":"^3.4|^4.3|^5.0","symfony/options-resolver":"^3.4|^4.3|^5.0","symfony/process":"^3.4|^4.3|^5.0","symfony/templating":"^3.4|^4.3|^5.0","symfony/translation":"^3.4|^4.3|^5.0"},"require-dev":{"ext-gd":"*","amazonwebservices/aws-sdk-for-php":"^1.0","aws/aws-sdk-php":"^2.4","doctrine/cache":"^1.1","doctrine/orm":"^2.3","enqueue/enqueue-bundle":"^0.9|^0.10","friendsofphp/php-cs-fixer":"^2.10","league/flysystem":"^1.0","psr/log":"^1.0","symfony/browser-kit":"^3.4|^4.3|^5.0","symfony/console":"^3.4|^4.3|^5.0","symfony/dependency-injection":"^3.4|^4.3|^5.0","symfony/form":"^3.4|^4.3|^5.0","symfony/phpunit-bridge":"^4.3|^5.0","symfony/validator":"^3.4|^4.3|^5.0","symfony/yaml":"^3.4|^4.3|^5.0","twig/twig":"^1.34|^2.4|^3.0"},"suggest":{"ext-exif":"required to read EXIF metadata from images","ext-gd":"required to use gd driver","ext-gmagick":"required to use gmagick driver","ext-imagick":"required to use imagick driver","ext-mongo":"required for mongodb components on PHP <7.0","ext-mongodb":"required for mongodb components on PHP >=7.0","alcaeus/mongo-php-adapter":"required on PHP >= 7.0 to use mongo components with mongodb extension","amazonwebservices/aws-sdk-for-php":"required to use AWS version 1 cache resolver","aws/aws-sdk-php":"required to use AWS version 2/3 cache resolver","doctrine/mongodb-odm":"required to use mongodb-backed doctrine components","enqueue/enqueue-bundle":"^0.9 add if you like to process images in background","league/flysystem":"required to use FlySystem data loader or cache resolver","monolog/monolog":"A psr/log compatible logger is required to enable logging","twig/twig":"required to use the provided Twig extension. Version 1.12 or greater needed"},"support":{"issues":"https://github.com/liip/LiipImagineBundle/issues","source":"https://github.com/liip/LiipImagineBundle/tree/2.3.0"}},{"version":"2.2.0","version_normalized":"2.2.0.0","source":{"url":"https://github.com/liip/LiipImagineBundle.git","type":"git","reference":"2cf633e0f335a9f1f0bb9d55726a73aca9259ea4"},"dist":{"url":"https://api.github.com/repos/liip/LiipImagineBundle/zipball/2cf633e0f335a9f1f0bb9d55726a73aca9259ea4","type":"zip","shasum":"","reference":"2cf633e0f335a9f1f0bb9d55726a73aca9259ea4"},"time":"2019-10-04T05:45:14+00:00","require":{"php":"^7.1","imagine/imagine":"^0.7.1|^1.1","symfony/asset":"^3.4|^4.2","symfony/filesystem":"^3.4|^4.2","symfony/finder":"^3.4|^4.2","symfony/framework-bundle":"^3.4|^4.2","symfony/options-resolver":"^3.4|^4.2","symfony/process":"^3.4|^4.2","symfony/templating":"^3.4|^4.2","symfony/translation":"^3.4|^4.2"},"require-dev":{"ext-gd":"*","amazonwebservices/aws-sdk-for-php":"^1.0","aws/aws-sdk-php":"^2.4","doctrine/cache":"^1.1","doctrine/orm":"^2.3","enqueue/enqueue-bundle":"^0.9","friendsofphp/php-cs-fixer":"^2.10","league/flysystem":"^1.0","psr/log":"^1.0","symfony/browser-kit":"^3.4|^4.2","symfony/console":"^3.4|^4.2","symfony/dependency-injection":"^3.4|^4.2","symfony/form":"^3.4|^4.2","symfony/phpunit-bridge":"^4.3","symfony/validator":"^3.4|^4.2","symfony/yaml":"^3.4|^4.2","twig/twig":"^1.34|^2.4"},"support":{"issues":"https://github.com/liip/LiipImagineBundle/issues","source":"https://github.com/liip/LiipImagineBundle/tree/master"}},{"version":"2.1.0","version_normalized":"2.1.0.0","source":{"url":"https://github.com/liip/LiipImagineBundle.git","type":"git","reference":"1acae6ac066e431c3c55c4d39971827a02cbe4d5"},"dist":{"url":"https://api.github.com/repos/liip/LiipImagineBundle/zipball/1acae6ac066e431c3c55c4d39971827a02cbe4d5","type":"zip","shasum":"","reference":"1acae6ac066e431c3c55c4d39971827a02cbe4d5"},"time":"2018-07-10T12:53:54+00:00","extra":{"branch-alias":{"dev-1.0":"1.7-dev"}},"require":{"php":"^7.1","imagine/imagine":"^0.7.1,<0.8","symfony/asset":"^3.4|^4.0","symfony/filesystem":"^3.4|^4.0","symfony/finder":"^3.4|^4.0","symfony/framework-bundle":"^3.4|^4.0","symfony/options-resolver":"^3.4|^4.0","symfony/process":"^3.4|^4.0","symfony/templating":"^3.4|^4.0","symfony/translation":"^3.4|^4.0"},"require-dev":{"ext-gd":"*","amazonwebservices/aws-sdk-for-php":"^1.0","aws/aws-sdk-php":"^2.4","doctrine/cache":"^1.1","doctrine/orm":"^2.3","enqueue/enqueue-bundle":"^0.7|^0.8","friendsofphp/php-cs-fixer":"^2.10","league/flysystem":"^1.0","psr/log":"^1.0","symfony/browser-kit":"^3.4|^4.0","symfony/console":"^3.4|^4.0","symfony/dependency-injection":"^3.4|^4.0","symfony/form":"^3.4|^4.0","symfony/phpunit-bridge":"^3.4|^4.0","symfony/validator":"^3.4|^4.0","symfony/yaml":"^3.4|^4.0","twig/twig":"^1.12|^2.0"},"suggest":{"ext-exif":"required to read EXIF metadata from images","ext-gd":"required to use gd driver","ext-gmagick":"required to use gmagick driver","ext-imagick":"required to use imagick driver","ext-mongo":"required for mongodb components on PHP <7.0","ext-mongodb":"required for mongodb components on PHP >=7.0","alcaeus/mongo-php-adapter":"required on PHP >= 7.0 to use mongo components with mongodb extension","amazonwebservices/aws-sdk-for-php":"required to use AWS version 1 cache resolver","aws/aws-sdk-php":"required to use AWS version 2/3 cache resolver","doctrine/mongodb-odm":"required to use mongodb-backed doctrine components","enqueue/enqueue-bundle":"^0.7 add if you like to process images in background","league/flysystem":"required to use FlySystem data loader or cache resolver","monolog/monolog":"A psr/log compatible logger is required to enable logging","twig/twig":"required to use the provided Twig extension. Version 1.12 or greater needed"}},{"version":"2.0.0","version_normalized":"2.0.0.0","source":{"url":"https://github.com/liip/LiipImagineBundle.git","type":"git","reference":"66959e113d1976d0b23a2617771c2c65d62ea44b"},"dist":{"url":"https://api.github.com/repos/liip/LiipImagineBundle/zipball/66959e113d1976d0b23a2617771c2c65d62ea44b","type":"zip","shasum":"","reference":"66959e113d1976d0b23a2617771c2c65d62ea44b"},"time":"2018-04-30T09:53:17+00:00","require":{"php":"^7.1","imagine/imagine":"^0.7.1,<0.8","symfony/asset":"^3.0|^4.0","symfony/filesystem":"^3.0|^4.0","symfony/finder":"^3.0|^4.0","symfony/framework-bundle":"^3.0|^4.0","symfony/options-resolver":"^3.0|^4.0","symfony/process":"^3.0|^4.0","symfony/templating":"^3.0|^4.0","symfony/translation":"^3.0|^4.0"},"require-dev":{"ext-gd":"*","amazonwebservices/aws-sdk-for-php":"^1.0","aws/aws-sdk-php":"^2.4","doctrine/cache":"^1.1","doctrine/orm":"^2.3","enqueue/enqueue-bundle":"^0.7|^0.8","friendsofphp/php-cs-fixer":"^2.10","league/flysystem":"^1.0","psr/log":"^1.0","symfony/browser-kit":"^3.0|^4.0","symfony/console":"^3.0|^4.0","symfony/dependency-injection":"^3.0|^4.0","symfony/form":"^3.0|^4.0","symfony/phpunit-bridge":"^3.0|^4.0","symfony/validator":"^3.0|^4.0","symfony/yaml":"^3.0|^4.0","twig/twig":"^1.12|^2.0"},"support":{"issues":"https://github.com/liip/LiipImagineBundle/issues","source":"https://github.com/liip/LiipImagineBundle/tree/2.0"}},{"version":"1.9.1","version_normalized":"1.9.1.0","source":{"url":"https://github.com/liip/LiipImagineBundle.git","type":"git","reference":"3084c77e984ec669e0d645250a3cb1077d8b92f6"},"dist":{"url":"https://api.github.com/repos/liip/LiipImagineBundle/zipball/3084c77e984ec669e0d645250a3cb1077d8b92f6","type":"zip","shasum":"","reference":"3084c77e984ec669e0d645250a3cb1077d8b92f6"},"time":"2017-09-09T03:53:30+00:00","require":{"php":"^5.3.9|^7.0","imagine/imagine":"^0.6.3|^0.7.0,<0.8","symfony/asset":"~2.3|~3.0","symfony/filesystem":"~2.3|~3.0","symfony/finder":"~2.3|~3.0","symfony/framework-bundle":"~2.3|~3.0","symfony/options-resolver":"~2.3|~3.0","symfony/process":"~2.3|~3.0","symfony/templating":"~2.3|~3.0","symfony/translation":"~2.3|~3.0"},"require-dev":{"ext-gd":"*","amazonwebservices/aws-sdk-for-php":"~1.0","aws/aws-sdk-php":"~2.4","doctrine/cache":"~1.1","doctrine/orm":"~2.3","friendsofphp/php-cs-fixer":"~1.0","phpunit/phpunit":"~4.3|~5.0","psr/log":"~1.0","satooshi/php-coveralls":"~1.0","sllh/php-cs-fixer-styleci-bridge":"~2.1","symfony/browser-kit":"~2.3|~3.0","symfony/console":"~2.3|~3.0","symfony/dependency-injection":"~2.3|~3.0","symfony/form":"~2.3|~3.0","symfony/phpunit-bridge":"~2.3|~3.0","symfony/validator":"~2.3|~3.0","symfony/yaml":"~2.3|~3.0","twig/twig":"~1.12|~2.0"},"suggest":{"ext-exif":"required to read EXIF metadata from images","ext-gd":"required to use gd driver","ext-gmagick":"required to use gmagick driver","ext-imagick":"required to use imagick driver","ext-mongo":"required for mongodb components on PHP <7.0","ext-mongodb":"required for mongodb components on PHP >=7.0","alcaeus/mongo-php-adapter":"required on PHP >= 7.0 to use mongo components with mongodb extension","amazonwebservices/aws-sdk-for-php":"required to use AWS version 1 cache resolver","aws/aws-sdk-php":"required to use AWS version 2/3 cache resolver","doctrine/mongodb-odm":"required to use mongodb-backed doctrine components","league/flysystem":"required to use FlySystem data loader or cache resolver","monolog/monolog":"A psr/log compatible logger is required to enable logging","twig/twig":"required to use the provided Twig extension. Version 1.12 or greater needed","enqueue/enqueue-bundle":"add if you like to process images in background"},"support":{"issues":"https://github.com/liip/LiipImagineBundle/issues","source":"https://github.com/liip/LiipImagineBundle/tree/1.0"}},{"version":"1.9.0","version_normalized":"1.9.0.0","source":{"url":"https://github.com/liip/LiipImagineBundle.git","type":"git","reference":"2b9f4e66a56b735c15435f5a154eded8d02d0750"},"dist":{"url":"https://api.github.com/repos/liip/LiipImagineBundle/zipball/2b9f4e66a56b735c15435f5a154eded8d02d0750","type":"zip","shasum":"","reference":"2b9f4e66a56b735c15435f5a154eded8d02d0750"},"time":"2017-09-02T23:08:10+00:00"},{"version":"1.8.0","version_normalized":"1.8.0.0","source":{"url":"https://github.com/liip/LiipImagineBundle.git","type":"git","reference":"d2551d8560212d440b4a6483236005957fbd4bff"},"dist":{"url":"https://api.github.com/repos/liip/LiipImagineBundle/zipball/d2551d8560212d440b4a6483236005957fbd4bff","type":"zip","shasum":"","reference":"d2551d8560212d440b4a6483236005957fbd4bff"},"time":"2017-05-09T14:18:19+00:00","require":{"php":"^5.3.9|^7.0","imagine/imagine":"^0.6.3,<0.7","symfony/asset":"~2.3|~3.0","symfony/filesystem":"~2.3|~3.0","symfony/finder":"~2.3|~3.0","symfony/framework-bundle":"~2.3|~3.0","symfony/options-resolver":"~2.3|~3.0","symfony/process":"~2.3|~3.0","symfony/templating":"~2.3|~3.0","symfony/translation":"~2.3|~3.0"}},{"version":"1.7.4","version_normalized":"1.7.4.0","source":{"url":"https://github.com/liip/LiipImagineBundle.git","type":"git","reference":"105dd9c3446e3eb44e33161d4e636a3abafb6d7f"},"dist":{"url":"https://api.github.com/repos/liip/LiipImagineBundle/zipball/105dd9c3446e3eb44e33161d4e636a3abafb6d7f","type":"zip","shasum":"","reference":"105dd9c3446e3eb44e33161d4e636a3abafb6d7f"},"time":"2017-03-02T20:18:55+00:00","require-dev":{"ext-gd":"*","amazonwebservices/aws-sdk-for-php":"~1.0","aws/aws-sdk-php":"~2.4","doctrine/cache":"~1.1","doctrine/orm":"~2.3","friendsofphp/php-cs-fixer":"~2.0","phpunit/phpunit":"~4.3|~5.0","psr/log":"~1.0","satooshi/php-coveralls":"~1.0","sllh/php-cs-fixer-styleci-bridge":"~2.1","symfony/browser-kit":"~2.3|~3.0","symfony/console":"~2.3|~3.0","symfony/dependency-injection":"~2.3|~3.0","symfony/form":"~2.3|~3.0","symfony/phpunit-bridge":"~2.3|~3.0","symfony/validator":"~2.3|~3.0","symfony/yaml":"~2.3|~3.0","twig/twig":"~1.12|~2.0"},"suggest":{"ext-exif":"required to read EXIF metadata from images","ext-gd":"required to use gd driver","ext-gmagick":"required to use gmagick driver","ext-imagick":"required to use imagick driver","ext-mongo":"required for mongodb components on PHP <7.0","ext-mongodb":"required for mongodb components on PHP >=7.0","alcaeus/mongo-php-adapter":"required on PHP >= 7.0 to use mongo components with mongodb extension","amazonwebservices/aws-sdk-for-php":"required to use AWS version 1 cache resolver","aws/aws-sdk-php":"required to use AWS version 2/3 cache resolver","doctrine/mongodb-odm":"required to use mongodb-backed doctrine components","league/flysystem":"required to use FlySystem data loader or cache resolver","monolog/monolog":"A psr/log compatible logger is required to enable logging","twig/twig":"required to use the provided Twig extension. Version 1.12 or greater needed"}},{"version":"1.7.3","version_normalized":"1.7.3.0","source":{"url":"https://github.com/liip/LiipImagineBundle.git","type":"git","reference":"f0be5f9995512eefa4c9f1c020360d19b4224b8b"},"dist":{"url":"https://api.github.com/repos/liip/LiipImagineBundle/zipball/f0be5f9995512eefa4c9f1c020360d19b4224b8b","type":"zip","shasum":"","reference":"f0be5f9995512eefa4c9f1c020360d19b4224b8b"},"time":"2017-03-02T05:02:31+00:00"},{"description":"This Bundle assists in imagine manipulation using the imagine library","keywords":["image","imagine"],"version":"1.7.2","version_normalized":"1.7.2.0","source":{"url":"https://github.com/liip/LiipImagineBundle.git","type":"git","reference":"30aea40e441e30c2412da7f4b865b8b957d810d7"},"dist":{"url":"https://api.github.com/repos/liip/LiipImagineBundle/zipball/30aea40e441e30c2412da7f4b865b8b957d810d7","type":"zip","shasum":"","reference":"30aea40e441e30c2412da7f4b865b8b957d810d7"},"time":"2017-02-07T20:58:25+00:00","require-dev":{"ext-gd":"*","amazonwebservices/aws-sdk-for-php":"~1.0","aws/aws-sdk-php":"~2.4","doctrine/cache":"~1.1","doctrine/orm":"~2.3","friendsofphp/php-cs-fixer":"~2.0","phpunit/phpunit":"~4.3","psr/log":"~1.0","satooshi/php-coveralls":"~1.0","sllh/php-cs-fixer-styleci-bridge":"~2.1","symfony/browser-kit":"~2.3|~3.0","symfony/console":"~2.3|~3.0","symfony/dependency-injection":"~2.3|~3.0","symfony/form":"~2.3|~3.0","symfony/phpunit-bridge":"~2.3|~3.0","symfony/yaml":"~2.3|~3.0","symfony/validator":"~2.3|~3.0","twig/twig":"~1.12"},"suggest":{"amazonwebservices/aws-sdk-for-php":"Required to use AWS version 1 cache resolver.","aws/aws-sdk-php":"Required to use AWS version 2/3 cache resolver.","ext-exif":"Required to read metadata from Exif information","league/flysystem":"Required to use FlySystem data loader or cache resolver.","monolog/monolog":"A psr/log compatible logger is required to enable logging.","twig/twig":"Required to use the provided Twig extension. Version 1.12 or greater needed."}},{"version":"1.7.1","version_normalized":"1.7.1.0","source":{"url":"https://github.com/liip/LiipImagineBundle.git","type":"git","reference":"d653f4d22b33c2c2870cb87df8a32508186a799a"},"dist":{"url":"https://api.github.com/repos/liip/LiipImagineBundle/zipball/d653f4d22b33c2c2870cb87df8a32508186a799a","type":"zip","shasum":"","reference":"d653f4d22b33c2c2870cb87df8a32508186a799a"},"time":"2017-01-20T01:55:04+00:00","autoload":{"psr-4":{"Liip\\ImagineBundle\\":""}},"extra":{"branch-alias":{"dev-master":"1.7.x-dev"}},"require-dev":{"ext-gd":"*","amazonwebservices/aws-sdk-for-php":"~1.0","aws/aws-sdk-php":"~2.4","doctrine/cache":"~1.1","doctrine/orm":"~2.3","friendsofphp/php-cs-fixer":"~2.0","phpunit/phpunit":"~4.3","psr/log":"~1.0","satooshi/php-coveralls":"~1.0","sllh/php-cs-fixer-styleci-bridge":"~2.1","symfony/browser-kit":"~2.3|~3.0","symfony/console":"~2.3|~3.0","symfony/dependency-injection":"~2.3|~3.0","symfony/form":"~2.3|~3.0","symfony/phpunit-bridge":"~2.3|~3.0","symfony/yaml":"~2.3|~3.0","twig/twig":"~1.12"}},{"version":"1.7.0","version_normalized":"1.7.0.0","source":{"url":"https://github.com/liip/LiipImagineBundle.git","type":"git","reference":"2b0e6c614be4a79026a3b64d32bc5e9735de35e0"},"dist":{"url":"https://api.github.com/repos/liip/LiipImagineBundle/zipball/2b0e6c614be4a79026a3b64d32bc5e9735de35e0","type":"zip","shasum":"","reference":"2b0e6c614be4a79026a3b64d32bc5e9735de35e0"},"time":"2017-01-08T18:53:27+00:00","extra":{"branch-alias":{"dev-master":"1.6.x-dev"}},"support":{"issues":"https://github.com/liip/LiipImagineBundle/issues","source":"https://github.com/liip/LiipImagineBundle/tree/1.7.0"}},{"version":"1.6.0","version_normalized":"1.6.0.0","source":{"url":"https://github.com/liip/LiipImagineBundle.git","type":"git","reference":"cc881beb2daea75068ad75329e6d71963fa95028"},"dist":{"url":"https://api.github.com/repos/liip/LiipImagineBundle/zipball/cc881beb2daea75068ad75329e6d71963fa95028","type":"zip","shasum":"","reference":"cc881beb2daea75068ad75329e6d71963fa95028"},"time":"2016-07-22T14:52:30+00:00","require":{"php":"^5.3.9|^7.0","imagine/imagine":"^0.6.3,<0.7","symfony/finder":"~2.3|~3.0","symfony/filesystem":"~2.3|~3.0","symfony/options-resolver":"~2.3|~3.0","symfony/framework-bundle":"~2.3|~3.0","symfony/process":"~2.3|~3.0"},"require-dev":{"phpunit/phpunit":"~4.3","symfony/browser-kit":"~2.3|~3.0","symfony/yaml":"~2.3|~3.0","symfony/form":"~2.3|~3.0","symfony/console":"~2.3|~3.0","symfony/phpunit-bridge":"~2.3|~3.0","symfony/dependency-injection":"~2.3|~3.0","doctrine/orm":"~2.3","doctrine/cache":"~1.1","twig/twig":"~1.12","aws/aws-sdk-php":"~2.4","amazonwebservices/aws-sdk-for-php":"~1.0","psr/log":"~1.0","ext-gd":"*"},"suggest":{"twig/twig":"If you'd want to use some handy twig filters, version 1.12 or greater required","aws/aws-sdk-php":"Add it if you'd like to use aws v2 or v3 resolver","amazonwebservices/aws-sdk-for-php":"Add it if you'd like to use aws v1 resolver","monolog/monolog":"If you'd want to write logs","league/flysystem":"If you'd want to use Flysystem binary loader"},"support":{"issues":"https://github.com/liip/LiipImagineBundle/issues","source":"https://github.com/liip/LiipImagineBundle/tree/master"}},{"version":"1.5.3","version_normalized":"1.5.3.0","source":{"url":"https://github.com/liip/LiipImagineBundle.git","type":"git","reference":"b657b6601a24da525645fb5358ce77fdf57889f1"},"dist":{"url":"https://api.github.com/repos/liip/LiipImagineBundle/zipball/b657b6601a24da525645fb5358ce77fdf57889f1","type":"zip","shasum":"","reference":"b657b6601a24da525645fb5358ce77fdf57889f1"},"time":"2016-05-06T06:27:38+00:00","extra":{"branch-alias":{"dev-master":"1.0.x-dev"}},"require":{"php":"^5.3.9|^7.0","imagine/imagine":"~0.5,<0.7","symfony/finder":"~2.3|~3.0","symfony/filesystem":"~2.3|~3.0","symfony/options-resolver":"~2.3|~3.0","symfony/framework-bundle":"~2.3|~3.0"}},{"version":"1.5.2","version_normalized":"1.5.2.0","source":{"url":"https://github.com/liip/LiipImagineBundle.git","type":"git","reference":"3be0322e0007b54dbffd5a96faf1c11f6f91cf46"},"dist":{"url":"https://api.github.com/repos/liip/LiipImagineBundle/zipball/3be0322e0007b54dbffd5a96faf1c11f6f91cf46","type":"zip","shasum":"","reference":"3be0322e0007b54dbffd5a96faf1c11f6f91cf46"},"time":"2016-02-16T19:35:14+00:00"},{"version":"1.5.1","version_normalized":"1.5.1.0","source":{"url":"https://github.com/liip/LiipImagineBundle.git","type":"git","reference":"73a6497c7126aa7c70581ef8344832db3e3be86e"},"dist":{"url":"https://api.github.com/repos/liip/LiipImagineBundle/zipball/73a6497c7126aa7c70581ef8344832db3e3be86e","type":"zip","shasum":"","reference":"73a6497c7126aa7c70581ef8344832db3e3be86e"},"time":"2016-02-13T20:34:37+00:00"},{"version":"1.5.0","version_normalized":"1.5.0.0","source":{"url":"https://github.com/liip/LiipImagineBundle.git","type":"git","reference":"708785a70160280b10fb48533e49c084b2fe6da5"},"dist":{"url":"https://api.github.com/repos/liip/LiipImagineBundle/zipball/708785a70160280b10fb48533e49c084b2fe6da5","type":"zip","shasum":"","reference":"708785a70160280b10fb48533e49c084b2fe6da5"},"time":"2016-02-12T10:32:15+00:00"},{"version":"1.4.3","version_normalized":"1.4.3.0","source":{"url":"https://github.com/liip/LiipImagineBundle.git","type":"git","reference":"22d625e92337c1c25338922dc08706182be9b02f"},"dist":{"url":"https://api.github.com/repos/liip/LiipImagineBundle/zipball/22d625e92337c1c25338922dc08706182be9b02f","type":"zip","shasum":"","reference":"22d625e92337c1c25338922dc08706182be9b02f"},"time":"2016-01-14T07:16:25+00:00"},{"version":"1.4.2","version_normalized":"1.4.2.0","source":{"url":"https://github.com/liip/LiipImagineBundle.git","type":"git","reference":"19eda155dd4dd71fa1428efcdebecbb9142b0388"},"dist":{"url":"https://api.github.com/repos/liip/LiipImagineBundle/zipball/19eda155dd4dd71fa1428efcdebecbb9142b0388","type":"zip","shasum":"","reference":"19eda155dd4dd71fa1428efcdebecbb9142b0388"},"time":"2015-12-29T09:47:49+00:00","suggest":{"twig/twig":"If you'd want to use some handy twig filters, version 1.12 or greater required","aws/aws-sdk-php":"Add it if you'd like to use aws v2 or v3 resolver","amazonwebservices/aws-sdk-for-php":"Add it if you'd like to use aws v1 resolver","monolog/monolog":"If you'd want to write logs"}},{"version":"1.4.1","version_normalized":"1.4.1.0","source":{"url":"https://github.com/liip/LiipImagineBundle.git","type":"git","reference":"b6302c0ca68c639445811d927e306a1c14984ecd"},"dist":{"url":"https://api.github.com/repos/liip/LiipImagineBundle/zipball/b6302c0ca68c639445811d927e306a1c14984ecd","type":"zip","shasum":"","reference":"b6302c0ca68c639445811d927e306a1c14984ecd"},"time":"2015-12-27T18:27:58+00:00"},{"version":"1.4.0","version_normalized":"1.4.0.0","source":{"url":"https://github.com/liip/LiipImagineBundle.git","type":"git","reference":"0a1782da1de1d8f1ca1dba6d00859b488eef52ac"},"dist":{"url":"https://api.github.com/repos/liip/LiipImagineBundle/zipball/0a1782da1de1d8f1ca1dba6d00859b488eef52ac","type":"zip","shasum":"","reference":"0a1782da1de1d8f1ca1dba6d00859b488eef52ac"},"time":"2015-12-27T12:28:56+00:00"},{"version":"1.3.3","version_normalized":"1.3.3.0","source":{"url":"https://github.com/liip/LiipImagineBundle.git","type":"git","reference":"de17b0a4e9cba2531a8175e6dcee17175d689ccf"},"dist":{"url":"https://api.github.com/repos/liip/LiipImagineBundle/zipball/de17b0a4e9cba2531a8175e6dcee17175d689ccf","type":"zip","shasum":"","reference":"de17b0a4e9cba2531a8175e6dcee17175d689ccf"},"time":"2015-12-27T11:58:05+00:00"},{"version":"1.3.2","version_normalized":"1.3.2.0","source":{"url":"https://github.com/liip/LiipImagineBundle.git","type":"git","reference":"c2dfddfb015345708e87be76dfa25f7c5b9ce456"},"dist":{"url":"https://api.github.com/repos/liip/LiipImagineBundle/zipball/c2dfddfb015345708e87be76dfa25f7c5b9ce456","type":"zip","shasum":"","reference":"c2dfddfb015345708e87be76dfa25f7c5b9ce456"},"time":"2015-12-10T12:47:54+00:00"},{"version":"1.3.1","version_normalized":"1.3.1.0","source":{"url":"https://github.com/liip/LiipImagineBundle.git","type":"git","reference":"91ed657efca36693c6d5ab02c5cc2f7cd9bd3ee9"},"dist":{"url":"https://api.github.com/repos/liip/LiipImagineBundle/zipball/91ed657efca36693c6d5ab02c5cc2f7cd9bd3ee9","type":"zip","shasum":"","reference":"91ed657efca36693c6d5ab02c5cc2f7cd9bd3ee9"},"time":"2015-08-27T11:27:33+00:00","autoload":{"psr-0":{"Liip\\ImagineBundle":""}},"extra":{"branch-alias":{"dev-master":"1.0.x-dev","dev-0.x":"0.x-dev"}},"target-dir":"Liip/ImagineBundle","require":{"php":">=5.3.2","imagine/imagine":"~0.5,<0.7","symfony/finder":"~2.3 || ~3.0","symfony/filesystem":"~2.3 || ~3.0","symfony/options-resolver":"~2.3 || ~3.0","symfony/framework-bundle":"~2.3 || ~3.0"},"require-dev":{"phpunit/phpunit":"~4.3","symfony/browser-kit":"~2.3 || ~3.0","symfony/yaml":"~2.3 || ~3.0","symfony/form":"~2.3 || ~3.0","symfony/console":"~2.3 || ~3.0","symfony/phpunit-bridge":"~2.3 || ~3.0","doctrine/orm":"~2.3","doctrine/mongodb-odm":"1.0.*","doctrine/cache":"~1.1","twig/twig":"~1.12","aws/aws-sdk-php":"~2.4","amazonwebservices/aws-sdk-for-php":"~1.0","psr/log":"~1.0","ext-gd":"*"}},{"version":"1.3.0","version_normalized":"1.3.0.0","source":{"url":"https://github.com/liip/LiipImagineBundle.git","type":"git","reference":"24c977ccf1a15854dc5fb3efc5de86011f8f0ef3"},"dist":{"url":"https://api.github.com/repos/liip/LiipImagineBundle/zipball/24c977ccf1a15854dc5fb3efc5de86011f8f0ef3","type":"zip","shasum":"","reference":"24c977ccf1a15854dc5fb3efc5de86011f8f0ef3"},"time":"2015-06-04T11:44:07+00:00","require-dev":{"phpunit/phpunit":"~4.3","symfony/browser-kit":"~2.3 || ~3.0","symfony/yaml":"~2.3 || ~3.0","symfony/form":"~2.3 || ~3.0","symfony/console":"~2.3 || ~3.0","symfony/phpunit-bridge":"~2.3 || ~3.0","doctrine/orm":"~2.3","doctrine/mongodb-odm":"1.0.*","doctrine/cache":"~1.1","twig/twig":"~1.0","aws/aws-sdk-php":"~2.4","amazonwebservices/aws-sdk-for-php":"~1.0","psr/log":"~1.0","ext-gd":"*"},"suggest":{"twig/twig":"If you'd want to use some handy twig filters","aws/aws-sdk-php":"Add it if you'd like to use aws v2 or v3 resolver","amazonwebservices/aws-sdk-for-php":"Add it if you'd like to use aws v1 resolver","monolog/monolog":"If you'd want to write logs"}},{"version":"1.2.7","version_normalized":"1.2.7.0","source":{"url":"https://github.com/liip/LiipImagineBundle.git","type":"git","reference":"e9a2fa16e0467d4406b75432bedaec3fa5f70a92"},"dist":{"url":"https://api.github.com/repos/liip/LiipImagineBundle/zipball/e9a2fa16e0467d4406b75432bedaec3fa5f70a92","type":"zip","shasum":"","reference":"e9a2fa16e0467d4406b75432bedaec3fa5f70a92"},"time":"2015-06-02T17:43:28+00:00","require":{"php":">=5.3.2","imagine/imagine":"~0.5,<0.7","symfony/finder":"~2.3","symfony/filesystem":"~2.3","symfony/options-resolver":"~2.3","symfony/framework-bundle":"~2.3"},"require-dev":{"phpunit/phpunit":"~4.3","symfony/browser-kit":"~2.3","symfony/yaml":"~2.3","symfony/form":"~2.3","symfony/console":"~2.3","doctrine/orm":"~2.3","doctrine/mongodb-odm":"1.0.*","doctrine/cache":"~1.1","twig/twig":"~1.0","aws/aws-sdk-php":"~2.4","amazonwebservices/aws-sdk-for-php":"~1.0","psr/log":"~1.0","ext-gd":"*"}},{"version":"1.2.6","version_normalized":"1.2.6.0","source":{"url":"https://github.com/liip/LiipImagineBundle.git","type":"git","reference":"e24256aa688b1afc9edfaae86f82c80d9e471436"},"dist":{"url":"https://api.github.com/repos/liip/LiipImagineBundle/zipball/e24256aa688b1afc9edfaae86f82c80d9e471436","type":"zip","shasum":"","reference":"e24256aa688b1afc9edfaae86f82c80d9e471436"},"time":"2015-04-24T13:41:22+00:00","suggest":{"twig/twig":"If you'd want to use some handy twig filters","aws/aws-sdk-php":"Add it if you'd like to use aws v2 resolver","amazonwebservices/aws-sdk-for-php":"Add it if you'd like to use aws v1 resolver","monolog/monolog":"If you'd want to write logs"}},{"version":"1.2.5","version_normalized":"1.2.5.0","source":{"url":"https://github.com/liip/LiipImagineBundle.git","type":"git","reference":"4bf38928254e5466ddef58347ca20a05907338e2"},"dist":{"url":"https://api.github.com/repos/liip/LiipImagineBundle/zipball/4bf38928254e5466ddef58347ca20a05907338e2","type":"zip","shasum":"","reference":"4bf38928254e5466ddef58347ca20a05907338e2"},"time":"2015-04-08T16:45:02+00:00"},{"version":"1.2.4","version_normalized":"1.2.4.0","source":{"url":"https://github.com/liip/LiipImagineBundle.git","type":"git","reference":"fb777bf6db7ed8cd6b9d72b9c1a25f71901c01c1"},"dist":{"url":"https://api.github.com/repos/liip/LiipImagineBundle/zipball/fb777bf6db7ed8cd6b9d72b9c1a25f71901c01c1","type":"zip","shasum":"","reference":"fb777bf6db7ed8cd6b9d72b9c1a25f71901c01c1"},"time":"2015-03-27T05:32:04+00:00"},{"version":"1.2.3","version_normalized":"1.2.3.0","source":{"url":"https://github.com/liip/LiipImagineBundle.git","type":"git","reference":"a97b46f5bbbf8e2a2646871f4bea1a11b189cbb8"},"dist":{"url":"https://api.github.com/repos/liip/LiipImagineBundle/zipball/a97b46f5bbbf8e2a2646871f4bea1a11b189cbb8","type":"zip","shasum":"","reference":"a97b46f5bbbf8e2a2646871f4bea1a11b189cbb8"},"time":"2015-02-22T19:35:59+00:00"},{"version":"1.2.2","version_normalized":"1.2.2.0","source":{"url":"https://github.com/liip/LiipImagineBundle.git","type":"git","reference":"7e71457fc3d48b0f54daf69afea92d07b9a3bac0"},"dist":{"url":"https://api.github.com/repos/liip/LiipImagineBundle/zipball/7e71457fc3d48b0f54daf69afea92d07b9a3bac0","type":"zip","shasum":"","reference":"7e71457fc3d48b0f54daf69afea92d07b9a3bac0"},"time":"2015-01-08T16:27:08+00:00"},{"version":"1.2.1","version_normalized":"1.2.1.0","source":{"url":"https://github.com/liip/LiipImagineBundle.git","type":"git","reference":"5838f67a4fd31a459bb23066f3b6264f78dd083a"},"dist":{"url":"https://api.github.com/repos/liip/LiipImagineBundle/zipball/5838f67a4fd31a459bb23066f3b6264f78dd083a","type":"zip","shasum":"","reference":"5838f67a4fd31a459bb23066f3b6264f78dd083a"},"time":"2014-12-10T13:01:07+00:00"},{"version":"1.2.0","version_normalized":"1.2.0.0","source":{"url":"https://github.com/liip/LiipImagineBundle.git","type":"git","reference":"5be10ce1d2845807cd10e5a44beec47dc611876d"},"dist":{"url":"https://api.github.com/repos/liip/LiipImagineBundle/zipball/5be10ce1d2845807cd10e5a44beec47dc611876d","type":"zip","shasum":"","reference":"5be10ce1d2845807cd10e5a44beec47dc611876d"},"time":"2014-12-10T11:14:56+00:00"},{"version":"1.1.1","version_normalized":"1.1.1.0","source":{"url":"https://github.com/liip/LiipImagineBundle.git","type":"git","reference":"eacdae21cc9ce8e07ab64d20d5a92529ed49709d"},"dist":{"url":"https://api.github.com/repos/liip/LiipImagineBundle/zipball/eacdae21cc9ce8e07ab64d20d5a92529ed49709d","type":"zip","shasum":"","reference":"eacdae21cc9ce8e07ab64d20d5a92529ed49709d"},"time":"2014-11-12T10:15:02+00:00"},{"version":"1.1.0","version_normalized":"1.1.0.0","source":{"url":"https://github.com/liip/LiipImagineBundle.git","type":"git","reference":"4530ca6fe10885e70cbff9ce992d82752743ea6a"},"dist":{"url":"https://api.github.com/repos/liip/LiipImagineBundle/zipball/4530ca6fe10885e70cbff9ce992d82752743ea6a","type":"zip","shasum":"","reference":"4530ca6fe10885e70cbff9ce992d82752743ea6a"},"time":"2014-10-29T18:48:33+00:00"},{"version":"1.0.8","version_normalized":"1.0.8.0","source":{"url":"https://github.com/liip/LiipImagineBundle.git","type":"git","reference":"fe51d50896434d4c1393a5de1504cc174b9049bd"},"dist":{"url":"https://api.github.com/repos/liip/LiipImagineBundle/zipball/fe51d50896434d4c1393a5de1504cc174b9049bd","type":"zip","shasum":"","reference":"fe51d50896434d4c1393a5de1504cc174b9049bd"},"time":"2014-10-22T06:27:33+00:00"},{"version":"1.0.7","version_normalized":"1.0.7.0","source":{"url":"https://github.com/liip/LiipImagineBundle.git","type":"git","reference":"7d0e79706bbae63e09587d592bb96e7f5d9e43bd"},"dist":{"url":"https://api.github.com/repos/liip/LiipImagineBundle/zipball/7d0e79706bbae63e09587d592bb96e7f5d9e43bd","type":"zip","shasum":"","reference":"7d0e79706bbae63e09587d592bb96e7f5d9e43bd"},"time":"2014-10-18T17:48:27+00:00"},{"version":"1.0.6","version_normalized":"1.0.6.0","source":{"url":"https://github.com/liip/LiipImagineBundle.git","type":"git","reference":"017bd4509091fc69727273164e3d16ea071e52a5"},"dist":{"url":"https://api.github.com/repos/liip/LiipImagineBundle/zipball/017bd4509091fc69727273164e3d16ea071e52a5","type":"zip","shasum":"","reference":"017bd4509091fc69727273164e3d16ea071e52a5"},"time":"2014-09-17T09:53:36+00:00","require-dev":{"phpunit/phpunit":"~3.7","symfony/browser-kit":"~2.3","doctrine/orm":"~2.3","doctrine/mongodb-odm":"1.0.*","symfony/yaml":"~2.3","symfony/form":"~2.3","twig/twig":"~1.0","doctrine/cache":"~1.1","aws/aws-sdk-php":"~2.4","amazonwebservices/aws-sdk-for-php":"~1.0","psr/log":"~1.0","ext-gd":"*","symfony/console":"~2.3"}},{"version":"1.0.5","version_normalized":"1.0.5.0","source":{"url":"https://github.com/liip/LiipImagineBundle.git","type":"git","reference":"334653cb692331fc3791f9da6aab7517fba8fa6f"},"dist":{"url":"https://api.github.com/repos/liip/LiipImagineBundle/zipball/334653cb692331fc3791f9da6aab7517fba8fa6f","type":"zip","shasum":"","reference":"334653cb692331fc3791f9da6aab7517fba8fa6f"},"time":"2014-09-15T11:12:49+00:00"},{"version":"1.0.4","version_normalized":"1.0.4.0","source":{"url":"https://github.com/liip/LiipImagineBundle.git","type":"git","reference":"a85ef19cdc8e079e1ab989544a8b580e28b26d82"},"dist":{"url":"https://api.github.com/repos/liip/LiipImagineBundle/zipball/a85ef19cdc8e079e1ab989544a8b580e28b26d82","type":"zip","shasum":"","reference":"a85ef19cdc8e079e1ab989544a8b580e28b26d82"},"time":"2014-07-30T14:40:52+00:00"},{"version":"1.0.3","version_normalized":"1.0.3.0","source":{"url":"https://github.com/liip/LiipImagineBundle.git","type":"git","reference":"a1b8047dae75e72803a399b296f0af6eb4715f74"},"dist":{"url":"https://api.github.com/repos/liip/LiipImagineBundle/zipball/a1b8047dae75e72803a399b296f0af6eb4715f74","type":"zip","shasum":"","reference":"a1b8047dae75e72803a399b296f0af6eb4715f74"},"time":"2014-07-30T07:08:40+00:00"},{"version":"1.0.2","version_normalized":"1.0.2.0","source":{"url":"https://github.com/liip/LiipImagineBundle.git","type":"git","reference":"f945a54e90407d3a59980577c83079d63b8000d5"},"dist":{"url":"https://api.github.com/repos/liip/LiipImagineBundle/zipball/f945a54e90407d3a59980577c83079d63b8000d5","type":"zip","shasum":"","reference":"f945a54e90407d3a59980577c83079d63b8000d5"},"time":"2014-06-24T15:35:17+00:00"},{"version":"1.0.1","version_normalized":"1.0.1.0","source":{"url":"https://github.com/liip/LiipImagineBundle.git","type":"git","reference":"0a39eb7dc1e2ce7d41afa02712cf433465cdaca9"},"dist":{"url":"https://api.github.com/repos/liip/LiipImagineBundle/zipball/0a39eb7dc1e2ce7d41afa02712cf433465cdaca9","type":"zip","shasum":"","reference":"0a39eb7dc1e2ce7d41afa02712cf433465cdaca9"},"time":"2014-06-06T07:41:14+00:00"},{"version":"1.0.0","version_normalized":"1.0.0.0","source":{"url":"https://github.com/liip/LiipImagineBundle.git","type":"git","reference":"92e649516294ff4b195e90179294246db11072d5"},"dist":{"url":"https://api.github.com/repos/liip/LiipImagineBundle/zipball/92e649516294ff4b195e90179294246db11072d5","type":"zip","shasum":"","reference":"92e649516294ff4b195e90179294246db11072d5"},"time":"2014-05-22T08:43:31+00:00"},{"version":"1.0.0-alpha7","version_normalized":"1.0.0.0-alpha7","source":{"url":"https://github.com/liip/LiipImagineBundle.git","type":"git","reference":"b312ed3a293b8225028be08c109ba6a52092ce63"},"dist":{"url":"https://api.github.com/repos/liip/LiipImagineBundle/zipball/b312ed3a293b8225028be08c109ba6a52092ce63","type":"zip","shasum":"","reference":"b312ed3a293b8225028be08c109ba6a52092ce63"},"time":"2014-05-22T06:01:56+00:00","require":{"php":">=5.3.2","imagine/imagine":"0.5.*","symfony/finder":"~2.3","symfony/filesystem":"~2.3","symfony/options-resolver":"~2.3","symfony/framework-bundle":"~2.3"}},{"version":"1.0.0-alpha6","version_normalized":"1.0.0.0-alpha6","source":{"url":"https://github.com/liip/LiipImagineBundle.git","type":"git","reference":"e3a28ed6c6624b1d4164cbc14cbf4883acabcd8b"},"dist":{"url":"https://api.github.com/repos/liip/LiipImagineBundle/zipball/e3a28ed6c6624b1d4164cbc14cbf4883acabcd8b","type":"zip","shasum":"","reference":"e3a28ed6c6624b1d4164cbc14cbf4883acabcd8b"},"time":"2014-05-05T11:19:29+00:00"},{"version":"1.0.0-alpha5","version_normalized":"1.0.0.0-alpha5","source":{"url":"https://github.com/liip/LiipImagineBundle.git","type":"git","reference":"31ccd9d25d6ce5331d18d0f9e9870a70234df4f3"},"dist":{"url":"https://api.github.com/repos/liip/LiipImagineBundle/zipball/31ccd9d25d6ce5331d18d0f9e9870a70234df4f3","type":"zip","shasum":"","reference":"31ccd9d25d6ce5331d18d0f9e9870a70234df4f3"},"time":"2014-04-29T12:16:30+00:00"},{"version":"1.0.0-alpha4","version_normalized":"1.0.0.0-alpha4","source":{"url":"https://github.com/liip/LiipImagineBundle.git","type":"git","reference":"2be6f957694d06d6d2a3203ec16ecdbf0d849765"},"dist":{"url":"https://api.github.com/repos/liip/LiipImagineBundle/zipball/2be6f957694d06d6d2a3203ec16ecdbf0d849765","type":"zip","shasum":"","reference":"2be6f957694d06d6d2a3203ec16ecdbf0d849765"},"time":"2014-04-14T19:53:55+00:00","require-dev":{"phpunit/phpunit":"~3.7","symfony/browser-kit":"~2.3","symfony/yaml":"~2.3","twig/twig":"~1.0","doctrine/cache":"~1.1","aws/aws-sdk-php":"~2.4","amazonwebservices/aws-sdk-for-php":"~1.0","psr/log":"~1.0","ext-gd":"*","symfony/console":"~2.3"}},{"version":"1.0.0-alpha3","version_normalized":"1.0.0.0-alpha3","source":{"url":"https://github.com/liip/LiipImagineBundle.git","type":"git","reference":"3e363c30aa9cd48a2040a47ca37bb375048ee8dc"},"dist":{"url":"https://api.github.com/repos/liip/LiipImagineBundle/zipball/3e363c30aa9cd48a2040a47ca37bb375048ee8dc","type":"zip","shasum":"","reference":"3e363c30aa9cd48a2040a47ca37bb375048ee8dc"},"time":"2014-04-14T09:57:05+00:00"},{"version":"1.0.0-alpha2","version_normalized":"1.0.0.0-alpha2","source":{"url":"https://github.com/liip/LiipImagineBundle.git","type":"git","reference":"d5e5f1c468a2983e0c70c7e4879f85a9cd0a5e5f"},"dist":{"url":"https://api.github.com/repos/liip/LiipImagineBundle/zipball/d5e5f1c468a2983e0c70c7e4879f85a9cd0a5e5f","type":"zip","shasum":"","reference":"d5e5f1c468a2983e0c70c7e4879f85a9cd0a5e5f"},"time":"2014-04-10T12:24:47+00:00"},{"version":"1.0.0-alpha1","version_normalized":"1.0.0.0-alpha1","source":{"url":"https://github.com/liip/LiipImagineBundle.git","type":"git","reference":"e3965348a5d6d36203f5d3a46bca93cc22b2c8b1"},"dist":{"url":"https://api.github.com/repos/liip/LiipImagineBundle/zipball/e3965348a5d6d36203f5d3a46bca93cc22b2c8b1","type":"zip","shasum":"","reference":"e3965348a5d6d36203f5d3a46bca93cc22b2c8b1"},"time":"2014-04-07T16:15:44+00:00"},{"version":"v0.21.1","version_normalized":"0.21.1.0","source":{"url":"https://github.com/liip/LiipImagineBundle.git","type":"git","reference":"0490ecfd7184e71b24108ba0c2a85261c14b9fc4"},"dist":{"url":"https://api.github.com/repos/liip/LiipImagineBundle/zipball/0490ecfd7184e71b24108ba0c2a85261c14b9fc4","type":"zip","shasum":"","reference":"0490ecfd7184e71b24108ba0c2a85261c14b9fc4"},"time":"2014-03-14T17:57:09+00:00","require":{"php":">=5.3.2","imagine/imagine":"0.5.*","symfony/finder":">=2.0.16,~2.0","symfony/filesystem":">=2.0.16,~2.0","symfony/options-resolver":">=2.0.16,~2.0","symfony/framework-bundle":">=2.0.16,~2.0"},"require-dev":{"twig/twig":">=1.0,<2.0-dev","symfony/yaml":">=2.0.16,~2.0","doctrine/cache":"~1.1"},"suggest":{"twig/twig":">=1.0,<2.0-dev"},"support":{"issues":"https://github.com/liip/LiipImagineBundle/issues","source":"https://github.com/liip/LiipImagineBundle/tree/v0.21.1"},"extra":"__unset"},{"version":"v0.21.0","version_normalized":"0.21.0.0","source":{"url":"https://github.com/liip/LiipImagineBundle.git","type":"git","reference":"b50e1b6e8720b8f4e3cd0dac7f95c0418ae951b1"},"dist":{"url":"https://api.github.com/repos/liip/LiipImagineBundle/zipball/b50e1b6e8720b8f4e3cd0dac7f95c0418ae951b1","type":"zip","shasum":"","reference":"b50e1b6e8720b8f4e3cd0dac7f95c0418ae951b1"},"time":"2014-03-14T16:06:59+00:00","require":{"php":">=5.3.2","imagine/imagine":"0.6.*","symfony/finder":">=2.0.16,~2.0","symfony/filesystem":">=2.0.16,~2.0","symfony/options-resolver":">=2.0.16,~2.0","symfony/framework-bundle":">=2.0.16,~2.0"},"support":{"issues":"https://github.com/liip/LiipImagineBundle/issues","source":"https://github.com/liip/LiipImagineBundle/tree/master"}},{"version":"v0.20.2","version_normalized":"0.20.2.0","source":{"url":"https://github.com/liip/LiipImagineBundle.git","type":"git","reference":"ac6794887fb8e6bcdd1867260760834a91fd8140"},"dist":{"url":"https://api.github.com/repos/liip/LiipImagineBundle/zipball/ac6794887fb8e6bcdd1867260760834a91fd8140","type":"zip","shasum":"","reference":"ac6794887fb8e6bcdd1867260760834a91fd8140"},"time":"2014-02-20T13:36:21+00:00","require":{"php":">=5.3.2","imagine/imagine":"0.5.*","symfony/finder":">=2.0.16,~2.0","symfony/filesystem":">=2.0.16,~2.0","symfony/options-resolver":">=2.0.16,~2.0","symfony/framework-bundle":">=2.0.16,~2.0"}},{"version":"v0.20.1","version_normalized":"0.20.1.0","source":{"url":"https://github.com/liip/LiipImagineBundle.git","type":"git","reference":"07587dd937ece47e9ad6d3ea03aea1676e13a336"},"dist":{"url":"https://api.github.com/repos/liip/LiipImagineBundle/zipball/07587dd937ece47e9ad6d3ea03aea1676e13a336","type":"zip","shasum":"","reference":"07587dd937ece47e9ad6d3ea03aea1676e13a336"},"time":"2014-02-10T06:53:52+00:00"},{"version":"v0.20.0","version_normalized":"0.20.0.0","source":{"url":"https://github.com/liip/LiipImagineBundle.git","type":"git","reference":"5598514b5b4471231a5ad7f6afeafe87d7f270a8"},"dist":{"url":"https://api.github.com/repos/liip/LiipImagineBundle/zipball/5598514b5b4471231a5ad7f6afeafe87d7f270a8","type":"zip","shasum":"","reference":"5598514b5b4471231a5ad7f6afeafe87d7f270a8"},"time":"2014-02-07T11:08:11+00:00"},{"version":"v0.19.0","version_normalized":"0.19.0.0","source":{"url":"https://github.com/liip/LiipImagineBundle.git","type":"git","reference":"142d30a29ce536e9b26e13bac791d519236e576f"},"dist":{"url":"https://api.github.com/repos/liip/LiipImagineBundle/zipball/142d30a29ce536e9b26e13bac791d519236e576f","type":"zip","shasum":"","reference":"142d30a29ce536e9b26e13bac791d519236e576f"},"time":"2014-02-07T07:34:10+00:00"},{"version":"v0.18.0","version_normalized":"0.18.0.0","source":{"url":"https://github.com/liip/LiipImagineBundle.git","type":"git","reference":"cb56b14a5c218cd7d99c82ea016ac274ba6f8ade"},"dist":{"url":"https://api.github.com/repos/liip/LiipImagineBundle/zipball/cb56b14a5c218cd7d99c82ea016ac274ba6f8ade","type":"zip","shasum":"","reference":"cb56b14a5c218cd7d99c82ea016ac274ba6f8ade"},"time":"2014-01-29T09:55:23+00:00"},{"version":"v0.17.1","version_normalized":"0.17.1.0","source":{"url":"https://github.com/liip/LiipImagineBundle.git","type":"git","reference":"23b82d54b766b6880fc17f7d3d9153bd0abf815c"},"dist":{"url":"https://api.github.com/repos/liip/LiipImagineBundle/zipball/23b82d54b766b6880fc17f7d3d9153bd0abf815c","type":"zip","shasum":"","reference":"23b82d54b766b6880fc17f7d3d9153bd0abf815c"},"time":"2014-01-24T18:59:15+00:00"},{"version":"v0.17.0","version_normalized":"0.17.0.0","source":{"url":"https://github.com/liip/LiipImagineBundle.git","type":"git","reference":"47e2b2bb04594a433d1c12f52b207127dc686093"},"dist":{"url":"https://api.github.com/repos/liip/LiipImagineBundle/zipball/47e2b2bb04594a433d1c12f52b207127dc686093","type":"zip","shasum":"","reference":"47e2b2bb04594a433d1c12f52b207127dc686093"},"time":"2013-12-04T09:43:45+00:00"},{"version":"v0.16.0","version_normalized":"0.16.0.0","source":{"url":"https://github.com/liip/LiipImagineBundle.git","type":"git","reference":"e298ebb190dd5fa2a1fab2f4efc6f61bb034a0ad"},"dist":{"url":"https://api.github.com/repos/liip/LiipImagineBundle/zipball/e298ebb190dd5fa2a1fab2f4efc6f61bb034a0ad","type":"zip","shasum":"","reference":"e298ebb190dd5fa2a1fab2f4efc6f61bb034a0ad"},"time":"2013-09-30T15:27:15+00:00","require-dev":{"twig/twig":">=1.0,<2.0-dev","symfony/yaml":">=2.0.16,~2.0"}},{"version":"v0.15.1","version_normalized":"0.15.1.0","source":{"url":"https://github.com/liip/LiipImagineBundle.git","type":"git","reference":"51e28873a5a831cead026181faa898f8091f813e"},"dist":{"url":"https://api.github.com/repos/liip/LiipImagineBundle/zipball/51e28873a5a831cead026181faa898f8091f813e","type":"zip","shasum":"","reference":"51e28873a5a831cead026181faa898f8091f813e"},"time":"2013-09-20T12:51:11+00:00"},{"version":"v0.15.0","version_normalized":"0.15.0.0","source":{"url":"https://github.com/liip/LiipImagineBundle.git","type":"git","reference":"5f0794821a27468870e6f4a93657fa95ea2986ae"},"dist":{"url":"https://api.github.com/repos/liip/LiipImagineBundle/zipball/5f0794821a27468870e6f4a93657fa95ea2986ae","type":"zip","shasum":"","reference":"5f0794821a27468870e6f4a93657fa95ea2986ae"},"time":"2013-09-18T09:51:58+00:00"},{"version":"v0.14.0","version_normalized":"0.14.0.0","source":{"url":"https://github.com/liip/LiipImagineBundle.git","type":"git","reference":"ea3395eb6d73e096a64a0ee9f9d35e8cdcdf3636"},"dist":{"url":"https://api.github.com/repos/liip/LiipImagineBundle/zipball/ea3395eb6d73e096a64a0ee9f9d35e8cdcdf3636","type":"zip","shasum":"","reference":"ea3395eb6d73e096a64a0ee9f9d35e8cdcdf3636"},"time":"2013-08-21T09:50:26+00:00"},{"version":"v0.13.0","version_normalized":"0.13.0.0","source":{"url":"https://github.com/liip/LiipImagineBundle.git","type":"git","reference":"623411311912fe09b6916b50f8059434a693cc15"},"dist":{"url":"https://api.github.com/repos/liip/LiipImagineBundle/zipball/623411311912fe09b6916b50f8059434a693cc15","type":"zip","shasum":"","reference":"623411311912fe09b6916b50f8059434a693cc15"},"time":"2013-08-19T09:22:48+00:00"},{"version":"v0.12.0","version_normalized":"0.12.0.0","source":{"url":"https://github.com/liip/LiipImagineBundle.git","type":"git","reference":"18a82258928bf911244303795f2d36f819af9aeb"},"dist":{"url":"https://api.github.com/repos/liip/LiipImagineBundle/zipball/18a82258928bf911244303795f2d36f819af9aeb","type":"zip","shasum":"","reference":"18a82258928bf911244303795f2d36f819af9aeb"},"time":"2013-08-19T07:39:30+00:00"},{"version":"v0.11.1","version_normalized":"0.11.1.0","source":{"url":"https://github.com/liip/LiipImagineBundle.git","type":"git","reference":"6c7545b13b7dece092a4215d0e4856ccabf482ff"},"dist":{"url":"https://api.github.com/repos/liip/LiipImagineBundle/zipball/6c7545b13b7dece092a4215d0e4856ccabf482ff","type":"zip","shasum":"","reference":"6c7545b13b7dece092a4215d0e4856ccabf482ff"},"time":"2013-08-05T08:09:13+00:00","require":{"php":">=5.3.2","imagine/imagine":"0.4.*","symfony/finder":">=2.0.16,~2.0","symfony/filesystem":">=2.0.16,~2.0","symfony/options-resolver":">=2.0.16,~2.0","symfony/framework-bundle":">=2.0.16,~2.0"}},{"version":"v0.11.0","version_normalized":"0.11.0.0","source":{"url":"https://github.com/liip/LiipImagineBundle.git","type":"git","reference":"1f0854d665803554e17ebbb8c6b30b2a2562ee2f"},"dist":{"url":"https://api.github.com/repos/liip/LiipImagineBundle/zipball/1f0854d665803554e17ebbb8c6b30b2a2562ee2f","type":"zip","shasum":"","reference":"1f0854d665803554e17ebbb8c6b30b2a2562ee2f"},"time":"2013-06-21T08:07:53+00:00"},{"version":"v0.10.1","version_normalized":"0.10.1.0","source":{"url":"https://github.com/liip/LiipImagineBundle.git","type":"git","reference":"407c4f78bb6a8c5ec619a8857ee3d819fb8eee3a"},"dist":{"url":"https://api.github.com/repos/liip/LiipImagineBundle/zipball/407c4f78bb6a8c5ec619a8857ee3d819fb8eee3a","type":"zip","shasum":"","reference":"407c4f78bb6a8c5ec619a8857ee3d819fb8eee3a"},"time":"2013-05-29T19:37:03+00:00"},{"version":"v0.10.0","version_normalized":"0.10.0.0","source":{"url":"https://github.com/liip/LiipImagineBundle.git","type":"git","reference":"3d7ca2197d916a2d2fb82864f322e27359a13e03"},"dist":{"url":"https://api.github.com/repos/liip/LiipImagineBundle/zipball/3d7ca2197d916a2d2fb82864f322e27359a13e03","type":"zip","shasum":"","reference":"3d7ca2197d916a2d2fb82864f322e27359a13e03"},"time":"2013-05-17T08:18:26+00:00"},{"version":"v0.9.4","version_normalized":"0.9.4.0","source":{"url":"https://github.com/liip/LiipImagineBundle.git","type":"git","reference":"7b2cd5c8af3fb6602eecc83fb4dac74986a97bdb"},"dist":{"url":"https://api.github.com/repos/liip/LiipImagineBundle/zipball/7b2cd5c8af3fb6602eecc83fb4dac74986a97bdb","type":"zip","shasum":"","reference":"7b2cd5c8af3fb6602eecc83fb4dac74986a97bdb"},"time":"2013-05-14T20:16:40+00:00","require":{"php":">=5.3.2","imagine/imagine":"0.4.*","symfony/finder":">=2.0.16,~2.0","symfony/filesystem":">=2.0.16,~2.0","symfony/framework-bundle":">=2.0.16,~2.0"}},{"version":"v0.9.3","version_normalized":"0.9.3.0","source":{"url":"https://github.com/liip/LiipImagineBundle.git","type":"git","reference":"bee756eba731d8aa9a667387b72d8ca2e127680c"},"dist":{"url":"https://api.github.com/repos/liip/LiipImagineBundle/zipball/bee756eba731d8aa9a667387b72d8ca2e127680c","type":"zip","shasum":"","reference":"bee756eba731d8aa9a667387b72d8ca2e127680c"},"time":"2013-04-17T09:13:23+00:00","require":{"php":">=5.3.2","imagine/imagine":"0.4.*","symfony/finder":">=2.0.16,<2.3-dev","symfony/filesystem":">=2.0.16,<2.3-dev","symfony/framework-bundle":">=2.0.16,<2.3-dev"},"require-dev":{"twig/twig":">=1.0,<2.0-dev","symfony/yaml":">=2.0.16,<2.3-dev"}},{"version":"v0.9.2","version_normalized":"0.9.2.0","source":{"url":"https://github.com/liip/LiipImagineBundle.git","type":"git","reference":"ca5d606f01d7ee363654a9b6164c3e53fac50435"},"dist":{"url":"https://api.github.com/repos/liip/LiipImagineBundle/zipball/ca5d606f01d7ee363654a9b6164c3e53fac50435","type":"zip","shasum":"","reference":"ca5d606f01d7ee363654a9b6164c3e53fac50435"},"time":"2013-04-08T16:03:27+00:00"},{"version":"v0.9.1","version_normalized":"0.9.1.0","source":{"url":"https://github.com/liip/LiipImagineBundle.git","type":"git","reference":"82ccea7470a9e8292bf20d20ba61c6e493c7dfb8"},"dist":{"url":"https://api.github.com/repos/liip/LiipImagineBundle/zipball/82ccea7470a9e8292bf20d20ba61c6e493c7dfb8","type":"zip","shasum":"","reference":"82ccea7470a9e8292bf20d20ba61c6e493c7dfb8"},"time":"2013-02-20T15:18:48+00:00"},{"version":"v0.9.0","version_normalized":"0.9.0.0","source":{"url":"https://github.com/liip/LiipImagineBundle.git","type":"git","reference":"3b232e319047ceae15444396a7b76a71ef7c6cdd"},"dist":{"url":"https://api.github.com/repos/liip/LiipImagineBundle/zipball/3b232e319047ceae15444396a7b76a71ef7c6cdd","type":"zip","shasum":"","reference":"3b232e319047ceae15444396a7b76a71ef7c6cdd"},"time":"2013-02-13T17:07:59+00:00"}]},"security-advisories":[],"last-modified":"Sun, 17 Jul 2022 12:41:55 GMT"}