{"minified":"composer/2.0","packages":{"psr/http-client":[{"name":"psr/http-client","description":"Common interface for HTTP clients","keywords":["http","psr","http-client","psr-18"],"homepage":"https://github.com/php-fig/http-client","version":"1.0.1","version_normalized":"1.0.1.0","license":["MIT"],"authors":[{"name":"PHP-FIG","homepage":"http://www.php-fig.org/"}],"source":{"url":"https://github.com/php-fig/http-client.git","type":"git","reference":"2dfb5f6c5eff0e91e20e913f8c5452ed95b86621"},"dist":{"url":"https://api.github.com/repos/php-fig/http-client/zipball/2dfb5f6c5eff0e91e20e913f8c5452ed95b86621","type":"zip","shasum":"","reference":"2dfb5f6c5eff0e91e20e913f8c5452ed95b86621"},"type":"library","time":"2020-06-29T06:28:15+00:00","autoload":{"psr-4":{"Psr\\Http\\Client\\":"src/"}},"extra":{"branch-alias":{"dev-master":"1.0.x-dev"}},"require":{"php":"^7.0 || ^8.0","psr/http-message":"^1.0"},"support":{"source":"https://github.com/php-fig/http-client/tree/master"}},{"version":"1.0.0","version_normalized":"1.0.0.0","source":{"url":"https://github.com/php-fig/http-client.git","type":"git","reference":"496a823ef742b632934724bf769560c2a5c7c44e"},"dist":{"url":"https://api.github.com/repos/php-fig/http-client/zipball/496a823ef742b632934724bf769560c2a5c7c44e","type":"zip","shasum":"","reference":"496a823ef742b632934724bf769560c2a5c7c44e"},"time":"2018-10-30T23:29:13+00:00","require":{"php":"^7.0","psr/http-message":"^1.0"},"support":{"issues":"https://github.com/php-fig/http-client/issues","source":"https://github.com/php-fig/http-client/tree/master"}},{"version":"0.3.0","version_normalized":"0.3.0.0","source":{"url":"https://github.com/php-fig/http-client.git","type":"git","reference":"34bb3312cf19984a826d87ac379df4e2cb0c54b4"},"dist":{"url":"https://api.github.com/repos/php-fig/http-client/zipball/34bb3312cf19984a826d87ac379df4e2cb0c54b4","type":"zip","shasum":"","reference":"34bb3312cf19984a826d87ac379df4e2cb0c54b4"},"time":"2018-09-05T04:11:20+00:00"},{"version":"0.2.0","version_normalized":"0.2.0.0","source":{"url":"https://github.com/php-fig/http-client.git","type":"git","reference":"82cf0dd2052a44cab9ea400e61ea7c3f5fdc0f8f"},"dist":{"url":"https://api.github.com/repos/php-fig/http-client/zipball/82cf0dd2052a44cab9ea400e61ea7c3f5fdc0f8f","type":"zip","shasum":"","reference":"82cf0dd2052a44cab9ea400e61ea7c3f5fdc0f8f"},"time":"2018-08-14T08:56:48+00:00"},{"version":"0.1.0","version_normalized":"0.1.0.0","source":{"url":"https://github.com/php-fig/http-client.git","type":"git","reference":"d4d3ec04b034120b0591ad9722a4c2be33a7dfec"},"dist":{"url":"https://api.github.com/repos/php-fig/http-client/zipball/d4d3ec04b034120b0591ad9722a4c2be33a7dfec","type":"zip","shasum":"","reference":"d4d3ec04b034120b0591ad9722a4c2be33a7dfec"},"time":"2018-02-03T12:55:20+00:00"}]},"security-advisories":[],"last-modified":"Tue, 19 Jul 2022 13:05:27 GMT"}