{"minified":"composer/2.0","packages":{"imagine/imagine":[{"name":"imagine/imagine","description":"Image processing for PHP 5.3","keywords":["image manipulation","image processing","drawing","graphics"],"homepage":"http://imagine.readthedocs.org/","version":"1.3.2","version_normalized":"1.3.2.0","license":["MIT"],"authors":[{"name":"Bulat Shakirzyanov","email":"mallluhuct@gmail.com","homepage":"http://avalanche123.com"}],"source":{"url":"https://github.com/php-imagine/Imagine.git","type":"git","reference":"ae864f26afbf8859ebd2e2b9df92d77ee175dc13"},"dist":{"url":"https://api.github.com/repos/php-imagine/Imagine/zipball/ae864f26afbf8859ebd2e2b9df92d77ee175dc13","type":"zip","shasum":"","reference":"ae864f26afbf8859ebd2e2b9df92d77ee175dc13"},"type":"library","time":"2022-04-01T11:58:30+00:00","autoload":{"psr-4":{"Imagine\\":"src/"}},"extra":{"branch-alias":{"dev-develop":"1.x-dev"}},"require":{"php":">=5.5"},"require-dev":{"phpunit/phpunit":"^4.8 || ^5.7 || ^6.5 || ^7.5 || ^8.4 || ^9.3"},"suggest":{"ext-exif":"to read EXIF metadata","ext-gd":"to use the GD implementation","ext-imagick":"to use the Imagick implementation","ext-gmagick":"to use the Gmagick implementation"},"support":{"issues":"https://github.com/php-imagine/Imagine/issues","source":"https://github.com/php-imagine/Imagine/tree/1.3.2"}},{"version":"1.3.1","version_normalized":"1.3.1.0","source":{"url":"https://github.com/php-imagine/Imagine.git","type":"git","reference":"fc3e477a15907e8f2a11c32f1aecb07101c0bd31"},"dist":{"url":"https://api.github.com/repos/php-imagine/Imagine/zipball/fc3e477a15907e8f2a11c32f1aecb07101c0bd31","type":"zip","shasum":"","reference":"fc3e477a15907e8f2a11c32f1aecb07101c0bd31"},"time":"2022-03-15T15:19:48+00:00","support":{"issues":"https://github.com/php-imagine/Imagine/issues","source":"https://github.com/php-imagine/Imagine/tree/1.3.1"}},{"version":"1.3.0","version_normalized":"1.3.0.0","source":{"url":"https://github.com/php-imagine/Imagine.git","type":"git","reference":"6261e08598f9ba3d1b79a134a0e33471b1e6045a"},"dist":{"url":"https://api.github.com/repos/php-imagine/Imagine/zipball/6261e08598f9ba3d1b79a134a0e33471b1e6045a","type":"zip","shasum":"","reference":"6261e08598f9ba3d1b79a134a0e33471b1e6045a"},"time":"2022-03-15T10:41:05+00:00","support":{"issues":"https://github.com/php-imagine/Imagine/issues","source":"https://github.com/php-imagine/Imagine/tree/1.3.0"}},{"version":"1.2.4","version_normalized":"1.2.4.0","source":{"url":"https://github.com/php-imagine/Imagine.git","type":"git","reference":"d2e18be6e930ca169e4f921ef73ebfc061bf55d8"},"dist":{"url":"https://api.github.com/repos/php-imagine/Imagine/zipball/d2e18be6e930ca169e4f921ef73ebfc061bf55d8","type":"zip","shasum":"","reference":"d2e18be6e930ca169e4f921ef73ebfc061bf55d8"},"time":"2020-11-03T22:35:03+00:00","extra":{"branch-alias":{"dev-develop":"0.7-dev"}},"require":{"php":">=5.3.2"},"require-dev":{"phpunit/phpunit":"^4.8 || ^5.7 || ^6.5 || ^7.5 || ^8.4 || ^9.3","friendsofphp/php-cs-fixer":"^2.2"},"suggest":{"ext-gd":"to use the GD implementation","ext-imagick":"to use the Imagick implementation","ext-gmagick":"to use the Gmagick implementation"},"support":{"issues":"https://github.com/php-imagine/Imagine/issues","source":"https://github.com/php-imagine/Imagine/tree/1.2.4"}},{"version":"1.2.3","version_normalized":"1.2.3.0","source":{"url":"https://github.com/php-imagine/Imagine.git","type":"git","reference":"cb2361e5bb4410b681462d8e4f912bc5dabf84ab"},"dist":{"url":"https://api.github.com/repos/php-imagine/Imagine/zipball/cb2361e5bb4410b681462d8e4f912bc5dabf84ab","type":"zip","shasum":"","reference":"cb2361e5bb4410b681462d8e4f912bc5dabf84ab"},"time":"2019-12-04T09:55:33+00:00","require-dev":{"phpunit/phpunit":"^4.8 || ^5.7 || ^6.5 || ^7.5 || ^8.4","friendsofphp/php-cs-fixer":"2.2.*"},"support":{"issues":"https://github.com/php-imagine/Imagine/issues","source":"https://github.com/php-imagine/Imagine/tree/1.2.3"}},{"version":"1.2.2","version_normalized":"1.2.2.0","source":{"url":"https://github.com/php-imagine/Imagine.git","type":"git","reference":"eec39b2092bc8008a92b8d63824476413dbe7511"},"dist":{"url":"https://api.github.com/repos/php-imagine/Imagine/zipball/eec39b2092bc8008a92b8d63824476413dbe7511","type":"zip","shasum":"","reference":"eec39b2092bc8008a92b8d63824476413dbe7511"},"time":"2019-07-09T06:55:48+00:00","require-dev":{"phpunit/phpunit":"^4.8 || ^5.7 || ^6.5 || ^7.4","friendsofphp/php-cs-fixer":"2.2.*"},"support":{"issues":"https://github.com/php-imagine/Imagine/issues","source":"https://github.com/php-imagine/Imagine/tree/1.2.2"}},{"version":"1.2.1","version_normalized":"1.2.1.0","source":{"url":"https://github.com/php-imagine/Imagine.git","type":"git","reference":"69ce33008b73a64f5ea25449d1b69146437144fd"},"dist":{"url":"https://api.github.com/repos/php-imagine/Imagine/zipball/69ce33008b73a64f5ea25449d1b69146437144fd","type":"zip","shasum":"","reference":"69ce33008b73a64f5ea25449d1b69146437144fd"},"time":"2019-06-03T15:06:06+00:00","support":{"issues":"https://github.com/php-imagine/Imagine/issues","source":"https://github.com/php-imagine/Imagine/tree/1.2.1"}},{"version":"1.2.0","version_normalized":"1.2.0.0","source":{"url":"https://github.com/php-imagine/Imagine.git","type":"git","reference":"6a84addad63baeda0a25079580a2e369a36ceb29"},"dist":{"url":"https://api.github.com/repos/php-imagine/Imagine/zipball/6a84addad63baeda0a25079580a2e369a36ceb29","type":"zip","shasum":"","reference":"6a84addad63baeda0a25079580a2e369a36ceb29"},"time":"2018-12-07T16:51:20+00:00","support":{"issues":"https://github.com/php-imagine/Imagine/issues","source":"https://github.com/php-imagine/Imagine/tree/1.2.0"}},{"version":"1.1.0","version_normalized":"1.1.0.0","source":{"url":"https://github.com/php-imagine/Imagine.git","type":"git","reference":"05c37ac994e620646b376633c14e6377c35e3399"},"dist":{"url":"https://api.github.com/repos/php-imagine/Imagine/zipball/05c37ac994e620646b376633c14e6377c35e3399","type":"zip","shasum":"","reference":"05c37ac994e620646b376633c14e6377c35e3399"},"time":"2018-10-25T06:45:38+00:00","require-dev":{"symfony/phpunit-bridge":"^3.2 || ^4.0","friendsofphp/php-cs-fixer":"2.2.*"},"support":{"issues":"https://github.com/php-imagine/Imagine/issues","source":"https://github.com/php-imagine/Imagine/tree/1.1.0"}},{"version":"1.0.2","version_normalized":"1.0.2.0","source":{"url":"https://github.com/php-imagine/Imagine.git","type":"git","reference":"460bcb616677a2048dfa41a835418ebe4d825c22"},"dist":{"url":"https://api.github.com/repos/php-imagine/Imagine/zipball/460bcb616677a2048dfa41a835418ebe4d825c22","type":"zip","shasum":"","reference":"460bcb616677a2048dfa41a835418ebe4d825c22"},"time":"2018-10-24T14:03:16+00:00","support":{"issues":"https://github.com/php-imagine/Imagine/issues","source":"https://github.com/php-imagine/Imagine/tree/1.0.2"}},{"version":"1.0.1","version_normalized":"1.0.1.0","source":{"url":"https://github.com/php-imagine/Imagine.git","type":"git","reference":"f2f39f5900ed69480dfc2f23cb56b591b282d501"},"dist":{"url":"https://api.github.com/repos/php-imagine/Imagine/zipball/f2f39f5900ed69480dfc2f23cb56b591b282d501","type":"zip","shasum":"","reference":"f2f39f5900ed69480dfc2f23cb56b591b282d501"},"time":"2018-09-27T12:22:55+00:00","support":{"issues":"https://github.com/php-imagine/Imagine/issues","source":"https://github.com/php-imagine/Imagine/tree/1.0.1"}},{"version":"1.0.0","version_normalized":"1.0.0.0","source":{"url":"https://github.com/php-imagine/Imagine.git","type":"git","reference":"b9e15fac9b79c28cd6b7de3e7e5162e143ae80ad"},"dist":{"url":"https://api.github.com/repos/php-imagine/Imagine/zipball/b9e15fac9b79c28cd6b7de3e7e5162e143ae80ad","type":"zip","shasum":"","reference":"b9e15fac9b79c28cd6b7de3e7e5162e143ae80ad"},"time":"2018-09-25T14:50:23+00:00","support":{"issues":"https://github.com/php-imagine/Imagine/issues","source":"https://github.com/php-imagine/Imagine/tree/1.0.0"}},{"version":"1.0.0-alpha2","version_normalized":"1.0.0.0-alpha2","source":{"url":"https://github.com/php-imagine/Imagine.git","type":"git","reference":"0bdd3cf41f05fc6aa215fb6c41b6708d261ccce7"},"dist":{"url":"https://api.github.com/repos/php-imagine/Imagine/zipball/0bdd3cf41f05fc6aa215fb6c41b6708d261ccce7","type":"zip","shasum":"","reference":"0bdd3cf41f05fc6aa215fb6c41b6708d261ccce7"},"time":"2018-09-08T13:56:35+00:00","support":{"issues":"https://github.com/php-imagine/Imagine/issues","source":"https://github.com/php-imagine/Imagine/tree/1.0.0-alpha2"}},{"version":"1.0.0-alpha1","version_normalized":"1.0.0.0-alpha1","source":{"url":"https://github.com/php-imagine/Imagine.git","type":"git","reference":"30105207fb8f7859a097a963cb982d268dcb41ea"},"dist":{"url":"https://api.github.com/repos/php-imagine/Imagine/zipball/30105207fb8f7859a097a963cb982d268dcb41ea","type":"zip","shasum":"","reference":"30105207fb8f7859a097a963cb982d268dcb41ea"},"time":"2018-08-28T16:16:25+00:00","support":{"issues":"https://github.com/php-imagine/Imagine/issues","source":"https://github.com/php-imagine/Imagine/tree/1.0.0-alpha1"}},{"version":"v0.7.1","version_normalized":"0.7.1.0","source":{"url":"https://github.com/php-imagine/Imagine.git","type":"git","reference":"a9a702a946073cbca166718f1b02a1e72d742daa"},"dist":{"url":"https://api.github.com/repos/php-imagine/Imagine/zipball/a9a702a946073cbca166718f1b02a1e72d742daa","type":"zip","shasum":"","reference":"a9a702a946073cbca166718f1b02a1e72d742daa"},"time":"2017-05-16T10:31:22+00:00","autoload":{"psr-0":{"Imagine":"lib/"}},"require-dev":{"sami/sami":"^3.3","symfony/phpunit-bridge":"^3.2"},"support":{"issues":"https://github.com/php-imagine/Imagine/issues","source":"https://github.com/php-imagine/Imagine/tree/v0.7.1"}},{"version":"v0.7.0","version_normalized":"0.7.0.0","source":{"url":"https://github.com/php-imagine/Imagine.git","type":"git","reference":"ae2ff0c0118350ed4964900404cd94147893dac1"},"dist":{"url":"https://api.github.com/repos/php-imagine/Imagine/zipball/ae2ff0c0118350ed4964900404cd94147893dac1","type":"zip","shasum":"","reference":"ae2ff0c0118350ed4964900404cd94147893dac1"},"time":"2017-05-02T12:01:12+00:00","require":{"php":">=5.3.2","symfony/phpunit-bridge":"^3.2"},"require-dev":{"sami/sami":"^3.3"},"support":{"issues":"https://github.com/php-imagine/Imagine/issues","source":"https://github.com/php-imagine/Imagine/tree/v0.7.0"}},{"version":"v0.6.3","version_normalized":"0.6.3.0","source":{"url":"https://github.com/php-imagine/Imagine.git","type":"git","reference":"149041d2a1b517107bfe270ca2b1a17aa341715d"},"dist":{"url":"https://api.github.com/repos/php-imagine/Imagine/zipball/149041d2a1b517107bfe270ca2b1a17aa341715d","type":"zip","shasum":"","reference":"149041d2a1b517107bfe270ca2b1a17aa341715d"},"time":"2015-09-19T16:54:05+00:00","require":{"php":">=5.3.2"},"require-dev":{"sami/sami":"dev-master"},"support":{"issues":"https://github.com/php-imagine/Imagine/issues","source":"https://github.com/php-imagine/Imagine/tree/v0.6.3"}},{"version":"0.6.2","version_normalized":"0.6.2.0","source":{"url":"https://github.com/php-imagine/Imagine.git","type":"git","reference":"83ca8babede0e54f935ec09d55a726bf4b0a3f7c"},"dist":{"url":"https://api.github.com/repos/php-imagine/Imagine/zipball/83ca8babede0e54f935ec09d55a726bf4b0a3f7c","type":"zip","shasum":"","reference":"83ca8babede0e54f935ec09d55a726bf4b0a3f7c"},"time":"2014-11-11T11:36:02+00:00","support":{"issues":"https://github.com/php-imagine/Imagine/issues","source":"https://github.com/php-imagine/Imagine/tree/0.6.2"}},{"version":"v0.6.1","version_normalized":"0.6.1.0","source":{"url":"https://github.com/php-imagine/Imagine.git","type":"git","reference":"725279fd560faa1c7012a80b427b31d7f08f36ff"},"dist":{"url":"https://api.github.com/repos/php-imagine/Imagine/zipball/725279fd560faa1c7012a80b427b31d7f08f36ff","type":"zip","shasum":"","reference":"725279fd560faa1c7012a80b427b31d7f08f36ff"},"time":"2014-06-16T20:53:48+00:00","extra":{"branch-alias":{"dev-develop":"0.6-dev"}},"support":{"issues":"https://github.com/php-imagine/Imagine/issues","source":"https://github.com/php-imagine/Imagine/tree/v0.6.1"}},{"version":"v0.6.0","version_normalized":"0.6.0.0","source":{"url":"https://github.com/php-imagine/Imagine.git","type":"git","reference":"ff1550c270fe6116cfed778607024125e754899a"},"dist":{"url":"https://api.github.com/repos/php-imagine/Imagine/zipball/ff1550c270fe6116cfed778607024125e754899a","type":"zip","shasum":"","reference":"ff1550c270fe6116cfed778607024125e754899a"},"time":"2014-06-13T10:56:49+00:00","support":{"issues":"https://github.com/php-imagine/Imagine/issues","source":"https://github.com/php-imagine/Imagine/tree/v0.6.0"}},{"version":"v0.5.0","version_normalized":"0.5.0.0","source":{"url":"https://github.com/php-imagine/Imagine.git","type":"git","reference":"f64ec666baaa800edcbf237db41121a569230709"},"dist":{"url":"https://api.github.com/repos/php-imagine/Imagine/zipball/f64ec666baaa800edcbf237db41121a569230709","type":"zip","shasum":"","reference":"f64ec666baaa800edcbf237db41121a569230709"},"time":"2013-07-10T17:25:36+00:00","support":{"issues":"https://github.com/php-imagine/Imagine/issues","source":"https://github.com/php-imagine/Imagine/tree/v0.5.0"},"extra":"__unset"},{"version":"v0.4.1","version_normalized":"0.4.1.0","source":{"url":"https://github.com/php-imagine/Imagine.git","type":"git","reference":"9d644b6940a7b30a4c9de1873b625e6a686533be"},"dist":{"url":"https://api.github.com/repos/php-imagine/Imagine/zipball/9d644b6940a7b30a4c9de1873b625e6a686533be","type":"zip","shasum":"","reference":"9d644b6940a7b30a4c9de1873b625e6a686533be"},"time":"2012-12-13T18:31:18+00:00","support":{"issues":"https://github.com/php-imagine/Imagine/issues","source":"https://github.com/php-imagine/Imagine/tree/v0.4.1"},"suggest":"__unset"},{"version":"v0.4.0","version_normalized":"0.4.0.0","source":{"url":"https://github.com/php-imagine/Imagine.git","type":"git","reference":"6ffcf252afd810b5460181775dfa222c1469b944"},"dist":{"url":"https://api.github.com/repos/php-imagine/Imagine/zipball/6ffcf252afd810b5460181775dfa222c1469b944","type":"zip","shasum":"","reference":"6ffcf252afd810b5460181775dfa222c1469b944"},"time":"2012-12-07T16:46:12+00:00","support":{"issues":"https://github.com/php-imagine/Imagine/issues","source":"https://github.com/php-imagine/Imagine/tree/v0.4.0"}},{"version":"v0.3.1","version_normalized":"0.3.1.0","source":{"url":"https://github.com/php-imagine/Imagine.git","type":"git","reference":"a1e5a7e58f43fc2eb6cf4f64e5ad8685dc5197ad"},"dist":{"url":"https://api.github.com/repos/php-imagine/Imagine/zipball/a1e5a7e58f43fc2eb6cf4f64e5ad8685dc5197ad","type":"zip","shasum":"","reference":"a1e5a7e58f43fc2eb6cf4f64e5ad8685dc5197ad"},"time":"2012-11-12T21:16:43+00:00","support":{"issues":"https://github.com/php-imagine/Imagine/issues","source":"https://github.com/php-imagine/Imagine/tree/v0.3.1"}},{"version":"v0.3.0","version_normalized":"0.3.0.0","source":{"url":"https://github.com/php-imagine/Imagine.git","type":"git","reference":"90206e28755357b06ff95c0f487cc3f647d46d61"},"dist":{"url":"https://api.github.com/repos/php-imagine/Imagine/zipball/90206e28755357b06ff95c0f487cc3f647d46d61","type":"zip","shasum":"","reference":"90206e28755357b06ff95c0f487cc3f647d46d61"},"time":"2012-07-29T00:35:18+00:00","support":{"issues":"https://github.com/php-imagine/Imagine/issues","source":"https://github.com/php-imagine/Imagine/tree/v0.3.0"}},{"version":"v0.2.8","version_normalized":"0.2.8.0","source":{"url":"https://github.com/php-imagine/Imagine.git","type":"git","reference":"9544ec40b628ca3a1ddbe57f79ed02f6bd2b2b8b"},"dist":{"url":"https://api.github.com/repos/php-imagine/Imagine/zipball/9544ec40b628ca3a1ddbe57f79ed02f6bd2b2b8b","type":"zip","shasum":"","reference":"9544ec40b628ca3a1ddbe57f79ed02f6bd2b2b8b"},"time":"2011-11-30T07:38:41+00:00","support":{"issues":"https://github.com/php-imagine/Imagine/issues","source":"https://github.com/php-imagine/Imagine/tree/v0.2.8"},"require-dev":"__unset"},{"version":"v0.2.7","version_normalized":"0.2.7.0","source":{"url":"https://github.com/php-imagine/Imagine.git","type":"git","reference":"bb783ac8b38ee720a9704c7be573e3291b142ec8"},"dist":{"url":"https://api.github.com/repos/php-imagine/Imagine/zipball/bb783ac8b38ee720a9704c7be573e3291b142ec8","type":"zip","shasum":"","reference":"bb783ac8b38ee720a9704c7be573e3291b142ec8"},"time":"2011-11-18T07:25:48+00:00","support":{"issues":"https://github.com/php-imagine/Imagine/issues","source":"https://github.com/php-imagine/Imagine/tree/v0.2.7"}},{"version":"v0.2.6","version_normalized":"0.2.6.0","source":{"url":"https://github.com/php-imagine/Imagine.git","type":"git","reference":"08d31ead58ed6fbaf852a7682de063ffb6b56f16"},"dist":{"url":"https://api.github.com/repos/php-imagine/Imagine/zipball/08d31ead58ed6fbaf852a7682de063ffb6b56f16","type":"zip","shasum":"","reference":"08d31ead58ed6fbaf852a7682de063ffb6b56f16"},"time":"2011-11-09T18:46:09+00:00","support":{"issues":"https://github.com/php-imagine/Imagine/issues","source":"https://github.com/php-imagine/Imagine/tree/v0.2.6"},"autoload":"__unset"},{"version":"0.2.5","version_normalized":"0.2.5.0","source":{"url":"https://github.com/php-imagine/Imagine.git","type":"git","reference":"f04ec133cb80e29b47069bc682e8136fd49d58c7"},"dist":{"url":"https://api.github.com/repos/php-imagine/Imagine/zipball/f04ec133cb80e29b47069bc682e8136fd49d58c7","type":"zip","shasum":"","reference":"f04ec133cb80e29b47069bc682e8136fd49d58c7"},"time":"2011-10-29T09:12:30+00:00","support":{"issues":"https://github.com/php-imagine/Imagine/issues","source":"https://github.com/php-imagine/Imagine/tree/v0.2.5"}},{"version":"0.2.4","version_normalized":"0.2.4.0","source":{"url":"https://github.com/php-imagine/Imagine.git","type":"git","reference":"28492cb73ebb73237adfa31bbec981a2dbe267bc"},"dist":{"url":"https://api.github.com/repos/php-imagine/Imagine/zipball/28492cb73ebb73237adfa31bbec981a2dbe267bc","type":"zip","shasum":"","reference":"28492cb73ebb73237adfa31bbec981a2dbe267bc"},"time":"2011-10-28T07:43:59+00:00","require":{"php":">=5.3.0"},"support":{"issues":"https://github.com/php-imagine/Imagine/issues","source":"https://github.com/php-imagine/Imagine/tree/v0.2.4"}},{"version":"0.2.3","version_normalized":"0.2.3.0","source":{"url":"https://github.com/php-imagine/Imagine.git","type":"git","reference":"483eabbf58360ee8c44f212783ffc494117d9f1b"},"dist":{"url":"https://api.github.com/repos/php-imagine/Imagine/zipball/483eabbf58360ee8c44f212783ffc494117d9f1b","type":"zip","shasum":"","reference":"483eabbf58360ee8c44f212783ffc494117d9f1b"},"time":"2011-10-17T04:43:27+00:00","support":{"issues":"https://github.com/php-imagine/Imagine/issues","source":"https://github.com/php-imagine/Imagine/tree/v0.2.3"}},{"version":"0.2.1","version_normalized":"0.2.1.0","source":{"url":"https://github.com/php-imagine/Imagine.git","type":"git","reference":"1140fa32e70a97817d2c0a7ca6a60c3da1cb5de7"},"dist":{"url":"https://api.github.com/repos/php-imagine/Imagine/zipball/1140fa32e70a97817d2c0a7ca6a60c3da1cb5de7","type":"zip","shasum":"","reference":"1140fa32e70a97817d2c0a7ca6a60c3da1cb5de7"},"time":"2011-10-16T01:49:44+00:00","support":{"issues":"https://github.com/php-imagine/Imagine/issues","source":"https://github.com/php-imagine/Imagine/tree/v0.2.1"}},{"version":"0.2.0","version_normalized":"0.2.0.0","source":{"url":"https://github.com/php-imagine/Imagine.git","type":"git","reference":"05fc0f5222b116daf653d70285c1d077db2e22e2"},"dist":{"url":"https://api.github.com/repos/php-imagine/Imagine/zipball/05fc0f5222b116daf653d70285c1d077db2e22e2","type":"zip","shasum":"","reference":"05fc0f5222b116daf653d70285c1d077db2e22e2"},"time":"2011-10-06T21:01:47+00:00","support":{"issues":"https://github.com/php-imagine/Imagine/issues","source":"https://github.com/php-imagine/Imagine/tree/v0.2.0"}}]},"security-advisories":[],"last-modified":"Fri, 01 Jul 2022 00:13:46 GMT"}