{"minified":"composer/2.0","packages":{"google/auth":[{"name":"google/auth","description":"Google Auth Library for PHP","keywords":["Authentication","oauth2","google"],"homepage":"http://github.com/google/google-auth-library-php","version":"v1.22.0","version_normalized":"1.22.0.0","license":["Apache-2.0"],"authors":[],"source":{"url":"https://github.com/googleapis/google-auth-library-php.git","type":"git","reference":"da4037df770027c8f7163595a29ec434f705f8b1"},"dist":{"url":"https://api.github.com/repos/googleapis/google-auth-library-php/zipball/da4037df770027c8f7163595a29ec434f705f8b1","type":"zip","shasum":"","reference":"da4037df770027c8f7163595a29ec434f705f8b1"},"type":"library","time":"2022-09-01T17:07:07+00:00","autoload":{"psr-4":{"Google\\Auth\\":"src"}},"require":{"php":"^7.1||^8.0","firebase/php-jwt":"^5.5||^6.0","guzzlehttp/guzzle":"^6.2.1|^7.0","guzzlehttp/psr7":"^1.7|^2.0","psr/http-message":"^1.0","psr/cache":"^1.0|^2.0|^3.0"},"require-dev":{"guzzlehttp/promises":"0.1.1|^1.3","squizlabs/php_codesniffer":"^3.5","phpunit/phpunit":"^7.5||^8.5","phpspec/prophecy-phpunit":"^1.1","sebastian/comparator":">=1.2.3","phpseclib/phpseclib":"^2.0.31","kelvinmo/simplejwt":"^0.2.5|^0.5.1"},"suggest":{"phpseclib/phpseclib":"May be used in place of OpenSSL for signing strings or for token management. Please require version ^2."},"support":{"docs":"https://googleapis.github.io/google-auth-library-php/main/","issues":"https://github.com/googleapis/google-auth-library-php/issues","source":"https://github.com/googleapis/google-auth-library-php/tree/v1.22.0"}},{"version":"v1.21.1","version_normalized":"1.21.1.0","source":{"url":"https://github.com/googleapis/google-auth-library-php.git","type":"git","reference":"aa3b9ca29258ac6347ce3c8937a2418c5d78f840"},"dist":{"url":"https://api.github.com/repos/googleapis/google-auth-library-php/zipball/aa3b9ca29258ac6347ce3c8937a2418c5d78f840","type":"zip","shasum":"","reference":"aa3b9ca29258ac6347ce3c8937a2418c5d78f840"},"time":"2022-05-16T19:34:15+00:00","support":{"docs":"https://googleapis.github.io/google-auth-library-php/main/","issues":"https://github.com/googleapis/google-auth-library-php/issues","source":"https://github.com/googleapis/google-auth-library-php/tree/v1.21.1"}},{"version":"v1.21.0","version_normalized":"1.21.0.0","source":{"url":"https://github.com/googleapis/google-auth-library-php.git","type":"git","reference":"73392bad2eb6852eea9084b6bbdec752515cb849"},"dist":{"url":"https://api.github.com/repos/googleapis/google-auth-library-php/zipball/73392bad2eb6852eea9084b6bbdec752515cb849","type":"zip","shasum":"","reference":"73392bad2eb6852eea9084b6bbdec752515cb849"},"time":"2022-04-13T20:35:52+00:00","support":{"docs":"https://googleapis.github.io/google-auth-library-php/main/","issues":"https://github.com/googleapis/google-auth-library-php/issues","source":"https://github.com/googleapis/google-auth-library-php/tree/v1.21.0"}},{"version":"v1.20.1","version_normalized":"1.20.1.0","source":{"url":"https://github.com/googleapis/google-auth-library-php.git","type":"git","reference":"3a1a5c5b5a3006b3d05256d5df7066f37252112c"},"dist":{"url":"https://api.github.com/repos/googleapis/google-auth-library-php/zipball/3a1a5c5b5a3006b3d05256d5df7066f37252112c","type":"zip","shasum":"","reference":"3a1a5c5b5a3006b3d05256d5df7066f37252112c"},"time":"2022-04-12T15:24:52+00:00","require":{"php":"^7.1||^8.0","firebase/php-jwt":"~5.0","guzzlehttp/guzzle":"^6.2.1|^7.0","guzzlehttp/psr7":"^1.7|^2.0","psr/http-message":"^1.0","psr/cache":"^1.0|^2.0|^3.0"},"support":{"docs":"https://googleapis.github.io/google-auth-library-php/main/","issues":"https://github.com/googleapis/google-auth-library-php/issues","source":"https://github.com/googleapis/google-auth-library-php/tree/v1.20.1"}},{"version":"v1.20.0","version_normalized":"1.20.0.0","source":{"url":"https://github.com/googleapis/google-auth-library-php.git","type":"git","reference":"321e5b6b993a3c09291f732cb5f9c899000b82b9"},"dist":{"url":"https://api.github.com/repos/googleapis/google-auth-library-php/zipball/321e5b6b993a3c09291f732cb5f9c899000b82b9","type":"zip","shasum":"","reference":"321e5b6b993a3c09291f732cb5f9c899000b82b9"},"time":"2022-04-11T19:01:15+00:00","support":{"docs":"https://googleapis.github.io/google-auth-library-php/main/","issues":"https://github.com/googleapis/google-auth-library-php/issues","source":"https://github.com/googleapis/google-auth-library-php/tree/v1.20.0"}},{"version":"v1.19.0","version_normalized":"1.19.0.0","source":{"url":"https://github.com/googleapis/google-auth-library-php.git","type":"git","reference":"31e5d24d5fa0eaf6adc7e596292dc4732f4b60c5"},"dist":{"url":"https://api.github.com/repos/googleapis/google-auth-library-php/zipball/31e5d24d5fa0eaf6adc7e596292dc4732f4b60c5","type":"zip","shasum":"","reference":"31e5d24d5fa0eaf6adc7e596292dc4732f4b60c5"},"time":"2022-03-24T21:22:45+00:00","require":{"php":">=5.6","firebase/php-jwt":"~5.0","guzzlehttp/guzzle":"^6.2.1|^7.0","guzzlehttp/psr7":"^1.7|^2.0","psr/http-message":"^1.0","psr/cache":"^1.0|^2.0"},"require-dev":{"guzzlehttp/promises":"0.1.1|^1.3","squizlabs/php_codesniffer":"^3.5","phpunit/phpunit":"^5.7||^8.5.13","phpspec/prophecy-phpunit":"^1.1","sebastian/comparator":">=1.2.3","phpseclib/phpseclib":"^2.0.31","kelvinmo/simplejwt":"^0.2.5|^0.5.1"},"support":{"docs":"https://googleapis.github.io/google-auth-library-php/main/","issues":"https://github.com/googleapis/google-auth-library-php/issues","source":"https://github.com/googleapis/google-auth-library-php/tree/v1.19.0"}},{"version":"v1.18.0","version_normalized":"1.18.0.0","source":{"url":"https://github.com/googleapis/google-auth-library-php.git","type":"git","reference":"21dd478e77b0634ed9e3a68613f74ed250ca9347"},"dist":{"url":"https://api.github.com/repos/googleapis/google-auth-library-php/zipball/21dd478e77b0634ed9e3a68613f74ed250ca9347","type":"zip","shasum":"","reference":"21dd478e77b0634ed9e3a68613f74ed250ca9347"},"time":"2021-08-24T18:03:18+00:00","require":{"php":">=5.4","firebase/php-jwt":"~2.0|~3.0|~4.0|~5.0","guzzlehttp/guzzle":"^5.3.1|^6.2.1|^7.0","guzzlehttp/psr7":"^1.7|^2.0","psr/http-message":"^1.0","psr/cache":"^1.0|^2.0"},"require-dev":{"guzzlehttp/promises":"0.1.1|^1.3","phpunit/phpunit":"^4.8.36|^5.7","sebastian/comparator":">=1.2.3","phpseclib/phpseclib":"^2.0.31","kelvinmo/simplejwt":"^0.2.5|^0.5.1"},"support":{"docs":"https://googleapis.github.io/google-auth-library-php/master/","issues":"https://github.com/googleapis/google-auth-library-php/issues","source":"https://github.com/googleapis/google-auth-library-php/tree/v1.18.0"}},{"version":"v1.17.0","version_normalized":"1.17.0.0","source":{"url":"https://github.com/googleapis/google-auth-library-php.git","type":"git","reference":"4da3a850e9d1045918099b6561165d829efbe2b7"},"dist":{"url":"https://api.github.com/repos/googleapis/google-auth-library-php/zipball/4da3a850e9d1045918099b6561165d829efbe2b7","type":"zip","shasum":"","reference":"4da3a850e9d1045918099b6561165d829efbe2b7"},"time":"2021-08-18T16:10:00+00:00","require":{"php":">=5.4","firebase/php-jwt":"~2.0|~3.0|~4.0|~5.0","guzzlehttp/guzzle":"^5.3.1|^6.2.1|^7.0","guzzlehttp/psr7":"^1.2","psr/http-message":"^1.0","psr/cache":"^1.0|^2.0"},"support":{"docs":"https://googleapis.github.io/google-auth-library-php/master/","issues":"https://github.com/googleapis/google-auth-library-php/issues","source":"https://github.com/googleapis/google-auth-library-php/tree/v1.17.0"}},{"version":"v1.16.0","version_normalized":"1.16.0.0","source":{"url":"https://github.com/googleapis/google-auth-library-php.git","type":"git","reference":"c747738d2dd450f541f09f26510198fbedd1c8a0"},"dist":{"url":"https://api.github.com/repos/googleapis/google-auth-library-php/zipball/c747738d2dd450f541f09f26510198fbedd1c8a0","type":"zip","shasum":"","reference":"c747738d2dd450f541f09f26510198fbedd1c8a0"},"time":"2021-06-22T18:06:03+00:00","require-dev":{"guzzlehttp/promises":"0.1.1|^1.3","squizlabs/php_codesniffer":"^3.5","phpunit/phpunit":"^4.8.36|^5.7","sebastian/comparator":">=1.2.3","phpseclib/phpseclib":"^2.0.31","kelvinmo/simplejwt":"^0.2.5|^0.5.1"},"support":{"docs":"https://googleapis.github.io/google-auth-library-php/master/","issues":"https://github.com/googleapis/google-auth-library-php/issues","source":"https://github.com/googleapis/google-auth-library-php/tree/v1.16.0"}},{"version":"v1.15.2","version_normalized":"1.15.2.0","source":{"url":"https://github.com/googleapis/google-auth-library-php.git","type":"git","reference":"b0aa5884010363a10bfeefcd7fedfb6896043b6c"},"dist":{"url":"https://api.github.com/repos/googleapis/google-auth-library-php/zipball/b0aa5884010363a10bfeefcd7fedfb6896043b6c","type":"zip","shasum":"","reference":"b0aa5884010363a10bfeefcd7fedfb6896043b6c"},"time":"2021-06-22T17:43:46+00:00","require":{"php":">=5.4","firebase/php-jwt":"~2.0|~3.0|~4.0|~5.0","guzzlehttp/guzzle":"^5.3.1|^6.2.1|^7.0","guzzlehttp/psr7":"^1.2","psr/http-message":"^1.0","psr/cache":"^1.0"},"support":{"docs":"https://googleapis.github.io/google-auth-library-php/master/","issues":"https://github.com/googleapis/google-auth-library-php/issues","source":"https://github.com/googleapis/google-auth-library-php/tree/v1.15.2"}},{"version":"v1.15.1","version_normalized":"1.15.1.0","source":{"url":"https://github.com/googleapis/google-auth-library-php.git","type":"git","reference":"4e0c9367719df9703e96f5ad613041b87742471c"},"dist":{"url":"https://api.github.com/repos/googleapis/google-auth-library-php/zipball/4e0c9367719df9703e96f5ad613041b87742471c","type":"zip","shasum":"","reference":"4e0c9367719df9703e96f5ad613041b87742471c"},"time":"2021-04-21T17:42:05+00:00","support":{"docs":"https://googleapis.github.io/google-auth-library-php/master/","issues":"https://github.com/googleapis/google-auth-library-php/issues","source":"https://github.com/googleapis/google-auth-library-php/tree/v1.15.1"}},{"version":"v1.15.0","version_normalized":"1.15.0.0","source":{"url":"https://github.com/googleapis/google-auth-library-php.git","type":"git","reference":"b346c07de6613e26443d7b4830e5e1933b830dc4"},"dist":{"url":"https://api.github.com/repos/googleapis/google-auth-library-php/zipball/b346c07de6613e26443d7b4830e5e1933b830dc4","type":"zip","shasum":"","reference":"b346c07de6613e26443d7b4830e5e1933b830dc4"},"time":"2021-02-05T20:50:04+00:00","require-dev":{"guzzlehttp/promises":"0.1.1|^1.3","squizlabs/php_codesniffer":"^3.5","phpunit/phpunit":"^4.8.36|^5.7","sebastian/comparator":">=1.2.3","phpseclib/phpseclib":"^2","kelvinmo/simplejwt":"^0.2.5|^0.5.1"},"support":{"docs":"https://googleapis.github.io/google-auth-library-php/master/","issues":"https://github.com/googleapis/google-auth-library-php/issues","source":"https://github.com/googleapis/google-auth-library-php/tree/v1.15.0"}},{"version":"v1.14.3","version_normalized":"1.14.3.0","source":{"url":"https://github.com/googleapis/google-auth-library-php.git","type":"git","reference":"c1503299c779af0cbc99b43788f75930988852cf"},"dist":{"url":"https://api.github.com/repos/googleapis/google-auth-library-php/zipball/c1503299c779af0cbc99b43788f75930988852cf","type":"zip","shasum":"","reference":"c1503299c779af0cbc99b43788f75930988852cf"},"time":"2020-10-16T21:33:48+00:00","require-dev":{"guzzlehttp/promises":"0.1.1|^1.3","squizlabs/php_codesniffer":"^3.5","phpunit/phpunit":"^4.8.36|^5.7","sebastian/comparator":">=1.2.3","phpseclib/phpseclib":"^2","kelvinmo/simplejwt":"^0.2.5"},"support":{"docs":"https://googleapis.github.io/google-auth-library-php/master/","issues":"https://github.com/googleapis/google-auth-library-php/issues","source":"https://github.com/googleapis/google-auth-library-php/tree/v1.14.3"}},{"version":"v1.14.2","version_normalized":"1.14.2.0","source":{"url":"https://github.com/googleapis/google-auth-library-php.git","type":"git","reference":"9d82b20a07ca560a5075e24ca8ac5721bc8c961d"},"dist":{"url":"https://api.github.com/repos/googleapis/google-auth-library-php/zipball/9d82b20a07ca560a5075e24ca8ac5721bc8c961d","type":"zip","shasum":"","reference":"9d82b20a07ca560a5075e24ca8ac5721bc8c961d"},"time":"2020-10-14T16:58:18+00:00","support":{"docs":"https://googleapis.github.io/google-auth-library-php/master/","issues":"https://github.com/googleapis/google-auth-library-php/issues","source":"https://github.com/googleapis/google-auth-library-php/tree/v1.14.2"}},{"version":"v1.14.1","version_normalized":"1.14.1.0","source":{"url":"https://github.com/googleapis/google-auth-library-php.git","type":"git","reference":"2df57c61c2fd739a15a81f792b1ccedc3e06d2b6"},"dist":{"url":"https://api.github.com/repos/googleapis/google-auth-library-php/zipball/2df57c61c2fd739a15a81f792b1ccedc3e06d2b6","type":"zip","shasum":"","reference":"2df57c61c2fd739a15a81f792b1ccedc3e06d2b6"},"time":"2020-10-06T18:10:43+00:00","support":{"docs":"https://googleapis.github.io/google-auth-library-php/master/","issues":"https://github.com/googleapis/google-auth-library-php/issues","source":"https://github.com/googleapis/google-auth-library-php/tree/v1.14.1"}},{"version":"v1.14.0","version_normalized":"1.14.0.0","source":{"url":"https://github.com/googleapis/google-auth-library-php.git","type":"git","reference":"95c23ebd89a0a4d1b511aed81426f57388ab7268"},"dist":{"url":"https://api.github.com/repos/googleapis/google-auth-library-php/zipball/95c23ebd89a0a4d1b511aed81426f57388ab7268","type":"zip","shasum":"","reference":"95c23ebd89a0a4d1b511aed81426f57388ab7268"},"time":"2020-10-02T22:20:36+00:00","support":{"docs":"https://googleapis.github.io/google-auth-library-php/master/","issues":"https://github.com/googleapis/google-auth-library-php/issues","source":"https://github.com/googleapis/google-auth-library-php/tree/v1.14.0"}},{"version":"v1.13.0","version_normalized":"1.13.0.0","source":{"url":"https://github.com/googleapis/google-auth-library-php.git","type":"git","reference":"173191f5defd1d9ae8bdfc28da31b63eb73dd34e"},"dist":{"url":"https://api.github.com/repos/googleapis/google-auth-library-php/zipball/173191f5defd1d9ae8bdfc28da31b63eb73dd34e","type":"zip","shasum":"","reference":"173191f5defd1d9ae8bdfc28da31b63eb73dd34e"},"time":"2020-09-18T20:03:05+00:00","support":{"docs":"https://googleapis.github.io/google-auth-library-php/master/","issues":"https://github.com/googleapis/google-auth-library-php/issues","source":"https://github.com/googleapis/google-auth-library-php/tree/v1.13.0"}},{"version":"v1.12.1","version_normalized":"1.12.1.0","source":{"url":"https://github.com/googleapis/google-auth-library-php.git","type":"git","reference":"3a1a5c5b5a3006b3d05256d5df7066f37252112c"},"dist":{"url":"https://api.github.com/repos/googleapis/google-auth-library-php/zipball/3a1a5c5b5a3006b3d05256d5df7066f37252112c","type":"zip","shasum":"","reference":"3a1a5c5b5a3006b3d05256d5df7066f37252112c"},"time":"2022-04-12T15:24:52+00:00","require":{"php":"^7.1||^8.0","firebase/php-jwt":"~5.0","guzzlehttp/guzzle":"^6.2.1|^7.0","guzzlehttp/psr7":"^1.7|^2.0","psr/http-message":"^1.0","psr/cache":"^1.0|^2.0|^3.0"},"require-dev":{"guzzlehttp/promises":"0.1.1|^1.3","squizlabs/php_codesniffer":"^3.5","phpunit/phpunit":"^7.5||^8.5","phpspec/prophecy-phpunit":"^1.1","sebastian/comparator":">=1.2.3","phpseclib/phpseclib":"^2.0.31","kelvinmo/simplejwt":"^0.2.5|^0.5.1"},"support":{"docs":"https://googleapis.github.io/google-auth-library-php/main/","issues":"https://github.com/googleapis/google-auth-library-php/issues","source":"https://github.com/googleapis/google-auth-library-php/tree/v1.12.1"}},{"version":"v1.12.0","version_normalized":"1.12.0.0","source":{"url":"https://github.com/googleapis/google-auth-library-php.git","type":"git","reference":"74cad289014f7ef747618480f6b59f6303357f34"},"dist":{"url":"https://api.github.com/repos/googleapis/google-auth-library-php/zipball/74cad289014f7ef747618480f6b59f6303357f34","type":"zip","shasum":"","reference":"74cad289014f7ef747618480f6b59f6303357f34"},"time":"2020-09-08T16:33:56+00:00","require":{"php":">=5.4","firebase/php-jwt":"~2.0|~3.0|~4.0|~5.0","guzzlehttp/guzzle":"^5.3.1|^6.2.1|^7.0","guzzlehttp/psr7":"^1.2","psr/http-message":"^1.0","psr/cache":"^1.0"},"require-dev":{"guzzlehttp/promises":"0.1.1|^1.3","squizlabs/php_codesniffer":"^3.5","phpunit/phpunit":"^4.8.36|^5.7","sebastian/comparator":">=1.2.3","phpseclib/phpseclib":"^2","kelvinmo/simplejwt":"^0.2.5"},"support":{"docs":"https://googleapis.github.io/google-auth-library-php/master/","issues":"https://github.com/googleapis/google-auth-library-php/issues","source":"https://github.com/googleapis/google-auth-library-php/tree/master"}},{"version":"v1.11.1","version_normalized":"1.11.1.0","source":{"url":"https://github.com/googleapis/google-auth-library-php.git","type":"git","reference":"bb959e91bd8ffbd352ab76cbf11d656ce6435088"},"dist":{"url":"https://api.github.com/repos/googleapis/google-auth-library-php/zipball/bb959e91bd8ffbd352ab76cbf11d656ce6435088","type":"zip","shasum":"","reference":"bb959e91bd8ffbd352ab76cbf11d656ce6435088"},"time":"2020-07-27T18:33:35+00:00"},{"version":"v1.11.0","version_normalized":"1.11.0.0","source":{"url":"https://github.com/googleapis/google-auth-library-php.git","type":"git","reference":"f6752236dbb2d641d50dffee789e553e2fda129d"},"dist":{"url":"https://api.github.com/repos/googleapis/google-auth-library-php/zipball/f6752236dbb2d641d50dffee789e553e2fda129d","type":"zip","shasum":"","reference":"f6752236dbb2d641d50dffee789e553e2fda129d"},"time":"2020-07-22T18:24:05+00:00","support":{"issues":"https://github.com/googleapis/google-auth-library-php/issues","source":"https://github.com/googleapis/google-auth-library-php/tree/master"}},{"version":"v1.10.0","version_normalized":"1.10.0.0","source":{"url":"https://github.com/googleapis/google-auth-library-php.git","type":"git","reference":"077d6ae98d550161d3b2a0ba283bdce785c74d85"},"dist":{"url":"https://api.github.com/repos/googleapis/google-auth-library-php/zipball/077d6ae98d550161d3b2a0ba283bdce785c74d85","type":"zip","shasum":"","reference":"077d6ae98d550161d3b2a0ba283bdce785c74d85"},"time":"2020-07-08T19:11:36+00:00","support":{"issues":"https://github.com/googleapis/google-auth-library-php/issues","source":"https://github.com/googleapis/google-auth-library-php/tree/v1.10.0"}},{"version":"v1.9.0","version_normalized":"1.9.0.0","source":{"url":"https://github.com/googleapis/google-auth-library-php.git","type":"git","reference":"af4abf63988b8c74f589bee1e69ba310d3e43c6c"},"dist":{"url":"https://api.github.com/repos/googleapis/google-auth-library-php/zipball/af4abf63988b8c74f589bee1e69ba310d3e43c6c","type":"zip","shasum":"","reference":"af4abf63988b8c74f589bee1e69ba310d3e43c6c"},"time":"2020-05-18T17:02:59+00:00","require":{"php":">=5.4","firebase/php-jwt":"~2.0|~3.0|~4.0|~5.0","guzzlehttp/guzzle":"~5.3.1|~6.0","guzzlehttp/psr7":"^1.2","psr/http-message":"^1.0","psr/cache":"^1.0"},"support":{"issues":"https://github.com/googleapis/google-auth-library-php/issues","source":"https://github.com/googleapis/google-auth-library-php/tree/v1.9.0"}},{"version":"v1.8.0","version_normalized":"1.8.0.0","source":{"url":"https://github.com/googleapis/google-auth-library-php.git","type":"git","reference":"c7b295feb248f138f462a1e6b7d635e4244204c5"},"dist":{"url":"https://api.github.com/repos/googleapis/google-auth-library-php/zipball/c7b295feb248f138f462a1e6b7d635e4244204c5","type":"zip","shasum":"","reference":"c7b295feb248f138f462a1e6b7d635e4244204c5"},"time":"2020-03-26T19:47:36+00:00","require-dev":{"guzzlehttp/promises":"0.1.1|^1.3","friendsofphp/php-cs-fixer":"^1.11","phpunit/phpunit":"^4.8.36|^5.7","sebastian/comparator":">=1.2.3","phpseclib/phpseclib":"^2","kelvinmo/simplejwt":"^0.2.5"},"support":{"issues":"https://github.com/googleapis/google-auth-library-php/issues","source":"https://github.com/googleapis/google-auth-library-php/tree/v1.8.0"}},{"version":"v1.7.1","version_normalized":"1.7.1.0","source":{"url":"https://github.com/googleapis/google-auth-library-php.git","type":"git","reference":"39e243a7d8320b1889ab8bb4cd6f98f7af83c582"},"dist":{"url":"https://api.github.com/repos/googleapis/google-auth-library-php/zipball/39e243a7d8320b1889ab8bb4cd6f98f7af83c582","type":"zip","shasum":"","reference":"39e243a7d8320b1889ab8bb4cd6f98f7af83c582"},"time":"2020-02-12T20:54:50+00:00","support":{"issues":"https://github.com/googleapis/google-auth-library-php/issues","source":"https://github.com/googleapis/google-auth-library-php/tree/v1.7.1"}},{"version":"v1.7.0","version_normalized":"1.7.0.0","source":{"url":"https://github.com/googleapis/google-auth-library-php.git","type":"git","reference":"e687f40eafe60f4622fa1bdb9244f9bfb835e0a9"},"dist":{"url":"https://api.github.com/repos/googleapis/google-auth-library-php/zipball/e687f40eafe60f4622fa1bdb9244f9bfb835e0a9","type":"zip","shasum":"","reference":"e687f40eafe60f4622fa1bdb9244f9bfb835e0a9"},"time":"2020-02-11T17:45:21+00:00","support":{"issues":"https://github.com/googleapis/google-auth-library-php/issues","source":"https://github.com/googleapis/google-auth-library-php/tree/v1.7.0"}},{"version":"v1.6.1","version_normalized":"1.6.1.0","source":{"url":"https://github.com/googleapis/google-auth-library-php.git","type":"git","reference":"45635ac69d0b95f38885531d4ebcdfcb2ebb6f36"},"dist":{"url":"https://api.github.com/repos/googleapis/google-auth-library-php/zipball/45635ac69d0b95f38885531d4ebcdfcb2ebb6f36","type":"zip","shasum":"","reference":"45635ac69d0b95f38885531d4ebcdfcb2ebb6f36"},"time":"2019-10-29T20:13:04+00:00","require-dev":{"guzzlehttp/promises":"0.1.1|^1.3","friendsofphp/php-cs-fixer":"^1.11","phpunit/phpunit":"^4.8.36|^5.7","sebastian/comparator":">=1.2.3","phpseclib/phpseclib":"^2"},"support":{"issues":"https://github.com/googleapis/google-auth-library-php/issues","source":"https://github.com/googleapis/google-auth-library-php/tree/v1.6.1"}},{"version":"v1.6.0","version_normalized":"1.6.0.0","source":{"url":"https://github.com/googleapis/google-auth-library-php.git","type":"git","reference":"6d5455b4c0f4a58b1f1b4bdf2ba49221123698b3"},"dist":{"url":"https://api.github.com/repos/googleapis/google-auth-library-php/zipball/6d5455b4c0f4a58b1f1b4bdf2ba49221123698b3","type":"zip","shasum":"","reference":"6d5455b4c0f4a58b1f1b4bdf2ba49221123698b3"},"time":"2019-10-01T18:35:05+00:00","support":{"issues":"https://github.com/googleapis/google-auth-library-php/issues","source":"https://github.com/googleapis/google-auth-library-php/tree/v1.6.0"}},{"version":"v1.5.2","version_normalized":"1.5.2.0","source":{"url":"https://github.com/googleapis/google-auth-library-php.git","type":"git","reference":"2ee962e5df3e9427fda859f1b0515d6d62c4afa5"},"dist":{"url":"https://api.github.com/repos/googleapis/google-auth-library-php/zipball/2ee962e5df3e9427fda859f1b0515d6d62c4afa5","type":"zip","shasum":"","reference":"2ee962e5df3e9427fda859f1b0515d6d62c4afa5"},"time":"2019-07-22T21:01:31+00:00","suggest":{"phpseclib/phpseclib":"May be used in place of OpenSSL for signing strings. Please require version ^2."},"support":{"issues":"https://github.com/googleapis/google-auth-library-php/issues","source":"https://github.com/googleapis/google-auth-library-php/tree/v1.5.2"}},{"version":"v1.5.1","version_normalized":"1.5.1.0","source":{"url":"https://github.com/googleapis/google-auth-library-php.git","type":"git","reference":"0f75e20e7392e863f5550ed2c2d3d50af21710fb"},"dist":{"url":"https://api.github.com/repos/googleapis/google-auth-library-php/zipball/0f75e20e7392e863f5550ed2c2d3d50af21710fb","type":"zip","shasum":"","reference":"0f75e20e7392e863f5550ed2c2d3d50af21710fb"},"time":"2019-04-16T18:48:28+00:00","support":{"issues":"https://github.com/googleapis/google-auth-library-php/issues","source":"https://github.com/googleapis/google-auth-library-php/tree/v1.5.1"}},{"version":"v1.5.0","version_normalized":"1.5.0.0","source":{"url":"https://github.com/googleapis/google-auth-library-php.git","type":"git","reference":"1d86371424d0352b554c4006e95c5ca9c6938647"},"dist":{"url":"https://api.github.com/repos/googleapis/google-auth-library-php/zipball/1d86371424d0352b554c4006e95c5ca9c6938647","type":"zip","shasum":"","reference":"1d86371424d0352b554c4006e95c5ca9c6938647"},"time":"2019-04-15T17:30:04+00:00","support":{"issues":"https://github.com/googleapis/google-auth-library-php/issues","source":"https://github.com/googleapis/google-auth-library-php/tree/v1.5.0"}},{"version":"v1.4.0","version_normalized":"1.4.0.0","source":{"url":"https://github.com/googleapis/google-auth-library-php.git","type":"git","reference":"196237248e636a3554a7d9e4dfddeb97f450ab5c"},"dist":{"url":"https://api.github.com/repos/googleapis/google-auth-library-php/zipball/196237248e636a3554a7d9e4dfddeb97f450ab5c","type":"zip","shasum":"","reference":"196237248e636a3554a7d9e4dfddeb97f450ab5c"},"time":"2018-09-17T20:29:21+00:00","require-dev":{"guzzlehttp/promises":"0.1.1|^1.3","friendsofphp/php-cs-fixer":"^1.11","phpunit/phpunit":"^4.8.36|^5.7","sebastian/comparator":">=1.2.3"},"support":{"issues":"https://github.com/googleapis/google-auth-library-php/issues","source":"https://github.com/googleapis/google-auth-library-php/tree/master"},"suggest":"__unset"},{"version":"v1.3.3","version_normalized":"1.3.3.0","source":{"url":"https://github.com/googleapis/google-auth-library-php.git","type":"git","reference":"af72b3f50420c801dc35cc07b1fa429ae027b847"},"dist":{"url":"https://api.github.com/repos/googleapis/google-auth-library-php/zipball/af72b3f50420c801dc35cc07b1fa429ae027b847","type":"zip","shasum":"","reference":"af72b3f50420c801dc35cc07b1fa429ae027b847"},"time":"2018-08-27T19:47:35+00:00","support":{"issues":"https://github.com/googleapis/google-auth-library-php/issues","source":"https://github.com/googleapis/google-auth-library-php/tree/v1.3.3"}},{"version":"v1.3.2","version_normalized":"1.3.2.0","source":{"url":"https://github.com/googleapis/google-auth-library-php.git","type":"git","reference":"436007a77fd2037f933d3a5c8e4c7e0c9b88a7b0"},"dist":{"url":"https://api.github.com/repos/googleapis/google-auth-library-php/zipball/436007a77fd2037f933d3a5c8e4c7e0c9b88a7b0","type":"zip","shasum":"","reference":"436007a77fd2037f933d3a5c8e4c7e0c9b88a7b0"},"time":"2018-07-23T21:44:38+00:00","support":{"issues":"https://github.com/googleapis/google-auth-library-php/issues","source":"https://github.com/googleapis/google-auth-library-php/tree/v1.3.2"}},{"version":"v1.3.1","version_normalized":"1.3.1.0","source":{"url":"https://github.com/googleapis/google-auth-library-php.git","type":"git","reference":"1af6b99470d73d61eb51e5c5265f1b51970606cf"},"dist":{"url":"https://api.github.com/repos/googleapis/google-auth-library-php/zipball/1af6b99470d73d61eb51e5c5265f1b51970606cf","type":"zip","shasum":"","reference":"1af6b99470d73d61eb51e5c5265f1b51970606cf"},"time":"2018-07-20T20:51:16+00:00","support":{"issues":"https://github.com/googleapis/google-auth-library-php/issues","source":"https://github.com/googleapis/google-auth-library-php/tree/v1.3.1"}},{"version":"v1.3.0","version_normalized":"1.3.0.0","source":{"url":"https://github.com/googleapis/google-auth-library-php.git","type":"git","reference":"8f7c96146b2c62d3f4c6bbc4b5bb8a8e396b0b71"},"dist":{"url":"https://api.github.com/repos/googleapis/google-auth-library-php/zipball/8f7c96146b2c62d3f4c6bbc4b5bb8a8e396b0b71","type":"zip","shasum":"","reference":"8f7c96146b2c62d3f4c6bbc4b5bb8a8e396b0b71"},"time":"2018-04-06T19:26:30+00:00","support":{"issues":"https://github.com/googleapis/google-auth-library-php/issues","source":"https://github.com/googleapis/google-auth-library-php/tree/v1.3.0"}},{"version":"v1.2.1","version_normalized":"1.2.1.0","source":{"url":"https://github.com/googleapis/google-auth-library-php.git","type":"git","reference":"da0062d279c9459350808a4fb63dbc08b90d6b90"},"dist":{"url":"https://api.github.com/repos/googleapis/google-auth-library-php/zipball/da0062d279c9459350808a4fb63dbc08b90d6b90","type":"zip","shasum":"","reference":"da0062d279c9459350808a4fb63dbc08b90d6b90"},"time":"2018-01-24T18:28:42+00:00","require":{"php":">=5.4","firebase/php-jwt":"~2.0|~3.0|~4.0|~5.0","guzzlehttp/guzzle":"~5.3.1|~6.0","guzzlehttp/psr7":"~1.2","psr/http-message":"^1.0","psr/cache":"^1.0"},"support":{"issues":"https://github.com/googleapis/google-auth-library-php/issues","source":"https://github.com/googleapis/google-auth-library-php/tree/v1.2.1"}},{"version":"v1.2.0","version_normalized":"1.2.0.0","source":{"url":"https://github.com/googleapis/google-auth-library-php.git","type":"git","reference":"f3fc99fd621f339ee3d4de01bd6a709ed1396116"},"dist":{"url":"https://api.github.com/repos/googleapis/google-auth-library-php/zipball/f3fc99fd621f339ee3d4de01bd6a709ed1396116","type":"zip","shasum":"","reference":"f3fc99fd621f339ee3d4de01bd6a709ed1396116"},"time":"2017-12-06T21:27:53+00:00","require-dev":{"guzzlehttp/promises":"0.1.1|^1.3","friendsofphp/php-cs-fixer":"^1.11","phpunit/phpunit":"^4.8.36","sebastian/comparator":">=1.2.3"},"support":{"issues":"https://github.com/googleapis/google-auth-library-php/issues","source":"https://github.com/googleapis/google-auth-library-php/tree/v1.2.0"}},{"version":"v1.1.0","version_normalized":"1.1.0.0","source":{"url":"https://github.com/googleapis/google-auth-library-php.git","type":"git","reference":"548d27d670f0236dc5258fa4cdde6e7b63464cfd"},"dist":{"url":"https://api.github.com/repos/googleapis/google-auth-library-php/zipball/548d27d670f0236dc5258fa4cdde6e7b63464cfd","type":"zip","shasum":"","reference":"548d27d670f0236dc5258fa4cdde6e7b63464cfd"},"time":"2017-10-10T17:01:45+00:00","require-dev":{"phpunit/phpunit":"3.7.*","friendsofphp/php-cs-fixer":"^1.11"},"support":{"issues":"https://github.com/googleapis/google-auth-library-php/issues","source":"https://github.com/googleapis/google-auth-library-php/tree/v1.1.0"}},{"version":"v1.0.1","version_normalized":"1.0.1.0","source":{"url":"https://github.com/googleapis/google-auth-library-php.git","type":"git","reference":"db8e3022a308cb0e988026d38e67b91a42b41622"},"dist":{"url":"https://api.github.com/repos/googleapis/google-auth-library-php/zipball/db8e3022a308cb0e988026d38e67b91a42b41622","type":"zip","shasum":"","reference":"db8e3022a308cb0e988026d38e67b91a42b41622"},"time":"2017-07-31T16:34:40+00:00","autoload":{"psr-4":{"Google\\Auth\\":"src"},"classmap":["src/"]},"support":{"issues":"https://github.com/googleapis/google-auth-library-php/issues","source":"https://github.com/googleapis/google-auth-library-php/tree/v1.0.1"}},{"version":"v1.0","version_normalized":"1.0.0.0","source":{"url":"https://github.com/googleapis/google-auth-library-php.git","type":"git","reference":"db77bd2de0bcc40bf50ebe851e9eed332aeaa4df"},"dist":{"url":"https://api.github.com/repos/googleapis/google-auth-library-php/zipball/db77bd2de0bcc40bf50ebe851e9eed332aeaa4df","type":"zip","shasum":"","reference":"db77bd2de0bcc40bf50ebe851e9eed332aeaa4df"},"time":"2017-06-13T18:00:07+00:00","require":{"php":">=5.4","firebase/php-jwt":"~2.0|~3.0|~4.0","guzzlehttp/guzzle":"~5.3.1|~6.0","guzzlehttp/psr7":"~1.2","psr/http-message":"^1.0","psr/cache":"^1.0"},"support":{"issues":"https://github.com/googleapis/google-auth-library-php/issues","source":"https://github.com/googleapis/google-auth-library-php/tree/v1.0"}},{"version":"v0.11.1","version_normalized":"0.11.1.0","source":{"url":"https://github.com/googleapis/google-auth-library-php.git","type":"git","reference":"a240674b08a09949fd5597f7590b3ed83663a12d"},"dist":{"url":"https://api.github.com/repos/googleapis/google-auth-library-php/zipball/a240674b08a09949fd5597f7590b3ed83663a12d","type":"zip","shasum":"","reference":"a240674b08a09949fd5597f7590b3ed83663a12d"},"time":"2016-11-02T14:59:14+00:00","require":{"php":">=5.4","firebase/php-jwt":"~2.0|~3.0|~4.0","guzzlehttp/guzzle":"~5.3|~6.0","guzzlehttp/psr7":"~1.2","psr/http-message":"^1.0","psr/cache":"^1.0"},"support":{"issues":"https://github.com/googleapis/google-auth-library-php/issues","source":"https://github.com/googleapis/google-auth-library-php/tree/v0.11.1"}},{"version":"v0.11.0","version_normalized":"0.11.0.0","source":{"url":"https://github.com/googleapis/google-auth-library-php.git","type":"git","reference":"c32910b61d6e6ca794c304cd77827f9866ff796e"},"dist":{"url":"https://api.github.com/repos/googleapis/google-auth-library-php/zipball/c32910b61d6e6ca794c304cd77827f9866ff796e","type":"zip","shasum":"","reference":"c32910b61d6e6ca794c304cd77827f9866ff796e"},"time":"2016-10-18T17:38:02+00:00","support":{"issues":"https://github.com/googleapis/google-auth-library-php/issues","source":"https://github.com/googleapis/google-auth-library-php/tree/v0.11.0"}},{"version":"v0.10","version_normalized":"0.10.0.0","source":{"url":"https://github.com/googleapis/google-auth-library-php.git","type":"git","reference":"760e3fbe4064c0525c22e27e5374eada3c103da8"},"dist":{"url":"https://api.github.com/repos/googleapis/google-auth-library-php/zipball/760e3fbe4064c0525c22e27e5374eada3c103da8","type":"zip","shasum":"","reference":"760e3fbe4064c0525c22e27e5374eada3c103da8"},"time":"2016-08-02T22:00:48+00:00","require":{"php":">=5.4","firebase/php-jwt":"~2.0|~3.0","guzzlehttp/guzzle":"~5.3|~6.0","guzzlehttp/psr7":"~1.2","psr/http-message":"^1.0","psr/cache":"^1.0"},"support":{"issues":"https://github.com/googleapis/google-auth-library-php/issues","source":"https://github.com/googleapis/google-auth-library-php/tree/v0.10"}},{"version":"v0.9","version_normalized":"0.9.0.0","source":{"url":"https://github.com/googleapis/google-auth-library-php.git","type":"git","reference":"47c3c6bece495e58381a21fed13a735bd23a51cc"},"dist":{"url":"https://api.github.com/repos/googleapis/google-auth-library-php/zipball/47c3c6bece495e58381a21fed13a735bd23a51cc","type":"zip","shasum":"","reference":"47c3c6bece495e58381a21fed13a735bd23a51cc"},"time":"2016-06-01T22:07:52+00:00","support":{"issues":"https://github.com/googleapis/google-auth-library-php/issues","source":"https://github.com/googleapis/google-auth-library-php/tree/v0.9"}},{"version":"v0.8","version_normalized":"0.8.0.0","source":{"url":"https://github.com/googleapis/google-auth-library-php.git","type":"git","reference":"ec4edcb043e523267973fda308d9412d7db78e17"},"dist":{"url":"https://api.github.com/repos/googleapis/google-auth-library-php/zipball/ec4edcb043e523267973fda308d9412d7db78e17","type":"zip","shasum":"","reference":"ec4edcb043e523267973fda308d9412d7db78e17"},"time":"2016-05-11T16:56:35+00:00","require":{"php":">=5.4","firebase/php-jwt":"~2.0|~3.0","guzzlehttp/guzzle":"~5.3|~6.0","guzzlehttp/psr7":"1.2.*","psr/http-message":"^1.0","psr/cache":"^1.0"},"require-dev":{"phpunit/phpunit":"3.7.*","fabpot/php-cs-fixer":"^1.11"},"support":{"issues":"https://github.com/googleapis/google-auth-library-php/issues","source":"https://github.com/googleapis/google-auth-library-php/tree/v0.8"}},{"version":"v0.7","version_normalized":"0.7.0.0","source":{"url":"https://github.com/googleapis/google-auth-library-php.git","type":"git","reference":"f3288860ce7b3076a6768e4ff7b85e0f6100e221"},"dist":{"url":"https://api.github.com/repos/googleapis/google-auth-library-php/zipball/f3288860ce7b3076a6768e4ff7b85e0f6100e221","type":"zip","shasum":"","reference":"f3288860ce7b3076a6768e4ff7b85e0f6100e221"},"time":"2016-03-03T02:03:58+00:00","require":{"firebase/php-jwt":"~2.0|~3.0","guzzlehttp/guzzle":"~5.2|~6.0","php":">=5.4","guzzlehttp/psr7":"1.2.*","psr/http-message":"1.0.*"},"require-dev":{"phpunit/phpunit":"3.7.*","phplint/phplint":"0.0.1"},"support":{"issues":"https://github.com/googleapis/google-auth-library-php/issues","source":"https://github.com/googleapis/google-auth-library-php/tree/v0.7"}},{"version":"v0.6","version_normalized":"0.6.0.0","source":{"url":"https://github.com/googleapis/google-auth-library-php.git","type":"git","reference":"45c5e62244995d4dae51aa379894401ebe992b4d"},"dist":{"url":"https://api.github.com/repos/googleapis/google-auth-library-php/zipball/45c5e62244995d4dae51aa379894401ebe992b4d","type":"zip","shasum":"","reference":"45c5e62244995d4dae51aa379894401ebe992b4d"},"time":"2016-02-24T18:00:02+00:00","support":{"issues":"https://github.com/googleapis/google-auth-library-php/issues","source":"https://github.com/googleapis/google-auth-library-php/tree/v0.6"}},{"version":"v0.5","version_normalized":"0.5.0.0","source":{"url":"https://github.com/googleapis/google-auth-library-php.git","type":"git","reference":"7ff4cce0c9d3c6bcba154e15fba76b89d1847340"},"dist":{"url":"https://api.github.com/repos/googleapis/google-auth-library-php/zipball/7ff4cce0c9d3c6bcba154e15fba76b89d1847340","type":"zip","shasum":"","reference":"7ff4cce0c9d3c6bcba154e15fba76b89d1847340"},"time":"2015-12-17T21:16:21+00:00","support":{"issues":"https://github.com/googleapis/google-auth-library-php/issues","source":"https://github.com/googleapis/google-auth-library-php/tree/v0.5"}},{"version":"v0.4","version_normalized":"0.4.0.0","source":{"url":"https://github.com/googleapis/google-auth-library-php.git","type":"git","reference":"b2d0e7bdcbe8ccdd0f83a7527ef23bcc202e331a"},"dist":{"url":"https://api.github.com/repos/googleapis/google-auth-library-php/zipball/b2d0e7bdcbe8ccdd0f83a7527ef23bcc202e331a","type":"zip","shasum":"","reference":"b2d0e7bdcbe8ccdd0f83a7527ef23bcc202e331a"},"time":"2015-11-03T23:16:35+00:00","require":{"firebase/php-jwt":"~2.0|~3.0","guzzlehttp/guzzle":"5.2.*","php":">=5.4"},"support":{"issues":"https://github.com/googleapis/google-auth-library-php/issues","source":"https://github.com/googleapis/google-auth-library-php/tree/v0.4"}},{"version":"v0.3","version_normalized":"0.3.0.0","source":{"url":"https://github.com/googleapis/google-auth-library-php.git","type":"git","reference":"eed7a670da42f7fedd1d1b16f7be1f2be59bbcc2"},"dist":{"url":"https://api.github.com/repos/googleapis/google-auth-library-php/zipball/eed7a670da42f7fedd1d1b16f7be1f2be59bbcc2","type":"zip","shasum":"","reference":"eed7a670da42f7fedd1d1b16f7be1f2be59bbcc2"},"time":"2015-10-23T21:25:29+00:00","require":{"firebase/php-jwt":"2.0.0","guzzlehttp/guzzle":"5.2.*","php":">=5.4"},"support":{"issues":"https://github.com/googleapis/google-auth-library-php/issues","source":"https://github.com/googleapis/google-auth-library-php/tree/v0.3"}},{"version":"v0.2-alpha","version_normalized":"0.2.0.0-alpha","source":{"url":"https://github.com/googleapis/google-auth-library-php.git","type":"git","reference":"5dc5bcb37a7f50c7132c1feb5037f6c45b249477"},"dist":{"url":"https://api.github.com/repos/googleapis/google-auth-library-php/zipball/5dc5bcb37a7f50c7132c1feb5037f6c45b249477","type":"zip","shasum":"","reference":"5dc5bcb37a7f50c7132c1feb5037f6c45b249477"},"time":"2015-10-09T16:50:15+00:00","support":{"issues":"https://github.com/googleapis/google-auth-library-php/issues","source":"https://github.com/googleapis/google-auth-library-php/tree/v0.2-alpha"}},{"version":"v0.1-alpha","version_normalized":"0.1.0.0-alpha","source":{"url":"https://github.com/googleapis/google-auth-library-php.git","type":"git","reference":"6be3d15ec277402af11212addd132134bb3669f7"},"dist":{"url":"https://api.github.com/repos/googleapis/google-auth-library-php/zipball/6be3d15ec277402af11212addd132134bb3669f7","type":"zip","shasum":"","reference":"6be3d15ec277402af11212addd132134bb3669f7"},"time":"2015-09-16T01:18:13+00:00","support":{"issues":"https://github.com/googleapis/google-auth-library-php/issues","source":"https://github.com/googleapis/google-auth-library-php/tree/v0.1-alpha"}}]},"security-advisories":[],"last-modified":"Sat, 03 Sep 2022 19:52:10 GMT"}