{"minified":"composer/2.0","packages":{"composer/class-map-generator":[{"name":"composer/class-map-generator","description":"Utilities to scan PHP code and generate class maps.","keywords":["classmap"],"homepage":"","version":"1.0.0","version_normalized":"1.0.0.0","license":["MIT"],"authors":[{"name":"Jordi Boggiano","email":"j.boggiano@seld.be","homepage":"https://seld.be"}],"source":{"url":"https://github.com/composer/class-map-generator.git","type":"git","reference":"1e1cb2b791facb2dfe32932a7718cf2571187513"},"dist":{"url":"https://api.github.com/repos/composer/class-map-generator/zipball/1e1cb2b791facb2dfe32932a7718cf2571187513","type":"zip","shasum":"","reference":"1e1cb2b791facb2dfe32932a7718cf2571187513"},"type":"library","funding":[{"url":"https://packagist.com","type":"custom"},{"url":"https://github.com/composer","type":"github"},{"url":"https://tidelift.com/funding/github/packagist/composer/composer","type":"tidelift"}],"time":"2022-06-19T11:31:27+00:00","autoload":{"psr-4":{"Composer\\ClassMapGenerator\\":"src"}},"extra":{"branch-alias":{"dev-main":"1.x-dev"}},"require":{"php":"^7.2 || ^8.0","symfony/finder":"^4.4 || ^5.3 || ^6","composer/pcre":"^2 || ^3"},"require-dev":{"symfony/phpunit-bridge":"^5","phpstan/phpstan":"^1.6","phpstan/phpstan-deprecation-rules":"^1","phpstan/phpstan-strict-rules":"^1.1","phpstan/phpstan-phpunit":"^1","symfony/filesystem":"^5.4 || ^6"},"support":{"issues":"https://github.com/composer/class-map-generator/issues","source":"https://github.com/composer/class-map-generator/tree/1.0.0"}}]},"security-advisories":[],"last-modified":"Fri, 24 Jun 2022 14:43:17 GMT"}