{"minified":"composer/2.0","packages":{"doctrine/sql-formatter":[{"name":"doctrine/sql-formatter","description":"a PHP SQL highlighting library","keywords":["sql","highlight"],"homepage":"https://github.com/doctrine/sql-formatter/","version":"1.1.3","version_normalized":"1.1.3.0","license":["MIT"],"authors":[{"name":"Jeremy Dorn","email":"jeremy@jeremydorn.com","homepage":"https://jeremydorn.com/"}],"source":{"url":"https://github.com/doctrine/sql-formatter.git","type":"git","reference":"25a06c7bf4c6b8218f47928654252863ffc890a5"},"dist":{"url":"https://api.github.com/repos/doctrine/sql-formatter/zipball/25a06c7bf4c6b8218f47928654252863ffc890a5","type":"zip","shasum":"","reference":"25a06c7bf4c6b8218f47928654252863ffc890a5"},"type":"library","time":"2022-05-23T21:33:49+00:00","autoload":{"psr-4":{"Doctrine\\SqlFormatter\\":"src"}},"bin":["bin/sql-formatter"],"require":{"php":"^7.1 || ^8.0"},"require-dev":{"bamarni/composer-bin-plugin":"^1.4"},"support":{"issues":"https://github.com/doctrine/sql-formatter/issues","source":"https://github.com/doctrine/sql-formatter/tree/1.1.3"}},{"version":"1.1.2","version_normalized":"1.1.2.0","authors":[{"name":"Jeremy Dorn","email":"jeremy@jeremydorn.com","homepage":"http://jeremydorn.com/"}],"source":{"url":"https://github.com/doctrine/sql-formatter.git","type":"git","reference":"20c39c2de286a9d3262cc8ed282a4ae60e265894"},"dist":{"url":"https://api.github.com/repos/doctrine/sql-formatter/zipball/20c39c2de286a9d3262cc8ed282a4ae60e265894","type":"zip","shasum":"","reference":"20c39c2de286a9d3262cc8ed282a4ae60e265894"},"time":"2021-11-05T11:11:14+00:00","support":{"issues":"https://github.com/doctrine/sql-formatter/issues","source":"https://github.com/doctrine/sql-formatter/tree/1.1.2"}},{"version":"1.1.1","version_normalized":"1.1.1.0","source":{"url":"https://github.com/doctrine/sql-formatter.git","type":"git","reference":"56070bebac6e77230ed7d306ad13528e60732871"},"dist":{"url":"https://api.github.com/repos/doctrine/sql-formatter/zipball/56070bebac6e77230ed7d306ad13528e60732871","type":"zip","shasum":"","reference":"56070bebac6e77230ed7d306ad13528e60732871"},"time":"2020-07-30T16:57:33+00:00","extra":{"branch-alias":{"dev-master":"1.x-dev"}},"support":{"issues":"https://github.com/doctrine/sql-formatter/issues","source":"https://github.com/doctrine/sql-formatter/tree/1.1.x"}},{"version":"1.1.0","version_normalized":"1.1.0.0","source":{"url":"https://github.com/doctrine/sql-formatter.git","type":"git","reference":"5458bdcf176f6a53292e3f0cc73f292d6302fb0f"},"dist":{"url":"https://api.github.com/repos/doctrine/sql-formatter/zipball/5458bdcf176f6a53292e3f0cc73f292d6302fb0f","type":"zip","shasum":"","reference":"5458bdcf176f6a53292e3f0cc73f292d6302fb0f"},"time":"2020-05-29T18:32:49+00:00"},{"version":"1.0.1","version_normalized":"1.0.1.0","source":{"url":"https://github.com/doctrine/sql-formatter.git","type":"git","reference":"490ed58757f1af4cf13b3285287ff960533acb83"},"dist":{"url":"https://api.github.com/repos/doctrine/sql-formatter/zipball/490ed58757f1af4cf13b3285287ff960533acb83","type":"zip","shasum":"","reference":"490ed58757f1af4cf13b3285287ff960533acb83"},"time":"2020-05-22T11:49:26+00:00","require":{"php":"^7.1"},"support":{"issues":"https://github.com/doctrine/sql-formatter/issues","source":"https://github.com/doctrine/sql-formatter/tree/1.0.x"}},{"version":"1.0.0","version_normalized":"1.0.0.0","source":{"url":"https://github.com/doctrine/sql-formatter.git","type":"git","reference":"1ad4f97f10cd0eef7ca7d3f5b7b1cf7e5806786f"},"dist":{"url":"https://api.github.com/repos/doctrine/sql-formatter/zipball/1ad4f97f10cd0eef7ca7d3f5b7b1cf7e5806786f","type":"zip","shasum":"","reference":"1ad4f97f10cd0eef7ca7d3f5b7b1cf7e5806786f"},"time":"2020-04-27T09:31:00+00:00","require":{"php":"^7.2"},"require-dev":{"doctrine/coding-standard":"^7.0","phpstan/phpstan":"^0.12.18","phpunit/phpunit":"^8.0","psalm/plugin-phpunit":"^0.10.0","vimeo/psalm":"^3.10"},"support":{"issues":"https://github.com/doctrine/sql-formatter/issues","source":"https://github.com/doctrine/sql-formatter/tree/1.0.0"}}]},"security-advisories":[],"last-modified":"Mon, 18 Jul 2022 15:59:05 GMT"}