{"minified":"composer/2.0","packages":{"symfony/monolog-bundle":[{"name":"symfony/monolog-bundle","description":"Symfony MonologBundle","keywords":["log","logging"],"homepage":"https://symfony.com","version":"v3.8.0","version_normalized":"3.8.0.0","license":["MIT"],"authors":[{"name":"Fabien Potencier","email":"fabien@symfony.com"},{"name":"Symfony Community","homepage":"https://symfony.com/contributors"}],"source":{"url":"https://github.com/symfony/monolog-bundle.git","type":"git","reference":"a41bbcdc1105603b6d73a7d9a43a3788f8e0fb7d"},"dist":{"url":"https://api.github.com/repos/symfony/monolog-bundle/zipball/a41bbcdc1105603b6d73a7d9a43a3788f8e0fb7d","type":"zip","shasum":"","reference":"a41bbcdc1105603b6d73a7d9a43a3788f8e0fb7d"},"type":"symfony-bundle","funding":[{"url":"https://symfony.com/sponsor","type":"custom"},{"url":"https://github.com/fabpot","type":"github"},{"url":"https://tidelift.com/funding/github/packagist/symfony/symfony","type":"tidelift"}],"time":"2022-05-10T14:24:36+00:00","autoload":{"psr-4":{"Symfony\\Bundle\\MonologBundle\\":""},"exclude-from-classmap":["/Tests/"]},"extra":{"branch-alias":{"dev-master":"3.x-dev"}},"require":{"php":">=7.1.3","symfony/monolog-bridge":"~4.4 || ^5.0 || ^6.0","symfony/dependency-injection":"^4.4 || ^5.0 || ^6.0","symfony/config":"~4.4 || ^5.0 || ^6.0","symfony/http-kernel":"~4.4 || ^5.0 || ^6.0","monolog/monolog":"^1.22 || ^2.0 || ^3.0"},"require-dev":{"symfony/yaml":"~4.4 || ^5.0 || ^6.0","symfony/console":"~4.4 || ^5.0 || ^6.0","symfony/phpunit-bridge":"^5.2 || ^6.0"},"support":{"issues":"https://github.com/symfony/monolog-bundle/issues","source":"https://github.com/symfony/monolog-bundle/tree/v3.8.0"}},{"version":"v3.7.1","version_normalized":"3.7.1.0","source":{"url":"https://github.com/symfony/monolog-bundle.git","type":"git","reference":"fde12fc628162787a4e53877abadc30047fd868b"},"dist":{"url":"https://api.github.com/repos/symfony/monolog-bundle/zipball/fde12fc628162787a4e53877abadc30047fd868b","type":"zip","shasum":"","reference":"fde12fc628162787a4e53877abadc30047fd868b"},"time":"2021-11-05T10:34:29+00:00","require":{"php":">=7.1.3","symfony/monolog-bridge":"~4.4 || ^5.0 || ^6.0","symfony/dependency-injection":"^4.4 || ^5.0 || ^6.0","symfony/config":"~4.4 || ^5.0 || ^6.0","symfony/http-kernel":"~4.4 || ^5.0 || ^6.0","monolog/monolog":"~1.22 || ~2.0"},"support":{"issues":"https://github.com/symfony/monolog-bundle/issues","source":"https://github.com/symfony/monolog-bundle/tree/v3.7.1"}},{"version":"v3.7.0","version_normalized":"3.7.0.0","source":{"url":"https://github.com/symfony/monolog-bundle.git","type":"git","reference":"4054b2e940a25195ae15f0a49ab0c51718922eb4"},"dist":{"url":"https://api.github.com/repos/symfony/monolog-bundle/zipball/4054b2e940a25195ae15f0a49ab0c51718922eb4","type":"zip","shasum":"","reference":"4054b2e940a25195ae15f0a49ab0c51718922eb4"},"time":"2021-03-31T07:20:47+00:00","require":{"php":">=7.1.3","symfony/monolog-bridge":"~4.4 || ^5.0","symfony/dependency-injection":"^4.4 || ^5.0","symfony/config":"~4.4 || ^5.0","symfony/http-kernel":"~4.4 || ^5.0","monolog/monolog":"~1.22 || ~2.0"},"require-dev":{"symfony/yaml":"~4.4 || ^5.0","symfony/console":"~4.4 || ^5.0","symfony/phpunit-bridge":"^5.1"},"support":{"issues":"https://github.com/symfony/monolog-bundle/issues","source":"https://github.com/symfony/monolog-bundle/tree/v3.7.0"}},{"homepage":"http://symfony.com","version":"v3.6.0","version_normalized":"3.6.0.0","authors":[{"name":"Fabien Potencier","email":"fabien@symfony.com"},{"name":"Symfony Community","homepage":"http://symfony.com/contributors"}],"source":{"url":"https://github.com/symfony/monolog-bundle.git","type":"git","reference":"e495f5c7e4e672ffef4357d4a4d85f010802f940"},"dist":{"url":"https://api.github.com/repos/symfony/monolog-bundle/zipball/e495f5c7e4e672ffef4357d4a4d85f010802f940","type":"zip","shasum":"","reference":"e495f5c7e4e672ffef4357d4a4d85f010802f940"},"time":"2020-10-06T15:12:11+00:00","require":{"php":">=5.6","symfony/monolog-bridge":"~3.4 || ~4.0 || ^5.0","symfony/dependency-injection":"~3.4.10 || ^4.0.10 || ^5.0","symfony/config":"~3.4 || ~4.0 || ^5.0","symfony/http-kernel":"~3.4 || ~4.0 || ^5.0","monolog/monolog":"~1.22 || ~2.0"},"require-dev":{"symfony/yaml":"~3.4 || ~4.0 || ^5.0","symfony/console":"~3.4 || ~4.0 || ^5.0","symfony/phpunit-bridge":"^4.4 || ^5.0"},"support":{"issues":"https://github.com/symfony/monolog-bundle/issues","source":"https://github.com/symfony/monolog-bundle/tree/v3.6.0"}},{"version":"v3.5.0","version_normalized":"3.5.0.0","source":{"url":"https://github.com/symfony/monolog-bundle.git","type":"git","reference":"dd80460fcfe1fa2050a7103ad818e9d0686ce6fd"},"dist":{"url":"https://api.github.com/repos/symfony/monolog-bundle/zipball/dd80460fcfe1fa2050a7103ad818e9d0686ce6fd","type":"zip","shasum":"","reference":"dd80460fcfe1fa2050a7103ad818e9d0686ce6fd"},"time":"2019-11-13T13:11:14+00:00","require-dev":{"symfony/yaml":"~3.4 || ~4.0 || ^5.0","symfony/console":"~3.4 || ~4.0 || ^5.0","symfony/phpunit-bridge":"^3.4.19 || ^4.0 || ^5.0"},"support":{"issues":"https://github.com/symfony/monolog-bundle/issues","source":"https://github.com/symfony/monolog-bundle/tree/v3.5.0"},"funding":"__unset"},{"version":"v3.4.0","version_normalized":"3.4.0.0","authors":[{"name":"Symfony Community","homepage":"http://symfony.com/contributors"},{"name":"Fabien Potencier","email":"fabien@symfony.com"}],"source":{"url":"https://github.com/symfony/monolog-bundle.git","type":"git","reference":"7fbecb371c1c614642c93c6b2cbcdf723ae8809d"},"dist":{"url":"https://api.github.com/repos/symfony/monolog-bundle/zipball/7fbecb371c1c614642c93c6b2cbcdf723ae8809d","type":"zip","shasum":"","reference":"7fbecb371c1c614642c93c6b2cbcdf723ae8809d"},"time":"2019-06-20T12:18:19+00:00","require":{"php":">=5.6","symfony/monolog-bridge":"~3.4|~4.0","symfony/dependency-injection":"~3.4.10|^4.0.10","symfony/config":"~3.4|~4.0","symfony/http-kernel":"~3.4|~4.0","monolog/monolog":"~1.22"},"require-dev":{"symfony/yaml":"~3.4|~4.0","symfony/console":"~3.4|~4.0","symfony/phpunit-bridge":"^3.4.19|^4.0"},"support":{"issues":"https://github.com/symfony/monolog-bundle/issues","source":"https://github.com/symfony/monolog-bundle/tree/v3.4.0"}},{"version":"v3.3.1","version_normalized":"3.3.1.0","source":{"url":"https://github.com/symfony/monolog-bundle.git","type":"git","reference":"572e143afc03419a75ab002c80a2fd99299195ff"},"dist":{"url":"https://api.github.com/repos/symfony/monolog-bundle/zipball/572e143afc03419a75ab002c80a2fd99299195ff","type":"zip","shasum":"","reference":"572e143afc03419a75ab002c80a2fd99299195ff"},"time":"2018-11-04T09:58:13+00:00","require":{"php":">=5.6","symfony/monolog-bridge":"~2.7|~3.3|~4.0","symfony/dependency-injection":"~2.7|~3.4.10|^4.0.10","symfony/config":"~2.7|~3.3|~4.0","symfony/http-kernel":"~2.7|~3.3|~4.0","monolog/monolog":"~1.22"},"require-dev":{"symfony/yaml":"~2.7|~3.3|~4.0","symfony/console":"~2.7|~3.3|~4.0","symfony/phpunit-bridge":"^3.3|^4.0"},"support":{"issues":"https://github.com/symfony/monolog-bundle/issues","source":"https://github.com/symfony/monolog-bundle/tree/master"}},{"version":"v3.3.0","version_normalized":"3.3.0.0","source":{"url":"https://github.com/symfony/monolog-bundle.git","type":"git","reference":"8204f3cd7c1bd6a6e2955c0a34475243a7bd9802"},"dist":{"url":"https://api.github.com/repos/symfony/monolog-bundle/zipball/8204f3cd7c1bd6a6e2955c0a34475243a7bd9802","type":"zip","shasum":"","reference":"8204f3cd7c1bd6a6e2955c0a34475243a7bd9802"},"time":"2018-06-04T05:55:43+00:00"},{"version":"v3.2.0","version_normalized":"3.2.0.0","source":{"url":"https://github.com/symfony/monolog-bundle.git","type":"git","reference":"8781649349fe418d51d194f8c9d212c0b97c40dd"},"dist":{"url":"https://api.github.com/repos/symfony/monolog-bundle/zipball/8781649349fe418d51d194f8c9d212c0b97c40dd","type":"zip","shasum":"","reference":"8781649349fe418d51d194f8c9d212c0b97c40dd"},"time":"2018-03-05T14:51:36+00:00","require":{"php":">=5.3.2","symfony/monolog-bridge":"~2.7|~3.0|~4.0","symfony/dependency-injection":"~2.7|~3.0|~4.0","symfony/config":"~2.7|~3.0|~4.0","symfony/http-kernel":"~2.7|~3.0|~4.0","monolog/monolog":"~1.22"},"require-dev":{"symfony/yaml":"~2.3|~3.0|~4.0","symfony/console":"~2.3|~3.0|~4.0","symfony/phpunit-bridge":"^3.3|^4.0"},"support":{"issues":"https://github.com/symfony/monolog-bundle/issues","source":"https://github.com/symfony/monolog-bundle/tree/v3.2.0"}},{"version":"v3.1.2","version_normalized":"3.1.2.0","source":{"url":"https://github.com/symfony/monolog-bundle.git","type":"git","reference":"2b41b8b6d2c6edb1a5494f02f8e4129be2a44784"},"dist":{"url":"https://api.github.com/repos/symfony/monolog-bundle/zipball/2b41b8b6d2c6edb1a5494f02f8e4129be2a44784","type":"zip","shasum":"","reference":"2b41b8b6d2c6edb1a5494f02f8e4129be2a44784"},"time":"2017-11-06T16:02:17+00:00","support":{"issues":"https://github.com/symfony/monolog-bundle/issues","source":"https://github.com/symfony/monolog-bundle/tree/master"}},{"version":"v3.1.1","version_normalized":"3.1.1.0","source":{"url":"https://github.com/symfony/monolog-bundle.git","type":"git","reference":"80c82d7d41c4eed0bf27e215f27531c05b217c17"},"dist":{"url":"https://api.github.com/repos/symfony/monolog-bundle/zipball/80c82d7d41c4eed0bf27e215f27531c05b217c17","type":"zip","shasum":"","reference":"80c82d7d41c4eed0bf27e215f27531c05b217c17"},"time":"2017-09-26T03:17:02+00:00","autoload":{"psr-4":{"Symfony\\Bundle\\MonologBundle\\":""}},"require-dev":{"symfony/yaml":"~2.3|~3.0|~4.0","symfony/console":"~2.3|~3.0|~4.0","phpunit/phpunit":"^4.8"}},{"version":"v3.1.0","version_normalized":"3.1.0.0","source":{"url":"https://github.com/symfony/monolog-bundle.git","type":"git","reference":"6f96c7dbb6b2ef70b307a1a6f897153cbca3da47"},"dist":{"url":"https://api.github.com/repos/symfony/monolog-bundle/zipball/6f96c7dbb6b2ef70b307a1a6f897153cbca3da47","type":"zip","shasum":"","reference":"6f96c7dbb6b2ef70b307a1a6f897153cbca3da47"},"time":"2017-03-26T11:55:59+00:00","require":{"php":">=5.3.2","symfony/monolog-bridge":"~2.7|~3.0","symfony/dependency-injection":"~2.7|~3.0","symfony/config":"~2.7|~3.0","symfony/http-kernel":"~2.7|~3.0","monolog/monolog":"~1.22"},"require-dev":{"symfony/yaml":"~2.3|~3.0","symfony/console":"~2.3|~3.0","phpunit/phpunit":"^4.8"}},{"version":"v3.0.3","version_normalized":"3.0.3.0","source":{"url":"https://github.com/symfony/monolog-bundle.git","type":"git","reference":"ebce76a39a65495a66c34eb1574cc4b9e35a4e64"},"dist":{"url":"https://api.github.com/repos/symfony/monolog-bundle/zipball/ebce76a39a65495a66c34eb1574cc4b9e35a4e64","type":"zip","shasum":"","reference":"ebce76a39a65495a66c34eb1574cc4b9e35a4e64"},"time":"2017-01-10T20:01:51+00:00"},{"version":"v3.0.2","version_normalized":"3.0.2.0","source":{"url":"https://github.com/symfony/monolog-bundle.git","type":"git","reference":"804425dfceec0097bf3e5dea3a73d91e055686be"},"dist":{"url":"https://api.github.com/repos/symfony/monolog-bundle/zipball/804425dfceec0097bf3e5dea3a73d91e055686be","type":"zip","shasum":"","reference":"804425dfceec0097bf3e5dea3a73d91e055686be"},"time":"2017-01-03T12:32:45+00:00","support":{"issues":"https://github.com/symfony/monolog-bundle/issues","source":"https://github.com/symfony/monolog-bundle/tree/v3.0.2"}},{"version":"3.0.1","version_normalized":"3.0.1.0","source":{"url":"https://github.com/symfony/monolog-bundle.git","type":"git","reference":"5f2d2d62530cd66be361216107869a3b061045db"},"dist":{"url":"https://api.github.com/repos/symfony/monolog-bundle/zipball/5f2d2d62530cd66be361216107869a3b061045db","type":"zip","shasum":"","reference":"5f2d2d62530cd66be361216107869a3b061045db"},"time":"2016-11-15T15:54:07+00:00","require":{"php":">=5.3.2","symfony/monolog-bridge":"~2.7|~3.0","symfony/dependency-injection":"~2.7|~3.0","symfony/config":"~2.7|~3.0","symfony/http-kernel":"~2.7|~3.0","monolog/monolog":"~1.18"},"support":{"issues":"https://github.com/symfony/monolog-bundle/issues","source":"https://github.com/symfony/monolog-bundle/tree/master"}},{"version":"3.0.0","version_normalized":"3.0.0.0","source":{"url":"https://github.com/symfony/monolog-bundle.git","type":"git","reference":"0122716b7af8b0a8e67e8b2bd186ea0d35f41d84"},"dist":{"url":"https://api.github.com/repos/symfony/monolog-bundle/zipball/0122716b7af8b0a8e67e8b2bd186ea0d35f41d84","type":"zip","shasum":"","reference":"0122716b7af8b0a8e67e8b2bd186ea0d35f41d84"},"time":"2016-11-06T18:58:20+00:00"},{"version":"v2.12.1","version_normalized":"2.12.1.0","source":{"url":"https://github.com/symfony/monolog-bundle.git","type":"git","reference":"b0146bdca7ba2a65f3bbe7010423c7393b29ec3f"},"dist":{"url":"https://api.github.com/repos/symfony/monolog-bundle/zipball/b0146bdca7ba2a65f3bbe7010423c7393b29ec3f","type":"zip","shasum":"","reference":"b0146bdca7ba2a65f3bbe7010423c7393b29ec3f"},"time":"2017-01-02T19:04:26+00:00","extra":{"branch-alias":{"dev-master":"2.x-dev"}},"require":{"php":">=5.3.2","symfony/monolog-bridge":"~2.3|~3.0","symfony/dependency-injection":"~2.3|~3.0","symfony/config":"~2.3|~3.0","symfony/http-kernel":"~2.3|~3.0","monolog/monolog":"~1.18"},"support":{"issues":"https://github.com/symfony/monolog-bundle/issues","source":"https://github.com/symfony/monolog-bundle/tree/2.x"}},{"version":"2.12.0","version_normalized":"2.12.0.0","source":{"url":"https://github.com/symfony/monolog-bundle.git","type":"git","reference":"6acef3bd201c4f35e42e52dedf1fe088f30e07e8"},"dist":{"url":"https://api.github.com/repos/symfony/monolog-bundle/zipball/6acef3bd201c4f35e42e52dedf1fe088f30e07e8","type":"zip","shasum":"","reference":"6acef3bd201c4f35e42e52dedf1fe088f30e07e8"},"time":"2016-11-06T18:54:50+00:00"},{"version":"2.11.3","version_normalized":"2.11.3.0","source":{"url":"https://github.com/symfony/monolog-bundle.git","type":"git","reference":"0b427134a6868050fd9a95cc5eae3df85e5c759b"},"dist":{"url":"https://api.github.com/repos/symfony/monolog-bundle/zipball/0b427134a6868050fd9a95cc5eae3df85e5c759b","type":"zip","shasum":"","reference":"0b427134a6868050fd9a95cc5eae3df85e5c759b"},"time":"2016-10-19T07:54:05+00:00"},{"version":"v2.11.2","version_normalized":"2.11.2.0","source":{"url":"https://github.com/symfony/monolog-bundle.git","type":"git","reference":"44f3daf003b51e13a8820b090b3cc2b480ec517f"},"dist":{"url":"https://api.github.com/repos/symfony/monolog-bundle/zipball/44f3daf003b51e13a8820b090b3cc2b480ec517f","type":"zip","shasum":"","reference":"44f3daf003b51e13a8820b090b3cc2b480ec517f"},"time":"2016-10-19T07:58:52+00:00","extra":{"branch-alias":{"dev-master":"3.x-dev"}},"require":{"php":">=5.3.2","symfony/monolog-bridge":"~2.7|~3.0","symfony/dependency-injection":"~2.7|~3.0","symfony/config":"~2.7|~3.0","symfony/http-kernel":"~2.7|~3.0","monolog/monolog":"~1.18"},"support":{"issues":"https://github.com/symfony/monolog-bundle/issues","source":"https://github.com/symfony/monolog-bundle/tree/master"}},{"version":"2.11.1","version_normalized":"2.11.1.0","source":{"url":"https://github.com/symfony/monolog-bundle.git","type":"git","reference":"e7caf4936c7be82bc6d68df87f1d23a0d5bf6e00"},"dist":{"url":"https://api.github.com/repos/symfony/monolog-bundle/zipball/e7caf4936c7be82bc6d68df87f1d23a0d5bf6e00","type":"zip","shasum":"","reference":"e7caf4936c7be82bc6d68df87f1d23a0d5bf6e00"},"time":"2016-04-13T16:21:01+00:00","extra":{"branch-alias":{"dev-master":"2.x-dev"}},"require":{"php":">=5.3.2","symfony/monolog-bridge":"~2.3|~3.0","symfony/dependency-injection":"~2.3|~3.0","symfony/config":"~2.3|~3.0","symfony/http-kernel":"~2.3|~3.0","monolog/monolog":"~1.18"}},{"version":"2.11.0","version_normalized":"2.11.0.0","source":{"url":"https://github.com/symfony/monolog-bundle.git","type":"git","reference":"d156f625dc3ce04f44e6d0ce36ae19cc35f51a97"},"dist":{"url":"https://api.github.com/repos/symfony/monolog-bundle/zipball/d156f625dc3ce04f44e6d0ce36ae19cc35f51a97","type":"zip","shasum":"","reference":"d156f625dc3ce04f44e6d0ce36ae19cc35f51a97"},"time":"2016-04-12T18:48:21+00:00","require":{"php":">=5.3.2","symfony/monolog-bridge":"~2.3|~3.0","symfony/dependency-injection":"~2.3|~3.0","symfony/config":"~2.3|~3.0","symfony/http-kernel":"~2.3|~3.0","monolog/monolog":"~1.12"}},{"version":"v2.10.0","version_normalized":"2.10.0.0","source":{"url":"https://github.com/symfony/monolog-bundle.git","type":"git","reference":"82fd8f36e2cccbe94faf237403c48052d4d4b77e"},"dist":{"url":"https://api.github.com/repos/symfony/monolog-bundle/zipball/82fd8f36e2cccbe94faf237403c48052d4d4b77e","type":"zip","shasum":"","reference":"82fd8f36e2cccbe94faf237403c48052d4d4b77e"},"time":"2016-03-13T15:55:56+00:00","extra":{"branch-alias":{"dev-master":"2.9.x-dev"}}},{"version":"v2.9.0","version_normalized":"2.9.0.0","source":{"url":"https://github.com/symfony/monolog-bundle.git","type":"git","reference":"27c2e3eaec7a0ba3462f99ea92678cbfc7b146e4"},"dist":{"url":"https://api.github.com/repos/symfony/monolog-bundle/zipball/27c2e3eaec7a0ba3462f99ea92678cbfc7b146e4","type":"zip","shasum":"","reference":"27c2e3eaec7a0ba3462f99ea92678cbfc7b146e4"},"time":"2016-03-01T17:53:42+00:00","require-dev":{"symfony/yaml":"~2.3|~3.0","symfony/console":"~2.3|~3.0"}},{"version":"v2.8.2","version_normalized":"2.8.2.0","source":{"url":"https://github.com/symfony/monolog-bundle.git","type":"git","reference":"84785c4d44801c4dd82829fa2e1820cacfe2c46f"},"dist":{"url":"https://api.github.com/repos/symfony/monolog-bundle/zipball/84785c4d44801c4dd82829fa2e1820cacfe2c46f","type":"zip","shasum":"","reference":"84785c4d44801c4dd82829fa2e1820cacfe2c46f"},"time":"2015-11-17T10:02:29+00:00","extra":{"branch-alias":{"dev-master":"2.8.x-dev"}},"require":{"php":">=5.3.2","symfony/monolog-bridge":"~2.3|~3.0","symfony/dependency-injection":"~2.3|~3.0","symfony/config":"~2.3|~3.0","symfony/http-kernel":"~2.3|~3.0","monolog/monolog":"~1.8"}},{"version":"2.8.1","version_normalized":"2.8.1.0","source":{"url":"https://github.com/symfony/monolog-bundle.git","type":"git","reference":"7117b9a145722e3c5768db4585f6ad0643ed5c4a"},"dist":{"url":"https://api.github.com/repos/symfony/monolog-bundle/zipball/7117b9a145722e3c5768db4585f6ad0643ed5c4a","type":"zip","shasum":"","reference":"7117b9a145722e3c5768db4585f6ad0643ed5c4a"},"time":"2015-10-02T11:51:59+00:00","require":{"php":">=5.3.2","symfony/monolog-bridge":"~2.3|3.*","symfony/dependency-injection":"~2.3|3.*","symfony/config":"~2.3|3.*","symfony/http-kernel":"~2.3|3.*","monolog/monolog":"~1.8"},"require-dev":{"symfony/yaml":"~2.3","symfony/console":"~2.3|3.*"}},{"version":"v2.8.0","version_normalized":"2.8.0.0","source":{"url":"https://github.com/symfony/monolog-bundle.git","type":"git","reference":"78883d8c1cfa523ac3a28a482b7793036b243f7d"},"dist":{"url":"https://api.github.com/repos/symfony/monolog-bundle/zipball/78883d8c1cfa523ac3a28a482b7793036b243f7d","type":"zip","shasum":"","reference":"78883d8c1cfa523ac3a28a482b7793036b243f7d"},"time":"2015-09-29T17:13:11+00:00","support":{"issues":"https://github.com/symfony/monolog-bundle/issues","source":"https://github.com/symfony/monolog-bundle/tree/v2.8.0"}},{"version":"v2.7.1","version_normalized":"2.7.1.0","source":{"url":"https://github.com/symfony/monolog-bundle.git","type":"git","reference":"9320b6863404c70ebe111e9040dab96f251de7ac"},"dist":{"url":"https://api.github.com/repos/symfony/monolog-bundle/zipball/9320b6863404c70ebe111e9040dab96f251de7ac","type":"zip","shasum":"","reference":"9320b6863404c70ebe111e9040dab96f251de7ac"},"time":"2015-01-04T20:21:17+00:00","extra":{"branch-alias":{"dev-master":"2.7.x-dev"}},"require":{"php":">=5.3.2","symfony/monolog-bridge":"~2.3","symfony/dependency-injection":"~2.3","symfony/config":"~2.3","symfony/http-kernel":"~2.3","monolog/monolog":"~1.8"},"require-dev":{"symfony/yaml":"~2.3","symfony/console":"~2.3"},"support":{"issues":"https://github.com/symfony/monolog-bundle/issues","source":"https://github.com/symfony/monolog-bundle/tree/v2.7.1"}},{"version":"v2.7.0","version_normalized":"2.7.0.0","source":{"url":"https://github.com/symfony/monolog-bundle.git","type":"git","reference":"e8f71c91a3784f3fa1a75fb1f7f4d4826c5f2773"},"dist":{"url":"https://api.github.com/repos/symfony/monolog-bundle/zipball/e8f71c91a3784f3fa1a75fb1f7f4d4826c5f2773","type":"zip","shasum":"","reference":"e8f71c91a3784f3fa1a75fb1f7f4d4826c5f2773"},"time":"2014-12-28T16:37:56+00:00","support":{"issues":"https://github.com/symfony/monolog-bundle/issues","source":"https://github.com/symfony/monolog-bundle/tree/v2.7.0"}},{"version":"v2.6.1","version_normalized":"2.6.1.0","source":{"url":"https://github.com/symfony/monolog-bundle.git","type":"git","reference":"227bbeefe30f2d95e3fe5fbd1ccda414287a957a"},"dist":{"url":"https://api.github.com/repos/symfony/monolog-bundle/zipball/227bbeefe30f2d95e3fe5fbd1ccda414287a957a","type":"zip","shasum":"","reference":"227bbeefe30f2d95e3fe5fbd1ccda414287a957a"},"time":"2014-07-21T00:36:06+00:00","extra":{"branch-alias":{"dev-master":"2.6.x-dev"}},"support":{"issues":"https://github.com/symfony/monolog-bundle/issues","source":"https://github.com/symfony/monolog-bundle/tree/v2.6.1"}},{"version":"v2.6.0","version_normalized":"2.6.0.0","source":{"url":"https://github.com/symfony/monolog-bundle.git","type":"git","reference":"e1d4aa99c7440b11e9dfbfef7ed63084401dbc6a"},"dist":{"url":"https://api.github.com/repos/symfony/monolog-bundle/zipball/e1d4aa99c7440b11e9dfbfef7ed63084401dbc6a","type":"zip","shasum":"","reference":"e1d4aa99c7440b11e9dfbfef7ed63084401dbc6a"},"time":"2014-06-04T16:49:13+00:00","autoload":{"psr-0":{"Symfony\\Bundle\\MonologBundle":""}},"target-dir":"Symfony/Bundle/MonologBundle","support":{"issues":"https://github.com/symfony/monolog-bundle/issues","source":"https://github.com/symfony/monolog-bundle/tree/v2.6.0"}},{"version":"v2.5.1","version_normalized":"2.5.1.0","source":{"url":"https://github.com/symfony/monolog-bundle.git","type":"git","reference":"71ad844ac29401f86619f9d643393265451e858b"},"dist":{"url":"https://api.github.com/repos/symfony/monolog-bundle/zipball/71ad844ac29401f86619f9d643393265451e858b","type":"zip","shasum":"","reference":"71ad844ac29401f86619f9d643393265451e858b"},"time":"2014-02-19T14:49:26+00:00","extra":{"branch-alias":{"dev-master":"2.5.x-dev"}},"require":{"php":">=5.3.2","symfony/monolog-bridge":"~2.3","symfony/dependency-injection":"~2.3","symfony/config":"~2.3","symfony/http-kernel":"~2.3","monolog/monolog":"~1.6"},"support":{"issues":"https://github.com/symfony/monolog-bundle/issues","source":"https://github.com/symfony/monolog-bundle/tree/v2.5.1"}},{"version":"v2.5.0","version_normalized":"2.5.0.0","source":{"url":"https://github.com/symfony/monolog-bundle.git","type":"git","reference":"29a17a347dfc41aed34ce9b72cceaf375635c408"},"dist":{"url":"https://api.github.com/repos/symfony/monolog-bundle/zipball/29a17a347dfc41aed34ce9b72cceaf375635c408","type":"zip","shasum":"","reference":"29a17a347dfc41aed34ce9b72cceaf375635c408"},"time":"2014-01-19T13:23:40+00:00","support":{"issues":"https://github.com/symfony/monolog-bundle/issues","source":"https://github.com/symfony/monolog-bundle/tree/v2.5.0"}},{"version":"v2.4.1","version_normalized":"2.4.1.0","source":{"url":"https://github.com/symfony/monolog-bundle.git","type":"git","reference":"e81c2e9c4dc0a9ff794674017069e036f575f278"},"dist":{"url":"https://api.github.com/repos/symfony/monolog-bundle/zipball/e81c2e9c4dc0a9ff794674017069e036f575f278","type":"zip","shasum":"","reference":"e81c2e9c4dc0a9ff794674017069e036f575f278"},"time":"2013-08-26T10:15:04+00:00","extra":{"branch-alias":{"dev-master":"2.4.x-dev"}},"support":{"issues":"https://github.com/symfony/monolog-bundle/issues","source":"https://github.com/symfony/monolog-bundle/tree/v2.4.1"}},{"version":"v2.4.0","version_normalized":"2.4.0.0","source":{"url":"https://github.com/symfony/monolog-bundle.git","type":"git","reference":"b1eaa2e69603122b613c5ae7a9c3fec3bf70ec0c"},"dist":{"url":"https://api.github.com/repos/symfony/monolog-bundle/zipball/b1eaa2e69603122b613c5ae7a9c3fec3bf70ec0c","type":"zip","shasum":"","reference":"b1eaa2e69603122b613c5ae7a9c3fec3bf70ec0c"},"time":"2013-07-30T11:23:48+00:00","support":{"issues":"https://github.com/symfony/monolog-bundle/issues","source":"https://github.com/symfony/monolog-bundle/tree/v2.4.0"}},{"version":"v2.3.0","version_normalized":"2.3.0.0","source":{"url":"https://github.com/symfony/monolog-bundle.git","type":"git","reference":"03ed73bc11367b3156cc21f22ac37c7f70fcd10a"},"dist":{"url":"https://api.github.com/repos/symfony/monolog-bundle/zipball/03ed73bc11367b3156cc21f22ac37c7f70fcd10a","type":"zip","shasum":"","reference":"03ed73bc11367b3156cc21f22ac37c7f70fcd10a"},"time":"2013-05-27T18:06:55+00:00","extra":{"branch-alias":{"dev-master":"2.2.x-dev"}},"require":{"php":">=5.3.2","symfony/monolog-bridge":"~2.2-beta2","symfony/dependency-injection":"~2.2-beta2","symfony/config":"~2.2-beta2","monolog/monolog":"~1.3"},"require-dev":{"symfony/yaml":"~2.2-beta2"},"support":{"issues":"https://github.com/symfony/monolog-bundle/issues","source":"https://github.com/symfony/monolog-bundle/tree/v2.3.0"}},{"version":"v2.3.0-RC1","version_normalized":"2.3.0.0-RC1","source":{"url":"https://github.com/symfony/monolog-bundle.git","type":"git","reference":"a165416edd8d8ada8a174dfeec11550e9a491792"},"dist":{"url":"https://api.github.com/repos/symfony/monolog-bundle/zipball/a165416edd8d8ada8a174dfeec11550e9a491792","type":"zip","shasum":"","reference":"a165416edd8d8ada8a174dfeec11550e9a491792"},"time":"2013-04-24T12:34:02+00:00","support":{"issues":"https://github.com/symfony/monolog-bundle/issues","source":"https://github.com/symfony/monolog-bundle/tree/v2.3.0-RC1"}},{"version":"v2.3.0-BETA2","version_normalized":"2.3.0.0-beta2"},{"version":"v2.2.0","version_normalized":"2.2.0.0","source":{"url":"https://github.com/symfony/monolog-bundle.git","type":"git","reference":"b492800896b6abe2a6fe622c0f03e04a2d5b3fae"},"dist":{"url":"https://api.github.com/repos/symfony/monolog-bundle/zipball/b492800896b6abe2a6fe622c0f03e04a2d5b3fae","type":"zip","shasum":"","reference":"b492800896b6abe2a6fe622c0f03e04a2d5b3fae"},"time":"2013-02-23T17:18:24+00:00","support":{"issues":"https://github.com/symfony/monolog-bundle/issues","source":"https://github.com/symfony/monolog-bundle/tree/v2.2.0"}},{"version":"v2.2.0-RC2","version_normalized":"2.2.0.0-RC2","source":{"url":"https://github.com/symfony/monolog-bundle.git","type":"git","reference":"6126ff75dbd35adfdc9cb50fc9110ddd9421b794"},"dist":{"url":"https://api.github.com/repos/symfony/monolog-bundle/zipball/6126ff75dbd35adfdc9cb50fc9110ddd9421b794","type":"zip","shasum":"","reference":"6126ff75dbd35adfdc9cb50fc9110ddd9421b794"},"time":"2013-02-11T10:49:31+00:00","support":{"issues":"https://github.com/symfony/monolog-bundle/issues","source":"https://github.com/symfony/monolog-bundle/tree/v2.2.0-RC2"}},{"version":"v2.2.0-BETA2","version_normalized":"2.2.0.0-beta2","source":{"url":"https://github.com/symfony/monolog-bundle.git","type":"git","reference":"3011c79d719bd2e625e3022fdaf2ce799b7bb79a"},"dist":{"url":"https://api.github.com/repos/symfony/monolog-bundle/zipball/3011c79d719bd2e625e3022fdaf2ce799b7bb79a","type":"zip","shasum":"","reference":"3011c79d719bd2e625e3022fdaf2ce799b7bb79a"},"time":"2013-01-12T13:42:55+00:00","require":{"php":">=5.3.2","symfony/monolog-bridge":"~2.2","symfony/dependency-injection":"~2.2","symfony/config":"~2.2","monolog/monolog":"~1.3"},"require-dev":{"symfony/yaml":"~2.2"},"support":{"issues":"https://github.com/symfony/monolog-bundle/issues","source":"https://github.com/symfony/monolog-bundle/tree/v2.2.0-BETA2"}},{"version":"v2.2.0-BETA1","version_normalized":"2.2.0.0-beta1","source":{"url":"https://github.com/symfony/monolog-bundle.git","type":"git","reference":"0e9e829acaff387adbf62862ebe3e07abedd3845"},"dist":{"url":"https://api.github.com/repos/symfony/monolog-bundle/zipball/0e9e829acaff387adbf62862ebe3e07abedd3845","type":"zip","shasum":"","reference":"0e9e829acaff387adbf62862ebe3e07abedd3845"},"time":"2013-01-07T10:57:41+00:00","extra":{"branch-alias":{"dev-master":"2.1.x-dev"}},"require":{"php":">=5.3.2","symfony/monolog-bridge":">=2.1.0,<2.3-dev","symfony/dependency-injection":">=2.1.0,<2.3-dev","symfony/config":">=2.1.0,<2.3-dev","monolog/monolog":">=1.0,<1.3-dev"},"require-dev":{"symfony/yaml":">=2.1.0,<2.3-dev","symfony/config":">=2.1.0,<2.3-dev"},"support":{"issues":"https://github.com/symfony/monolog-bundle/issues","source":"https://github.com/symfony/monolog-bundle/tree/v2.2.0-BETA1"}},{"version":"v2.1.9","version_normalized":"2.1.9.0","source":{"url":"https://github.com/symfony/monolog-bundle.git","type":"git","reference":"253fcda1128a0301aa68d040302cade65095f2c6"},"dist":{"url":"https://api.github.com/repos/symfony/monolog-bundle/zipball/253fcda1128a0301aa68d040302cade65095f2c6","type":"zip","shasum":"","reference":"253fcda1128a0301aa68d040302cade65095f2c6"},"time":"2013-01-28T10:06:42+00:00","require":{"php":">=5.3.2","symfony/monolog-bridge":"2.1.*","symfony/dependency-injection":">=2.1.0,<2.3-dev","symfony/config":">=2.1.0,<2.3-dev","monolog/monolog":">=1.0,<1.3-dev"},"support":{"issues":"https://github.com/symfony/monolog-bundle/issues","source":"https://github.com/symfony/monolog-bundle/tree/v2.1.9"}},{"version":"v2.1.8","version_normalized":"2.1.8.0"},{"version":"v2.1.7","version_normalized":"2.1.7.0","source":{"url":"https://github.com/symfony/monolog-bundle.git","type":"git","reference":"0e9e829acaff387adbf62862ebe3e07abedd3845"},"dist":{"url":"https://api.github.com/repos/symfony/monolog-bundle/zipball/0e9e829acaff387adbf62862ebe3e07abedd3845","type":"zip","shasum":"","reference":"0e9e829acaff387adbf62862ebe3e07abedd3845"},"time":"2013-01-07T10:57:41+00:00","require":{"php":">=5.3.2","symfony/monolog-bridge":">=2.1.0,<2.3-dev","symfony/dependency-injection":">=2.1.0,<2.3-dev","symfony/config":">=2.1.0,<2.3-dev","monolog/monolog":">=1.0,<1.3-dev"},"support":{"issues":"https://github.com/symfony/monolog-bundle/issues","source":"https://github.com/symfony/monolog-bundle/tree/v2.2.0-BETA1"}},{"keywords":[],"version":"v2.1.5","version_normalized":"2.1.5.0","source":{"url":"https://github.com/symfony/monolog-bundle.git","type":"git","reference":"51517152a608926ee6b40ed8cfbba1a708f0a14f"},"dist":{"url":"https://api.github.com/repos/symfony/monolog-bundle/zipball/51517152a608926ee6b40ed8cfbba1a708f0a14f","type":"zip","shasum":"","reference":"51517152a608926ee6b40ed8cfbba1a708f0a14f"},"time":"2012-09-20T10:40:24+00:00","require":{"php":">=5.3.2","symfony/monolog-bridge":">=2.1.0,<2.3-dev","symfony/dependency-injection":">=2.1.0,<2.3-dev","symfony/config":">=2.1.0,<2.3-dev","monolog/monolog":"1.*"},"support":{"issues":"https://github.com/symfony/monolog-bundle/issues","source":"https://github.com/symfony/monolog-bundle/tree/v2.1.5"}},{"version":"v2.1.0","version_normalized":"2.1.0.0","source":{"url":"https://github.com/symfony/monolog-bundle.git","type":"git","reference":"10c3d6fcda8d73eb1a35860eeea2933d1ab2c1f6"},"dist":{"url":"https://api.github.com/repos/symfony/monolog-bundle/zipball/10c3d6fcda8d73eb1a35860eeea2933d1ab2c1f6","type":"zip","shasum":"","reference":"10c3d6fcda8d73eb1a35860eeea2933d1ab2c1f6"},"time":"2012-08-21T14:05:54+00:00","require":{"php":">=5.3.2","symfony/monolog-bridge":"2.1.*","symfony/dependency-injection":"2.1.*","symfony/config":"2.1.*","monolog/monolog":"1.*"},"require-dev":{"symfony/yaml":"2.1.*","symfony/config":"2.1.*"},"support":{"issues":"https://github.com/symfony/monolog-bundle/issues","source":"https://github.com/symfony/monolog-bundle/tree/v2.1.0-RC2"}},{"version":"v2.1.0-RC2","version_normalized":"2.1.0.0-RC2"},{"version":"v2.1.0-RC1","version_normalized":"2.1.0.0-RC1","source":{"url":"https://github.com/symfony/monolog-bundle.git","type":"git","reference":"7fe7f711bb04b86ad7f45a9e11a7f8cbaf9bc1a5"},"dist":{"url":"https://api.github.com/repos/symfony/monolog-bundle/zipball/7fe7f711bb04b86ad7f45a9e11a7f8cbaf9bc1a5","type":"zip","shasum":"","reference":"7fe7f711bb04b86ad7f45a9e11a7f8cbaf9bc1a5"},"time":"2012-06-30T17:48:07+00:00","support":{"issues":"https://github.com/symfony/monolog-bundle/issues","source":"https://github.com/symfony/monolog-bundle/tree/v2.1.0-RC1"}},{"version":"v2.1.0-BETA4","version_normalized":"2.1.0.0-beta4"},{"version":"v2.1.0-BETA3","version_normalized":"2.1.0.0-beta3"},{"version":"v2.1.0-BETA2","version_normalized":"2.1.0.0-beta2"},{"version":"v2.1.0-BETA1","version_normalized":"2.1.0.0-beta1","source":{"url":"https://github.com/symfony/monolog-bundle.git","type":"git","reference":"0b5046d3d1ef93cd59ceabfa37de2665f5118c7f"},"dist":{"url":"https://api.github.com/repos/symfony/monolog-bundle/zipball/0b5046d3d1ef93cd59ceabfa37de2665f5118c7f","type":"zip","shasum":"","reference":"0b5046d3d1ef93cd59ceabfa37de2665f5118c7f"},"time":"2012-06-14T21:14:37+00:00","require-dev":{"symfony/yaml":"2.1.*"},"support":{"issues":"https://github.com/symfony/monolog-bundle/issues","source":"https://github.com/symfony/monolog-bundle/tree/v2.1.0-BETA1"}},{"version":"v2.0.23","version_normalized":"2.0.23.0","source":{"url":"https://github.com/symfony/monolog-bundle.git","type":"git","reference":"11d92dd21f1caea067567dc4ef9f3c9d3300de7d"},"dist":{"url":"https://api.github.com/repos/symfony/monolog-bundle/zipball/11d92dd21f1caea067567dc4ef9f3c9d3300de7d","type":"zip","shasum":"","reference":"11d92dd21f1caea067567dc4ef9f3c9d3300de7d"},"time":"2012-01-05T13:51:20+00:00","require":{"php":">=5.3.2","symfony/monolog-bridge":"self.version"},"support":{"issues":"https://github.com/symfony/monolog-bundle/issues","source":"https://github.com/symfony/monolog-bundle/tree/v2.0.23"},"extra":"__unset","require-dev":"__unset"},{"version":"v2.0.22","version_normalized":"2.0.22.0"},{"version":"v2.0.21","version_normalized":"2.0.21.0"},{"version":"v2.0.20","version_normalized":"2.0.20.0"},{"version":"v2.0.19","version_normalized":"2.0.19.0"},{"version":"v2.0.18","version_normalized":"2.0.18.0"},{"version":"v2.0.17","version_normalized":"2.0.17.0"},{"version":"v2.0.16","version_normalized":"2.0.16.0"},{"version":"v2.0.15","version_normalized":"2.0.15.0"},{"version":"v2.0.14","version_normalized":"2.0.14.0"},{"version":"v2.0.13","version_normalized":"2.0.13.0"},{"version":"v2.0.12","version_normalized":"2.0.12.0"},{"version":"v2.0.10","version_normalized":"2.0.10.0"},{"version":"v2.0.9","version_normalized":"2.0.9.0"},{"version":"2.0.7","version_normalized":"2.0.7.0","source":{"url":"https://github.com/symfony/monolog-bundle.git","type":"git","reference":"e08148c3f4e9ef4e887891aa83f2ff65e83cfe44"},"dist":{"url":"https://api.github.com/repos/symfony/monolog-bundle/zipball/e08148c3f4e9ef4e887891aa83f2ff65e83cfe44","type":"zip","shasum":"","reference":"e08148c3f4e9ef4e887891aa83f2ff65e83cfe44"},"time":"2011-12-08T14:17:20+00:00","support":{"issues":"https://github.com/symfony/monolog-bundle/issues","source":"https://github.com/symfony/monolog-bundle/tree/v2.0.7"}}]},"security-advisories":[],"last-modified":"Sun, 10 Jul 2022 14:59:41 GMT"}