{"minified":"composer/2.0","packages":{"setasign/fpdi":[{"name":"setasign/fpdi","description":"FPDI is a collection of PHP classes facilitating developers to read pages from existing PDF documents and use them as templates in FPDF. Because it is also possible to use FPDI with TCPDF, there are no fixed dependencies defined. Please see suggestions for packages which evaluates the dependencies automatically.","keywords":["pdf","fpdi","fpdf"],"homepage":"https://www.setasign.com/fpdi","version":"v2.3.6","version_normalized":"2.3.6.0","license":["MIT"],"authors":[{"name":"Jan Slabon","email":"jan.slabon@setasign.com","homepage":"https://www.setasign.com"},{"name":"Maximilian Kresse","email":"maximilian.kresse@setasign.com","homepage":"https://www.setasign.com"}],"source":{"url":"https://github.com/Setasign/FPDI.git","type":"git","reference":"6231e315f73e4f62d72b73f3d6d78ff0eed93c31"},"dist":{"url":"https://api.github.com/repos/Setasign/FPDI/zipball/6231e315f73e4f62d72b73f3d6d78ff0eed93c31","type":"zip","shasum":"","reference":"6231e315f73e4f62d72b73f3d6d78ff0eed93c31"},"type":"library","funding":[{"url":"https://tidelift.com/funding/github/packagist/setasign/fpdi","type":"tidelift"}],"time":"2021-02-11T11:37:01+00:00","autoload":{"psr-4":{"setasign\\Fpdi\\":"src/"}},"require":{"php":"^5.6 || ^7.0 || ^8.0","ext-zlib":"*"},"require-dev":{"phpunit/phpunit":"~5.7","setasign/fpdf":"~1.8","tecnickcom/tcpdf":"~6.2","setasign/tfpdf":"1.31","squizlabs/php_codesniffer":"^3.5"},"suggest":{"setasign/fpdf":"FPDI will extend this class but as it is also possible to use TCPDF or tFPDF as an alternative. There's no fixed dependency configured."},"conflict":{"setasign/tfpdf":"<1.31"},"support":{"issues":"https://github.com/Setasign/FPDI/issues","source":"https://github.com/Setasign/FPDI/tree/v2.3.6"}},{"version":"v2.3.5","version_normalized":"2.3.5.0","source":{"url":"https://github.com/Setasign/FPDI.git","type":"git","reference":"f2246c8669bd25834f5c264425eb0e250d7a9312"},"dist":{"url":"https://api.github.com/repos/Setasign/FPDI/zipball/f2246c8669bd25834f5c264425eb0e250d7a9312","type":"zip","shasum":"","reference":"f2246c8669bd25834f5c264425eb0e250d7a9312"},"time":"2020-12-03T13:40:03+00:00","support":{"issues":"https://github.com/Setasign/FPDI/issues","source":"https://github.com/Setasign/FPDI/tree/v2.3.5"}},{"version":"v2.3.4","version_normalized":"2.3.4.0","source":{"url":"https://github.com/Setasign/FPDI.git","type":"git","reference":"2b5fb811c04f937ef257ef3f798cebeded33c136"},"dist":{"url":"https://api.github.com/repos/Setasign/FPDI/zipball/2b5fb811c04f937ef257ef3f798cebeded33c136","type":"zip","shasum":"","reference":"2b5fb811c04f937ef257ef3f798cebeded33c136"},"time":"2020-08-27T06:55:47+00:00","require":{"php":"^5.6 || ^7.0","ext-zlib":"*"},"support":{"issues":"https://github.com/Setasign/FPDI/issues","source":"https://github.com/Setasign/FPDI/tree/master"}},{"version":"v2.3.3","version_normalized":"2.3.3.0","source":{"url":"https://github.com/Setasign/FPDI.git","type":"git","reference":"50c388860a73191e010810ed57dbed795578e867"},"dist":{"url":"https://api.github.com/repos/Setasign/FPDI/zipball/50c388860a73191e010810ed57dbed795578e867","type":"zip","shasum":"","reference":"50c388860a73191e010810ed57dbed795578e867"},"time":"2020-04-28T12:40:35+00:00","require-dev":{"phpunit/phpunit":"~5.7","setasign/fpdf":"~1.8","tecnickcom/tcpdf":"~6.2","setasign/tfpdf":"1.31"},"support":{"issues":"https://github.com/Setasign/FPDI/issues","source":"https://github.com/Setasign/FPDI/tree/v2.3.3"}},{"version":"v2.3.2","version_normalized":"2.3.2.0","source":{"url":"https://github.com/Setasign/FPDI.git","type":"git","reference":"527761458f504882ab844f15754523825647f291"},"dist":{"url":"https://api.github.com/repos/Setasign/FPDI/zipball/527761458f504882ab844f15754523825647f291","type":"zip","shasum":"","reference":"527761458f504882ab844f15754523825647f291"},"time":"2020-03-23T15:53:59+00:00","support":{"issues":"https://github.com/Setasign/FPDI/issues","source":"https://github.com/Setasign/FPDI/tree/master"}},{"version":"v2.3.1","version_normalized":"2.3.1.0","source":{"url":"https://github.com/Setasign/FPDI.git","type":"git","reference":"f58e64e51f61922d4c3ba4c6c91366ac520cb442"},"dist":{"url":"https://api.github.com/repos/Setasign/FPDI/zipball/f58e64e51f61922d4c3ba4c6c91366ac520cb442","type":"zip","shasum":"","reference":"f58e64e51f61922d4c3ba4c6c91366ac520cb442"},"time":"2020-03-10T15:28:15+00:00","suggest":{"setasign/fpdf":"FPDI will extend this class but as it is also possible to use TCPDF or tFPDF as an alternative. There's no fixed dependency configured.","setasign/fpdi-fpdf":"Use this package to automatically evaluate dependencies to FPDF.","setasign/fpdi-tcpdf":"Use this package to automatically evaluate dependencies to TCPDF.","setasign/fpdi-tfpdf":"Use this package to automatically evaluate dependencies to tFPDF."}},{"version":"v2.3.0","version_normalized":"2.3.0.0","source":{"url":"https://github.com/Setasign/FPDI.git","type":"git","reference":"ff7e43e07abb97feb4a1cceaf72d75ce0e175ca0"},"dist":{"url":"https://api.github.com/repos/Setasign/FPDI/zipball/ff7e43e07abb97feb4a1cceaf72d75ce0e175ca0","type":"zip","shasum":"","reference":"ff7e43e07abb97feb4a1cceaf72d75ce0e175ca0"},"time":"2020-02-19T11:30:55+00:00","funding":"__unset"},{"version":"v2.2.0","version_normalized":"2.2.0.0","source":{"url":"https://github.com/Setasign/FPDI.git","type":"git","reference":"3c266002f8044f61b17329f7cd702d44d73f0f7f"},"dist":{"url":"https://api.github.com/repos/Setasign/FPDI/zipball/3c266002f8044f61b17329f7cd702d44d73f0f7f","type":"zip","shasum":"","reference":"3c266002f8044f61b17329f7cd702d44d73f0f7f"},"time":"2019-01-30T14:11:19+00:00","require-dev":{"phpunit/phpunit":"~5.7","setasign/fpdf":"~1.8","tecnickcom/tcpdf":"~6.2","setasign/tfpdf":"1.25"},"conflict":"__unset"},{"version":"v2.1.1","version_normalized":"2.1.1.0","source":{"url":"https://github.com/Setasign/FPDI.git","type":"git","reference":"356de9cb6b6a826ac952c86aee6599463ea87362"},"dist":{"url":"https://api.github.com/repos/Setasign/FPDI/zipball/356de9cb6b6a826ac952c86aee6599463ea87362","type":"zip","shasum":"","reference":"356de9cb6b6a826ac952c86aee6599463ea87362"},"time":"2018-11-06T10:02:00+00:00"},{"version":"v2.1.0","version_normalized":"2.1.0.0","source":{"url":"https://github.com/Setasign/FPDI.git","type":"git","reference":"99a3181db556020fafa8f4d416120d8d14dee2ee"},"dist":{"url":"https://api.github.com/repos/Setasign/FPDI/zipball/99a3181db556020fafa8f4d416120d8d14dee2ee","type":"zip","shasum":"","reference":"99a3181db556020fafa8f4d416120d8d14dee2ee"},"time":"2018-09-13T14:55:17+00:00"},{"version":"v2.0.3","version_normalized":"2.0.3.0","source":{"url":"https://github.com/Setasign/FPDI.git","type":"git","reference":"5998a2f81ae5b4a59eb75ed65e6ec0518163de8d"},"dist":{"url":"https://api.github.com/repos/Setasign/FPDI/zipball/5998a2f81ae5b4a59eb75ed65e6ec0518163de8d","type":"zip","shasum":"","reference":"5998a2f81ae5b4a59eb75ed65e6ec0518163de8d"},"time":"2018-04-18T13:00:41+00:00","require-dev":{"phpunit/phpunit":"~5.7","setasign/fpdf":"~1.8","tecnickcom/tcpdf":"~6.2"},"suggest":{"setasign/fpdf":"FPDI will extend this class but as it is also possible to use \"tecnickcom/tcpdf\" as an alternative there's no fixed dependency configured.","setasign/fpdi-fpdf":"Use this package to automatically evaluate dependencies to FPDF.","setasign/fpdi-tcpdf":"Use this package to automatically evaluate dependencies to TCPDF."}},{"version":"v2.0.2","version_normalized":"2.0.2.0","source":{"url":"https://github.com/Setasign/FPDI.git","type":"git","reference":"a1016049c50bdb571a1bdcacac896be14dbb1179"},"dist":{"url":"https://api.github.com/repos/Setasign/FPDI/zipball/a1016049c50bdb571a1bdcacac896be14dbb1179","type":"zip","shasum":"","reference":"a1016049c50bdb571a1bdcacac896be14dbb1179"},"time":"2018-02-21T09:12:37+00:00"},{"version":"v2.0.1","version_normalized":"2.0.1.0","source":{"url":"https://github.com/Setasign/FPDI.git","type":"git","reference":"879dd95cd6b258ba5b062624723ef16c954f2b17"},"dist":{"url":"https://api.github.com/repos/Setasign/FPDI/zipball/879dd95cd6b258ba5b062624723ef16c954f2b17","type":"zip","shasum":"","reference":"879dd95cd6b258ba5b062624723ef16c954f2b17"},"time":"2017-11-13T15:12:36+00:00"},{"version":"v2.0.0","version_normalized":"2.0.0.0","source":{"url":"https://github.com/Setasign/FPDI.git","type":"git","reference":"e3fbf37f347bd2f4afeb4baf1b7a082590d5d28b"},"dist":{"url":"https://api.github.com/repos/Setasign/FPDI/zipball/e3fbf37f347bd2f4afeb4baf1b7a082590d5d28b","type":"zip","shasum":"","reference":"e3fbf37f347bd2f4afeb4baf1b7a082590d5d28b"},"time":"2017-10-12T14:17:15+00:00"},{"version":"v2.0.0-rc1","version_normalized":"2.0.0.0-RC1","source":{"url":"https://github.com/Setasign/FPDI.git","type":"git","reference":"300bb9a4a7e8e076827eaffb258fe199b5c1f058"},"dist":{"url":"https://api.github.com/repos/Setasign/FPDI/zipball/300bb9a4a7e8e076827eaffb258fe199b5c1f058","type":"zip","shasum":"","reference":"300bb9a4a7e8e076827eaffb258fe199b5c1f058"},"time":"2017-09-18T12:42:22+00:00","support":{"issues":"https://github.com/Setasign/FPDI/issues","source":"https://github.com/Setasign/FPDI/tree/development"}},{"version":"v2.0.0-beta2","version_normalized":"2.0.0.0-beta2","source":{"url":"https://github.com/Setasign/FPDI.git","type":"git","reference":"5d26c37e111292bae864b17a50f8503b34d86c2a"},"dist":{"url":"https://api.github.com/repos/Setasign/FPDI/zipball/5d26c37e111292bae864b17a50f8503b34d86c2a","type":"zip","shasum":"","reference":"5d26c37e111292bae864b17a50f8503b34d86c2a"},"time":"2017-08-28T06:07:06+00:00"},{"version":"v2.0.0-beta","version_normalized":"2.0.0.0-beta","source":{"url":"https://github.com/Setasign/FPDI.git","type":"git","reference":"9205a48ee13c22f3d82acfbe8ed2e9056828a968"},"dist":{"url":"https://api.github.com/repos/Setasign/FPDI/zipball/9205a48ee13c22f3d82acfbe8ed2e9056828a968","type":"zip","shasum":"","reference":"9205a48ee13c22f3d82acfbe8ed2e9056828a968"},"time":"2017-08-22T10:43:01+00:00"},{"version":"1.6.2","version_normalized":"1.6.2.0","authors":[{"name":"Jan Slabon","email":"jan.slabon@setasign.com","homepage":"https://www.setasign.com"}],"source":{"url":"https://github.com/Setasign/FPDI.git","type":"git","reference":"a6ad58897a6d97cc2d2cd2adaeda343b25a368ea"},"dist":{"url":"https://api.github.com/repos/Setasign/FPDI/zipball/a6ad58897a6d97cc2d2cd2adaeda343b25a368ea","type":"zip","shasum":"","reference":"a6ad58897a6d97cc2d2cd2adaeda343b25a368ea"},"time":"2017-05-11T14:25:49+00:00","autoload":{"classmap":["filters/","fpdi.php","fpdf_tpl.php","fpdi_pdf_parser.php","pdf_context.php"]},"support":{"issues":"https://github.com/Setasign/FPDI/issues","source":"https://github.com/Setasign/FPDI/tree/master"},"require":"__unset","require-dev":"__unset"},{"version":"1.6.1","version_normalized":"1.6.1.0","source":{"url":"https://github.com/Setasign/FPDI.git","type":"git","reference":"5b899b2b41463bf261aa69840fd30b50950a500c"},"dist":{"url":"https://api.github.com/repos/Setasign/FPDI/zipball/5b899b2b41463bf261aa69840fd30b50950a500c","type":"zip","shasum":"","reference":"5b899b2b41463bf261aa69840fd30b50950a500c"},"time":"2015-11-30T10:53:14+00:00"},{"version":"1.6.0","version_normalized":"1.6.0.0","source":{"url":"https://github.com/Setasign/FPDI.git","type":"git","reference":"431656b523b80be2e508b4a63f94ae17fe1e2e61"},"dist":{"url":"https://api.github.com/repos/Setasign/FPDI/zipball/431656b523b80be2e508b4a63f94ae17fe1e2e61","type":"zip","shasum":"","reference":"431656b523b80be2e508b4a63f94ae17fe1e2e61"},"time":"2015-10-12T15:04:40+00:00"},{"version":"1.5.4","version_normalized":"1.5.4.0","license":["Apache-2.0"],"source":{"url":"https://github.com/Setasign/FPDI.git","type":"git","reference":"911d44f3e58fc956b79a9cc2567f74a6ec86741f"},"dist":{"url":"https://api.github.com/repos/Setasign/FPDI/zipball/911d44f3e58fc956b79a9cc2567f74a6ec86741f","type":"zip","shasum":"","reference":"911d44f3e58fc956b79a9cc2567f74a6ec86741f"},"time":"2015-05-18T11:02:31+00:00","suggest":{"setasign/fpdf":"FPDI will extend this class but as it is also possible to use \"tecnick.com/tcpdf\" as an alternative there's no fixed dependency configured.","setasign/fpdi-fpdf":"Use this package to automatically evaluate dependencies to FPDF.","setasign/fpdi-tcpdf":"Use this package to automatically evaluate dependencies to TCPDF."}},{"description":"FPDI is a collection of PHP classes facilitating developers to read pages from existing PDF documents and use them as templates in FPDF.","version":"1.5.3","version_normalized":"1.5.3.0","source":{"url":"https://github.com/Setasign/FPDI.git","type":"git","reference":"8dd7565249f81c9f0ecc13e429a75702c8a20db4"},"dist":{"url":"https://api.github.com/repos/Setasign/FPDI/zipball/8dd7565249f81c9f0ecc13e429a75702c8a20db4","type":"zip","shasum":"","reference":"8dd7565249f81c9f0ecc13e429a75702c8a20db4"},"time":"2015-05-11T08:50:55+00:00","autoload":{"classmap":["filters/","fpdi.php","fpdf_tpl.php","fpdi_pdf_parser.php","fpdi_bridge.php","pdf_context.php"]},"suggest":"__unset"},{"description":"FPDI is a collection of PHP classes facilitating developers to read pages from existing PDF documents. This package contains some special fixes for use with TCPDF.","keywords":["pdf","fpdi"],"homepage":"http://www.setasign.de/","version":"1.5.2","version_normalized":"1.5.2.0","authors":[],"source":{"url":"https://github.com/Setasign/FPDI.git","type":"git","reference":"324cea8d7b08aa14246c802e8745907aeb744c9f"},"dist":{"url":"https://api.github.com/repos/Setasign/FPDI/zipball/324cea8d7b08aa14246c802e8745907aeb744c9f","type":"zip","shasum":"","reference":"324cea8d7b08aa14246c802e8745907aeb744c9f"},"time":"2015-05-08T08:16:27+00:00","autoload":{"classmap":["filters","fpdi.php","fpdf_tpl.php","fpdi_pdf_parser.php","fpdi_bridge.php","pdf_context.php","pdf_parser.php"]},"require":{"php":">=5.3.0"},"support":{"issues":"https://github.com/Setasign/FPDI/issues","source":"https://github.com/Setasign/FPDI/tree/1.5.2"}}]},"security-advisories":[],"last-modified":"Thu, 21 Jul 2022 12:00:32 GMT"}