{"minified":"composer/2.0","packages":{"google/apiclient":[{"name":"google/apiclient","description":"Client library for Google APIs","keywords":["google"],"homepage":"http://developers.google.com/api-client-library/php","version":"v2.12.6","version_normalized":"2.12.6.0","license":["Apache-2.0"],"authors":[],"source":{"url":"https://github.com/googleapis/google-api-php-client.git","type":"git","reference":"f92aa126903a9e2da5bd41a280d9633cb249e79e"},"dist":{"url":"https://api.github.com/repos/googleapis/google-api-php-client/zipball/f92aa126903a9e2da5bd41a280d9633cb249e79e","type":"zip","shasum":"","reference":"f92aa126903a9e2da5bd41a280d9633cb249e79e"},"type":"library","time":"2022-06-06T20:00:19+00:00","autoload":{"files":["src/aliases.php"],"psr-4":{"Google\\":"src/"},"classmap":["src/aliases.php"]},"extra":{"branch-alias":{"dev-main":"2.x-dev"}},"require":{"php":"^5.6|^7.0|^8.0","google/auth":"^1.10","google/apiclient-services":"~0.200","firebase/php-jwt":"~2.0||~3.0||~4.0||~5.0||~6.0","monolog/monolog":"^1.17||^2.0||^3.0","phpseclib/phpseclib":"~2.0||^3.0.2","guzzlehttp/guzzle":"~5.3.3||~6.0||~7.0","guzzlehttp/psr7":"^1.8.4||^2.2.1"},"require-dev":{"squizlabs/php_codesniffer":"^3.0","symfony/dom-crawler":"~2.1","symfony/css-selector":"~2.1","cache/filesystem-adapter":"^0.3.2|^1.1","phpcompatibility/php-compatibility":"^9.2","composer/composer":"^1.10.22","yoast/phpunit-polyfills":"^1.0","phpspec/prophecy-phpunit":"^1.1||^2.0","phpunit/phpunit":"^5.7.21 || ^6.0 || ^7.0 || ^8.0 || ^9.0"},"suggest":{"cache/filesystem-adapter":"For caching certs and tokens (using Google\\Client::setCache)"},"support":{"issues":"https://github.com/googleapis/google-api-php-client/issues","source":"https://github.com/googleapis/google-api-php-client/tree/v2.12.6"}},{"version":"v2.12.5","version_normalized":"2.12.5.0","source":{"url":"https://github.com/googleapis/google-api-php-client.git","type":"git","reference":"eb10f733eb0ebec058776cda206009d01af9f9e3"},"dist":{"url":"https://api.github.com/repos/googleapis/google-api-php-client/zipball/eb10f733eb0ebec058776cda206009d01af9f9e3","type":"zip","shasum":"","reference":"eb10f733eb0ebec058776cda206009d01af9f9e3"},"time":"2022-05-31T14:44:17+00:00","support":{"issues":"https://github.com/googleapis/google-api-php-client/issues","source":"https://github.com/googleapis/google-api-php-client/tree/v2.12.5"}},{"version":"v2.12.4","version_normalized":"2.12.4.0","source":{"url":"https://github.com/googleapis/google-api-php-client.git","type":"git","reference":"702eed9ae7022ba20dc7118c8161060cb50ee9f8"},"dist":{"url":"https://api.github.com/repos/googleapis/google-api-php-client/zipball/702eed9ae7022ba20dc7118c8161060cb50ee9f8","type":"zip","shasum":"","reference":"702eed9ae7022ba20dc7118c8161060cb50ee9f8"},"time":"2022-04-20T16:44:03+00:00","require":{"php":"^5.6|^7.0|^8.0","google/auth":"^1.10","google/apiclient-services":"~0.200","firebase/php-jwt":"~2.0||~3.0||~4.0||~5.0||~6.0","monolog/monolog":"^1.17||^2.0","phpseclib/phpseclib":"~2.0||^3.0.2","guzzlehttp/guzzle":"~5.3.3||~6.0||~7.0","guzzlehttp/psr7":"^1.8.4||^2.2.1"},"require-dev":{"squizlabs/php_codesniffer":"~2.3","symfony/dom-crawler":"~2.1","symfony/css-selector":"~2.1","cache/filesystem-adapter":"^0.3.2|^1.1","phpcompatibility/php-compatibility":"^9.2","dealerdirect/phpcodesniffer-composer-installer":"^0.7","composer/composer":"^1.10.22","yoast/phpunit-polyfills":"^1.0","phpspec/prophecy-phpunit":"^1.1||^2.0","phpunit/phpunit":"^5.7.21 || ^6.0 || ^7.0 || ^8.0 || ^9.0"},"support":{"issues":"https://github.com/googleapis/google-api-php-client/issues","source":"https://github.com/googleapis/google-api-php-client/tree/v2.12.4"}},{"version":"v2.12.3","version_normalized":"2.12.3.0","source":{"url":"https://github.com/googleapis/google-api-php-client.git","type":"git","reference":"506c488cb22c960022adf515bf0acc1d266e81db"},"dist":{"url":"https://api.github.com/repos/googleapis/google-api-php-client/zipball/506c488cb22c960022adf515bf0acc1d266e81db","type":"zip","shasum":"","reference":"506c488cb22c960022adf515bf0acc1d266e81db"},"time":"2022-04-18T16:01:04+00:00","support":{"issues":"https://github.com/googleapis/google-api-php-client/issues","source":"https://github.com/googleapis/google-api-php-client/tree/v2.12.3"}},{"version":"v2.12.2","version_normalized":"2.12.2.0","source":{"url":"https://github.com/googleapis/google-api-php-client.git","type":"git","reference":"a18b0e1ef5618523c607c01a41ec137c7f9af3b1"},"dist":{"url":"https://api.github.com/repos/googleapis/google-api-php-client/zipball/a18b0e1ef5618523c607c01a41ec137c7f9af3b1","type":"zip","shasum":"","reference":"a18b0e1ef5618523c607c01a41ec137c7f9af3b1"},"time":"2022-04-05T16:19:05+00:00","support":{"issues":"https://github.com/googleapis/google-api-php-client/issues","source":"https://github.com/googleapis/google-api-php-client/tree/v2.12.2"}},{"version":"v2.12.1","version_normalized":"2.12.1.0","source":{"url":"https://github.com/googleapis/google-api-php-client.git","type":"git","reference":"1530583a711f4414407112c4068464bcbace1c71"},"dist":{"url":"https://api.github.com/repos/googleapis/google-api-php-client/zipball/1530583a711f4414407112c4068464bcbace1c71","type":"zip","shasum":"","reference":"1530583a711f4414407112c4068464bcbace1c71"},"time":"2021-12-02T03:34:25+00:00","require":{"php":"^5.6|^7.0|^8.0","google/auth":"^1.10","google/apiclient-services":"~0.200","firebase/php-jwt":"~2.0||~3.0||~4.0||~5.0","monolog/monolog":"^1.17||^2.0","phpseclib/phpseclib":"~2.0||^3.0.2","guzzlehttp/guzzle":"~5.3.3||~6.0||~7.0","guzzlehttp/psr7":"^1.7||^2.0.0"},"support":{"issues":"https://github.com/googleapis/google-api-php-client/issues","source":"https://github.com/googleapis/google-api-php-client/tree/v2.12.1"}},{"version":"v2.12.0","version_normalized":"2.12.0.0","source":{"url":"https://github.com/googleapis/google-api-php-client.git","type":"git","reference":"c72e04523bd60f460c1db0a951f7f72454c58425"},"dist":{"url":"https://api.github.com/repos/googleapis/google-api-php-client/zipball/c72e04523bd60f460c1db0a951f7f72454c58425","type":"zip","shasum":"","reference":"c72e04523bd60f460c1db0a951f7f72454c58425"},"time":"2021-12-01T17:55:09+00:00","extra":{"branch-alias":{"dev-master":"2.x-dev"}},"support":{"issues":"https://github.com/googleapis/google-api-php-client/issues","source":"https://github.com/googleapis/google-api-php-client/tree/v2.12.0"}},{"version":"v2.11.0","version_normalized":"2.11.0.0","source":{"url":"https://github.com/googleapis/google-api-php-client.git","type":"git","reference":"7db9eb40c8ba887e81c0fe84f2888a967396cdfb"},"dist":{"url":"https://api.github.com/repos/googleapis/google-api-php-client/zipball/7db9eb40c8ba887e81c0fe84f2888a967396cdfb","type":"zip","shasum":"","reference":"7db9eb40c8ba887e81c0fe84f2888a967396cdfb"},"time":"2021-09-20T21:15:55+00:00","support":{"issues":"https://github.com/googleapis/google-api-php-client/issues","source":"https://github.com/googleapis/google-api-php-client/tree/v2.11.0"}},{"version":"v2.10.1","version_normalized":"2.10.1.0","source":{"url":"https://github.com/googleapis/google-api-php-client.git","type":"git","reference":"11871e94006ce7a419bb6124d51b6f9ace3f679b"},"dist":{"url":"https://api.github.com/repos/googleapis/google-api-php-client/zipball/11871e94006ce7a419bb6124d51b6f9ace3f679b","type":"zip","shasum":"","reference":"11871e94006ce7a419bb6124d51b6f9ace3f679b"},"time":"2021-06-25T14:25:44+00:00","require":{"php":"^5.6|^7.0|^8.0","google/auth":"^1.10","google/apiclient-services":"~0.200","firebase/php-jwt":"~2.0||~3.0||~4.0||~5.0","monolog/monolog":"^1.17|^2.0","phpseclib/phpseclib":"~2.0||^3.0.2","guzzlehttp/guzzle":"~5.3.3||~6.0||~7.0","guzzlehttp/psr7":"^1.2"},"require-dev":{"phpunit/phpunit":"^5.7||^8.5.13","squizlabs/php_codesniffer":"~2.3","symfony/dom-crawler":"~2.1","symfony/css-selector":"~2.1","cache/filesystem-adapter":"^0.3.2|^1.1","phpcompatibility/php-compatibility":"^9.2","dealerdirect/phpcodesniffer-composer-installer":"^0.7","composer/composer":"^1.10.22"},"support":{"issues":"https://github.com/googleapis/google-api-php-client/issues","source":"https://github.com/googleapis/google-api-php-client/tree/v2.10.1"}},{"version":"v2.10.0","version_normalized":"2.10.0.0","source":{"url":"https://github.com/googleapis/google-api-php-client.git","type":"git","reference":"b86b0c974bc998499e080f3d3178aaab06d07ee3"},"dist":{"url":"https://api.github.com/repos/googleapis/google-api-php-client/zipball/b86b0c974bc998499e080f3d3178aaab06d07ee3","type":"zip","shasum":"","reference":"b86b0c974bc998499e080f3d3178aaab06d07ee3"},"time":"2021-06-23T18:16:21+00:00","require":{"php":"^5.6|^7.0|^8.0","google/auth":"^1.10","google/apiclient-services":"^0.200.0","firebase/php-jwt":"~2.0||~3.0||~4.0||~5.0","monolog/monolog":"^1.17|^2.0","phpseclib/phpseclib":"~2.0||^3.0.2","guzzlehttp/guzzle":"~5.3.3||~6.0||~7.0","guzzlehttp/psr7":"^1.2"},"support":{"issues":"https://github.com/googleapis/google-api-php-client/issues","source":"https://github.com/googleapis/google-api-php-client/tree/v2.10.0"}},{"version":"v2.9.2","version_normalized":"2.9.2.0","source":{"url":"https://github.com/googleapis/google-api-php-client.git","type":"git","reference":"e9ef4c26a044b8d39a46bcf296be795fe24a1849"},"dist":{"url":"https://api.github.com/repos/googleapis/google-api-php-client/zipball/e9ef4c26a044b8d39a46bcf296be795fe24a1849","type":"zip","shasum":"","reference":"e9ef4c26a044b8d39a46bcf296be795fe24a1849"},"time":"2021-06-09T22:15:08+00:00","require":{"php":"^5.6|^7.0|^8.0","google/auth":"^1.10","google/apiclient-services":"~0.13","firebase/php-jwt":"~2.0||~3.0||~4.0||~5.0","monolog/monolog":"^1.17|^2.0","phpseclib/phpseclib":"~2.0||^3.0.2","guzzlehttp/guzzle":"~5.3.3||~6.0||~7.0","guzzlehttp/psr7":"^1.2"},"support":{"issues":"https://github.com/googleapis/google-api-php-client/issues","source":"https://github.com/googleapis/google-api-php-client/tree/v2.9.2"}},{"version":"v2.9.1","version_normalized":"2.9.1.0","source":{"url":"https://github.com/googleapis/google-api-php-client.git","type":"git","reference":"2fb6e702aca5d68203fa737f89f6f774022494c6"},"dist":{"url":"https://api.github.com/repos/googleapis/google-api-php-client/zipball/2fb6e702aca5d68203fa737f89f6f774022494c6","type":"zip","shasum":"","reference":"2fb6e702aca5d68203fa737f89f6f774022494c6"},"time":"2021-01-19T17:48:59+00:00","require-dev":{"phpunit/phpunit":"^5.7||^8.5.13","squizlabs/php_codesniffer":"~2.3","symfony/dom-crawler":"~2.1","symfony/css-selector":"~2.1","cache/filesystem-adapter":"^0.3.2|^1.1","phpcompatibility/php-compatibility":"^9.2","dealerdirect/phpcodesniffer-composer-installer":"^0.7","composer/composer":"^1.10"},"support":{"issues":"https://github.com/googleapis/google-api-php-client/issues","source":"https://github.com/googleapis/google-api-php-client/tree/v2.9.1"}},{"version":"v2.9.0","version_normalized":"2.9.0.0","source":{"url":"https://github.com/googleapis/google-api-php-client.git","type":"git","reference":"2fa15d9db4ce653dbb128bd6b08eff9e6c0702ae"},"dist":{"url":"https://api.github.com/repos/googleapis/google-api-php-client/zipball/2fa15d9db4ce653dbb128bd6b08eff9e6c0702ae","type":"zip","shasum":"","reference":"2fa15d9db4ce653dbb128bd6b08eff9e6c0702ae"},"time":"2021-01-19T15:19:03+00:00","support":{"issues":"https://github.com/googleapis/google-api-php-client/issues","source":"https://github.com/googleapis/google-api-php-client/tree/v2.9.0"}},{"version":"v2.8.3","version_normalized":"2.8.3.0","source":{"url":"https://github.com/googleapis/google-api-php-client.git","type":"git","reference":"81696e6206322e38c643cfcc96c4494ccfef8a32"},"dist":{"url":"https://api.github.com/repos/googleapis/google-api-php-client/zipball/81696e6206322e38c643cfcc96c4494ccfef8a32","type":"zip","shasum":"","reference":"81696e6206322e38c643cfcc96c4494ccfef8a32"},"time":"2020-11-17T17:33:35+00:00","require":{"php":">=5.4","google/auth":"^1.10","google/apiclient-services":"~0.13","firebase/php-jwt":"~2.0||~3.0||~4.0||~5.0","monolog/monolog":"^1.17|^2.0","phpseclib/phpseclib":"~0.3.10||~2.0","guzzlehttp/guzzle":"~5.3.1||~6.0||~7.0","guzzlehttp/psr7":"^1.2"},"require-dev":{"phpunit/phpunit":"^4.8.36|^5.0","squizlabs/php_codesniffer":"~2.3","symfony/dom-crawler":"~2.1","symfony/css-selector":"~2.1","cache/filesystem-adapter":"^0.3.2","phpcompatibility/php-compatibility":"^9.2","dealerdirect/phpcodesniffer-composer-installer":"^0.7","composer/composer":"^1.10"},"support":{"issues":"https://github.com/googleapis/google-api-php-client/issues","source":"https://github.com/googleapis/google-api-php-client/tree/v2.8.3"}},{"version":"v2.8.2","version_normalized":"2.8.2.0","source":{"url":"https://github.com/googleapis/google-api-php-client.git","type":"git","reference":"24f3ec0c79567a08c31f8271b61d79b050b25b0a"},"dist":{"url":"https://api.github.com/repos/googleapis/google-api-php-client/zipball/24f3ec0c79567a08c31f8271b61d79b050b25b0a","type":"zip","shasum":"","reference":"24f3ec0c79567a08c31f8271b61d79b050b25b0a"},"time":"2020-11-11T17:07:53+00:00","support":{"issues":"https://github.com/googleapis/google-api-php-client/issues","source":"https://github.com/googleapis/google-api-php-client/tree/v2.8.2"}},{"version":"v2.8.1","version_normalized":"2.8.1.0","source":{"url":"https://github.com/googleapis/google-api-php-client.git","type":"git","reference":"c8f6d09f50f859fa9457104bb0fb72c893804ede"},"dist":{"url":"https://api.github.com/repos/googleapis/google-api-php-client/zipball/c8f6d09f50f859fa9457104bb0fb72c893804ede","type":"zip","shasum":"","reference":"c8f6d09f50f859fa9457104bb0fb72c893804ede"},"time":"2020-10-27T23:20:13+00:00","support":{"issues":"https://github.com/googleapis/google-api-php-client/issues","source":"https://github.com/googleapis/google-api-php-client/tree/v2.8.1"}},{"version":"v2.8.0","version_normalized":"2.8.0.0","source":{"url":"https://github.com/googleapis/google-api-php-client.git","type":"git","reference":"cf9a070f9da78cd207a69b2a94832d381c8c4163"},"dist":{"url":"https://api.github.com/repos/googleapis/google-api-php-client/zipball/cf9a070f9da78cd207a69b2a94832d381c8c4163","type":"zip","shasum":"","reference":"cf9a070f9da78cd207a69b2a94832d381c8c4163"},"time":"2020-10-23T20:29:29+00:00","require-dev":{"phpunit/phpunit":"^4.8.36|^5.0","squizlabs/php_codesniffer":"~2.3","symfony/dom-crawler":"~2.1","symfony/css-selector":"~2.1","cache/filesystem-adapter":"^0.3.2","phpcompatibility/php-compatibility":"^9.2","dealerdirect/phpcodesniffer-composer-installer":"^0.5.0","composer/composer":"^1.10"},"support":{"issues":"https://github.com/googleapis/google-api-php-client/issues","source":"https://github.com/googleapis/google-api-php-client/tree/v2.8.0"}},{"version":"v2.7.2","version_normalized":"2.7.2.0","source":{"url":"https://github.com/googleapis/google-api-php-client.git","type":"git","reference":"9df720d72c59456b5466e3f66e1e78cfe422a5ba"},"dist":{"url":"https://api.github.com/repos/googleapis/google-api-php-client/zipball/9df720d72c59456b5466e3f66e1e78cfe422a5ba","type":"zip","shasum":"","reference":"9df720d72c59456b5466e3f66e1e78cfe422a5ba"},"time":"2020-09-18T20:02:04+00:00","autoload":{"psr-0":{"Google_":"src/"},"classmap":["src/Google/Service/"]},"suggest":{"cache/filesystem-adapter":"For caching certs and tokens (using Google_Client::setCache)"},"support":{"issues":"https://github.com/googleapis/google-api-php-client/issues","source":"https://github.com/googleapis/google-api-php-client/tree/v2.7.2"}},{"version":"v2.7.1","version_normalized":"2.7.1.0","source":{"url":"https://github.com/googleapis/google-api-php-client.git","type":"git","reference":"e748d1d5a51166754f13809d35f1fa162cbec530"},"dist":{"url":"https://api.github.com/repos/googleapis/google-api-php-client/zipball/e748d1d5a51166754f13809d35f1fa162cbec530","type":"zip","shasum":"","reference":"e748d1d5a51166754f13809d35f1fa162cbec530"},"time":"2020-09-08T16:38:08+00:00","support":{"issues":"https://github.com/googleapis/google-api-php-client/issues","source":"https://github.com/googleapis/google-api-php-client/tree/v2.7.1"}},{"version":"v2.7.0","version_normalized":"2.7.0.0","source":{"url":"https://github.com/googleapis/google-api-php-client.git","type":"git","reference":"48ec94577b51bde415270116118b07a294e07c43"},"dist":{"url":"https://api.github.com/repos/googleapis/google-api-php-client/zipball/48ec94577b51bde415270116118b07a294e07c43","type":"zip","shasum":"","reference":"48ec94577b51bde415270116118b07a294e07c43"},"time":"2020-07-23T21:37:43+00:00","support":{"issues":"https://github.com/googleapis/google-api-php-client/issues","source":"https://github.com/googleapis/google-api-php-client/tree/master"}},{"version":"v2.6.0","version_normalized":"2.6.0.0","source":{"url":"https://github.com/googleapis/google-api-php-client.git","type":"git","reference":"326e37fde5145079b74f1ce7249d242739d53cbc"},"dist":{"url":"https://api.github.com/repos/googleapis/google-api-php-client/zipball/326e37fde5145079b74f1ce7249d242739d53cbc","type":"zip","shasum":"","reference":"326e37fde5145079b74f1ce7249d242739d53cbc"},"time":"2020-07-10T17:05:22+00:00","require-dev":{"phpunit/phpunit":"^4.8.36|^5.0","squizlabs/php_codesniffer":"~2.3","symfony/dom-crawler":"~2.1","symfony/css-selector":"~2.1","cache/filesystem-adapter":"^0.3.2","phpcompatibility/php-compatibility":"^9.2","dealerdirect/phpcodesniffer-composer-installer":"^0.5.0"}},{"version":"v2.5.0","version_normalized":"2.5.0.0","source":{"url":"https://github.com/googleapis/google-api-php-client.git","type":"git","reference":"9ab9cc07f66e2c7274ea2753f102ae24d1271410"},"dist":{"url":"https://api.github.com/repos/googleapis/google-api-php-client/zipball/9ab9cc07f66e2c7274ea2753f102ae24d1271410","type":"zip","shasum":"","reference":"9ab9cc07f66e2c7274ea2753f102ae24d1271410"},"time":"2020-05-26T22:29:38+00:00","require":{"php":">=5.4","google/auth":"^1.9","google/apiclient-services":"~0.13","firebase/php-jwt":"~2.0||~3.0||~4.0||~5.0","monolog/monolog":"^1.17|^2.0","phpseclib/phpseclib":"~0.3.10||~2.0","guzzlehttp/guzzle":"~5.3.1||~6.0","guzzlehttp/psr7":"^1.2"},"require-dev":{"phpunit/phpunit":"^4.8|^5.0","squizlabs/php_codesniffer":"~2.3","symfony/dom-crawler":"~2.1","symfony/css-selector":"~2.1","cache/filesystem-adapter":"^0.3.2","phpcompatibility/php-compatibility":"^9.2","dealerdirect/phpcodesniffer-composer-installer":"^0.5.0"},"support":{"issues":"https://github.com/googleapis/google-api-php-client/issues","source":"https://github.com/googleapis/google-api-php-client/tree/v2.5.0"}},{"version":"v2.4.1","version_normalized":"2.4.1.0","source":{"url":"https://github.com/googleapis/google-api-php-client.git","type":"git","reference":"1fdfe942f9aaf3064e621834a5e3047fccb3a6da"},"dist":{"url":"https://api.github.com/repos/googleapis/google-api-php-client/zipball/1fdfe942f9aaf3064e621834a5e3047fccb3a6da","type":"zip","shasum":"","reference":"1fdfe942f9aaf3064e621834a5e3047fccb3a6da"},"time":"2020-03-26T15:30:32+00:00","require":{"php":">=5.4","google/auth":"^1.0","google/apiclient-services":"~0.13","firebase/php-jwt":"~2.0||~3.0||~4.0||~5.0","monolog/monolog":"^1.17|^2.0","phpseclib/phpseclib":"~0.3.10||~2.0","guzzlehttp/guzzle":"~5.3.1||~6.0","guzzlehttp/psr7":"^1.2"},"support":{"issues":"https://github.com/googleapis/google-api-php-client/issues","source":"https://github.com/googleapis/google-api-php-client/tree/v2.4.1"}},{"version":"v2.4.0","version_normalized":"2.4.0.0","source":{"url":"https://github.com/googleapis/google-api-php-client.git","type":"git","reference":"cd3c37998020d91ae4eafca4f26a92da4dabba83"},"dist":{"url":"https://api.github.com/repos/googleapis/google-api-php-client/zipball/cd3c37998020d91ae4eafca4f26a92da4dabba83","type":"zip","shasum":"","reference":"cd3c37998020d91ae4eafca4f26a92da4dabba83"},"time":"2019-09-11T17:38:10+00:00","require-dev":{"phpunit/phpunit":"~4.8.36","squizlabs/php_codesniffer":"~2.3","symfony/dom-crawler":"~2.1","symfony/css-selector":"~2.1","cache/filesystem-adapter":"^0.3.2","phpcompatibility/php-compatibility":"^9.2","dealerdirect/phpcodesniffer-composer-installer":"^0.5.0"},"support":{"issues":"https://github.com/googleapis/google-api-php-client/issues","source":"https://github.com/googleapis/google-api-php-client/tree/v2.4.0"}},{"version":"v2.3.0","version_normalized":"2.3.0.0","source":{"url":"https://github.com/googleapis/google-api-php-client.git","type":"git","reference":"ea5c94d975c150b6eb892abb5536d24205376d4e"},"dist":{"url":"https://api.github.com/repos/googleapis/google-api-php-client/zipball/ea5c94d975c150b6eb892abb5536d24205376d4e","type":"zip","shasum":"","reference":"ea5c94d975c150b6eb892abb5536d24205376d4e"},"time":"2019-09-09T16:04:18+00:00","support":{"issues":"https://github.com/googleapis/google-api-php-client/issues","source":"https://github.com/googleapis/google-api-php-client/tree/v2.3.0"}},{"version":"v2.2.4","version_normalized":"2.2.4.0","source":{"url":"https://github.com/googleapis/google-api-php-client.git","type":"git","reference":"d6c7563bdf88d6a0719ea63e21c74dc86032364e"},"dist":{"url":"https://api.github.com/repos/googleapis/google-api-php-client/zipball/d6c7563bdf88d6a0719ea63e21c74dc86032364e","type":"zip","shasum":"","reference":"d6c7563bdf88d6a0719ea63e21c74dc86032364e"},"time":"2019-08-19T18:09:46+00:00","require":{"php":">=5.4","google/auth":"^1.0","google/apiclient-services":"~0.13","firebase/php-jwt":"~2.0||~3.0||~4.0||~5.0","monolog/monolog":"^1.17","phpseclib/phpseclib":"~0.3.10||~2.0","guzzlehttp/guzzle":"~5.3.1||~6.0","guzzlehttp/psr7":"^1.2"},"support":{"issues":"https://github.com/googleapis/google-api-php-client/issues","source":"https://github.com/googleapis/google-api-php-client/tree/v2.2.4"}},{"version":"v2.2.3","version_normalized":"2.2.3.0","source":{"url":"https://github.com/googleapis/google-api-php-client.git","type":"git","reference":"4bfd3edc21cceaf45fc216a4196e1993cf7a89eb"},"dist":{"url":"https://api.github.com/repos/googleapis/google-api-php-client/zipball/4bfd3edc21cceaf45fc216a4196e1993cf7a89eb","type":"zip","shasum":"","reference":"4bfd3edc21cceaf45fc216a4196e1993cf7a89eb"},"time":"2019-05-21T18:06:55+00:00","require-dev":{"phpunit/phpunit":"~4.8.36","squizlabs/php_codesniffer":"~2.3","symfony/dom-crawler":"~2.1","symfony/css-selector":"~2.1","cache/filesystem-adapter":"^0.3.2"},"support":{"issues":"https://github.com/googleapis/google-api-php-client/issues","source":"https://github.com/googleapis/google-api-php-client/tree/v2.2.3"}},{"version":"v2.2.2","version_normalized":"2.2.2.0","source":{"url":"https://github.com/googleapis/google-api-php-client.git","type":"git","reference":"4e0fd83510e579043e10e565528b323b7c2b3c81"},"dist":{"url":"https://api.github.com/repos/googleapis/google-api-php-client/zipball/4e0fd83510e579043e10e565528b323b7c2b3c81","type":"zip","shasum":"","reference":"4e0fd83510e579043e10e565528b323b7c2b3c81"},"time":"2018-06-20T15:52:20+00:00","require":{"php":">=5.4","google/auth":"^1.0","google/apiclient-services":"~0.13","firebase/php-jwt":"~2.0|~3.0|~4.0|~5.0","monolog/monolog":"^1.17","phpseclib/phpseclib":"~0.3.10|~2.0","guzzlehttp/guzzle":"~5.3.1|~6.0","guzzlehttp/psr7":"^1.2"},"support":{"issues":"https://github.com/googleapis/google-api-php-client/issues","source":"https://github.com/googleapis/google-api-php-client/tree/v2.2.2"}},{"version":"v2.2.1","version_normalized":"2.2.1.0","source":{"url":"https://github.com/googleapis/google-api-php-client.git","type":"git","reference":"b69b8ac4bf6501793c389d4e013a79d09c85c5f2"},"dist":{"url":"https://api.github.com/repos/googleapis/google-api-php-client/zipball/b69b8ac4bf6501793c389d4e013a79d09c85c5f2","type":"zip","shasum":"","reference":"b69b8ac4bf6501793c389d4e013a79d09c85c5f2"},"time":"2017-11-03T01:19:53+00:00","require-dev":{"phpunit/phpunit":"~4","squizlabs/php_codesniffer":"~2.3","symfony/dom-crawler":"~2.1","symfony/css-selector":"~2.1","cache/filesystem-adapter":"^0.3.2"},"support":{"issues":"https://github.com/googleapis/google-api-php-client/issues","source":"https://github.com/googleapis/google-api-php-client/tree/v2.2.1"}},{"version":"v2.2.0","version_normalized":"2.2.0.0","source":{"url":"https://github.com/googleapis/google-api-php-client.git","type":"git","reference":"f3fadd538315d62ebd1191d89ac791468c617260"},"dist":{"url":"https://api.github.com/repos/googleapis/google-api-php-client/zipball/f3fadd538315d62ebd1191d89ac791468c617260","type":"zip","shasum":"","reference":"f3fadd538315d62ebd1191d89ac791468c617260"},"time":"2017-07-10T15:34:54+00:00","support":{"issues":"https://github.com/googleapis/google-api-php-client/issues","source":"https://github.com/googleapis/google-api-php-client/tree/v2.2.0"}},{"version":"v2.1.3","version_normalized":"2.1.3.0","source":{"url":"https://github.com/googleapis/google-api-php-client.git","type":"git","reference":"43996f09df274158fd04fce98e8a82effe5f3717"},"dist":{"url":"https://api.github.com/repos/googleapis/google-api-php-client/zipball/43996f09df274158fd04fce98e8a82effe5f3717","type":"zip","shasum":"","reference":"43996f09df274158fd04fce98e8a82effe5f3717"},"time":"2017-03-22T18:32:04+00:00","require":{"php":">=5.4","google/auth":"^0.11","google/apiclient-services":"^0.11","firebase/php-jwt":"~2.0|~3.0|~4.0","monolog/monolog":"^1.17","phpseclib/phpseclib":"~0.3.10|~2.0","guzzlehttp/guzzle":"~5.2|~6.0","guzzlehttp/psr7":"^1.2"},"support":{"issues":"https://github.com/googleapis/google-api-php-client/issues","source":"https://github.com/googleapis/google-api-php-client/tree/v2.1.3"}},{"version":"v2.1.2","version_normalized":"2.1.2.0","source":{"url":"https://github.com/googleapis/google-api-php-client.git","type":"git","reference":"360e656f48c3262a6f7fefc0207521efa66caedf"},"dist":{"url":"https://api.github.com/repos/googleapis/google-api-php-client/zipball/360e656f48c3262a6f7fefc0207521efa66caedf","type":"zip","shasum":"","reference":"360e656f48c3262a6f7fefc0207521efa66caedf"},"time":"2017-01-11T19:44:46+00:00","require":{"php":">=5.4","google/auth":"^0.11","google/apiclient-services":"^0.9","firebase/php-jwt":"~2.0|~3.0|~4.0","monolog/monolog":"^1.17","phpseclib/phpseclib":"~0.3.10|~2.0","guzzlehttp/guzzle":"~5.2|~6.0","guzzlehttp/psr7":"^1.2"},"support":{"issues":"https://github.com/googleapis/google-api-php-client/issues","source":"https://github.com/googleapis/google-api-php-client/tree/v2.1.2"}},{"version":"v2.1.1","version_normalized":"2.1.1.0","source":{"url":"https://github.com/googleapis/google-api-php-client.git","type":"git","reference":"e39fe36586407600b0c79623ae4817412a8ccc7e"},"dist":{"url":"https://api.github.com/repos/googleapis/google-api-php-client/zipball/e39fe36586407600b0c79623ae4817412a8ccc7e","type":"zip","shasum":"","reference":"e39fe36586407600b0c79623ae4817412a8ccc7e"},"time":"2017-01-09T23:08:43+00:00","require":{"php":">=5.4","google/auth":"^0.11","google/apiclient-services":"^0.8","firebase/php-jwt":"~2.0|~3.0|~4.0","monolog/monolog":"^1.17","phpseclib/phpseclib":"~0.3.10|~2.0","guzzlehttp/guzzle":"~5.2|~6.0","guzzlehttp/psr7":"^1.2"},"support":{"issues":"https://github.com/googleapis/google-api-php-client/issues","source":"https://github.com/googleapis/google-api-php-client/tree/v2.1.1"}},{"version":"v2.1.0","version_normalized":"2.1.0.0","source":{"url":"https://github.com/googleapis/google-api-php-client.git","type":"git","reference":"f4a8ef0642cdbea0a07f6966158337bab846d4de"},"dist":{"url":"https://api.github.com/repos/googleapis/google-api-php-client/zipball/f4a8ef0642cdbea0a07f6966158337bab846d4de","type":"zip","shasum":"","reference":"f4a8ef0642cdbea0a07f6966158337bab846d4de"},"time":"2016-11-02T14:28:02+00:00","require":{"php":">=5.4","google/auth":"^0.11","google/apiclient-services":"^0.8","firebase/php-jwt":"~2.0|~3.0|~4.0","monolog/monolog":"^1.17","phpseclib/phpseclib":"~2.0","guzzlehttp/guzzle":"~5.2|~6.0","guzzlehttp/psr7":"^1.2"},"support":{"issues":"https://github.com/googleapis/google-api-php-client/issues","source":"https://github.com/googleapis/google-api-php-client/tree/v2.1.0"}},{"version":"v2.0.3","version_normalized":"2.0.3.0","source":{"url":"https://github.com/googleapis/google-api-php-client.git","type":"git","reference":"37adb8a6f4d4b27b9900d62d67bf1d54995a755c"},"dist":{"url":"https://api.github.com/repos/googleapis/google-api-php-client/zipball/37adb8a6f4d4b27b9900d62d67bf1d54995a755c","type":"zip","shasum":"","reference":"37adb8a6f4d4b27b9900d62d67bf1d54995a755c"},"time":"2016-09-14T19:33:35+00:00","require":{"php":">=5.4","google/auth":"0.10","google/apiclient-services":"^0.7","firebase/php-jwt":"~2.0|~3.0","monolog/monolog":"^1.17","phpseclib/phpseclib":"~2.0","guzzlehttp/guzzle":"~5.2|~6.0","guzzlehttp/psr7":"^1.2"},"require-dev":{"phpunit/phpunit":"~4","squizlabs/php_codesniffer":"~2.3","symfony/dom-crawler":"~2.1","symfony/css-selector":"~2.1","tedivm/stash":"^0.14.1"},"suggest":{"tedivm/stash":"For caching certs and tokens (using Google_Client::setCache)"},"support":{"issues":"https://github.com/googleapis/google-api-php-client/issues","source":"https://github.com/googleapis/google-api-php-client/tree/v2.0.3"}},{"version":"v2.0.2","version_normalized":"2.0.2.0","source":{"url":"https://github.com/googleapis/google-api-php-client.git","type":"git","reference":"18dd5534280318598e8770cb7929e9a542e91c0d"},"dist":{"url":"https://api.github.com/repos/googleapis/google-api-php-client/zipball/18dd5534280318598e8770cb7929e9a542e91c0d","type":"zip","shasum":"","reference":"18dd5534280318598e8770cb7929e9a542e91c0d"},"time":"2016-07-21T18:41:10+00:00","require":{"php":">=5.4","google/auth":"0.9","google/apiclient-services":"^0.5","firebase/php-jwt":"~2.0|~3.0","monolog/monolog":"^1.17","phpseclib/phpseclib":"~2.0","guzzlehttp/guzzle":"~5.2|~6.0","guzzlehttp/psr7":"^1.2"},"support":{"issues":"https://github.com/googleapis/google-api-php-client/issues","source":"https://github.com/googleapis/google-api-php-client/tree/v2.0.2"}},{"version":"v2.0.1","version_normalized":"2.0.1.0","source":{"url":"https://github.com/googleapis/google-api-php-client.git","type":"git","reference":"984f6a96297242e901bde518489374a9dec209df"},"dist":{"url":"https://api.github.com/repos/googleapis/google-api-php-client/zipball/984f6a96297242e901bde518489374a9dec209df","type":"zip","shasum":"","reference":"984f6a96297242e901bde518489374a9dec209df"},"time":"2016-06-24T16:44:42+00:00","require":{"php":">=5.4","google/auth":"0.9","google/apiclient-services":"*@dev","firebase/php-jwt":"~2.0|~3.0","monolog/monolog":"^1.17","phpseclib/phpseclib":"~2.0","guzzlehttp/guzzle":"~5.2|~6.0","guzzlehttp/psr7":"^1.2"},"support":{"issues":"https://github.com/googleapis/google-api-php-client/issues","source":"https://github.com/googleapis/google-api-php-client/tree/v2.0.1"}},{"version":"v2.0.0","version_normalized":"2.0.0.0","source":{"url":"https://github.com/googleapis/google-api-php-client.git","type":"git","reference":"cd4d61678bc26267f3e5371735ae3f579709ea30"},"dist":{"url":"https://api.github.com/repos/googleapis/google-api-php-client/zipball/cd4d61678bc26267f3e5371735ae3f579709ea30","type":"zip","shasum":"","reference":"cd4d61678bc26267f3e5371735ae3f579709ea30"},"time":"2016-06-08T01:30:25+00:00","require":{"php":">=5.4","google/auth":"0.8","google/apiclient-services":"*@dev","firebase/php-jwt":"~2.0|~3.0","monolog/monolog":"^1.17","phpseclib/phpseclib":"~2.0","guzzlehttp/guzzle":"~5.2|~6.0","guzzlehttp/psr7":"^1.2"},"support":{"issues":"https://github.com/googleapis/google-api-php-client/issues","source":"https://github.com/googleapis/google-api-php-client/tree/v2.0.0"}},{"version":"v2.0.0-RC8","version_normalized":"2.0.0.0-RC8","source":{"url":"https://github.com/googleapis/google-api-php-client.git","type":"git","reference":"f872fea738b8d2deea0a41f070929a67797e5349"},"dist":{"url":"https://api.github.com/repos/googleapis/google-api-php-client/zipball/f872fea738b8d2deea0a41f070929a67797e5349","type":"zip","shasum":"","reference":"f872fea738b8d2deea0a41f070929a67797e5349"},"time":"2016-05-13T20:44:11+00:00","support":{"issues":"https://github.com/googleapis/google-api-php-client/issues","source":"https://github.com/googleapis/google-api-php-client/tree/v2.0.0-RC8"}},{"version":"v2.0.0-RC7","version_normalized":"2.0.0.0-RC7","source":{"url":"https://github.com/googleapis/google-api-php-client.git","type":"git","reference":"998067619ce59a849948b0a8647499b90f70ab41"},"dist":{"url":"https://api.github.com/repos/googleapis/google-api-php-client/zipball/998067619ce59a849948b0a8647499b90f70ab41","type":"zip","shasum":"","reference":"998067619ce59a849948b0a8647499b90f70ab41"},"time":"2016-03-15T18:55:57+00:00","require":{"php":">=5.4","google/auth":"0.7","google/apiclient-services":"*@dev","firebase/php-jwt":"~2.0|~3.0","monolog/monolog":"^1.17","phpseclib/phpseclib":"~2.0","guzzlehttp/guzzle":"~5.2|~6.0","guzzlehttp/psr7":"1.2.*","psr/http-message":"1.0.*"},"require-dev":{"phpunit/phpunit":"~4","squizlabs/php_codesniffer":"~2.3","symfony/dom-crawler":"~2.0","symfony/css-selector":"~2.0"},"support":{"issues":"https://github.com/googleapis/google-api-php-client/issues","source":"https://github.com/googleapis/google-api-php-client/tree/v2.0.0-RC7"},"suggest":"__unset"},{"version":"v2.0.0-RC6","version_normalized":"2.0.0.0-RC6","source":{"url":"https://github.com/googleapis/google-api-php-client.git","type":"git","reference":"87dff9908464b150334283cd092d7d96e0dcc5bf"},"dist":{"url":"https://api.github.com/repos/googleapis/google-api-php-client/zipball/87dff9908464b150334283cd092d7d96e0dcc5bf","type":"zip","shasum":"","reference":"87dff9908464b150334283cd092d7d96e0dcc5bf"},"time":"2016-03-05T02:40:17+00:00","require":{"php":">=5.4","google/auth":"0.7","firebase/php-jwt":"~2.0|~3.0","monolog/monolog":"^1.17","phpseclib/phpseclib":"~2.0","guzzlehttp/guzzle":"~5.2|~6.0","guzzlehttp/psr7":"1.2.*","psr/http-message":"1.0.*"},"support":{"issues":"https://github.com/googleapis/google-api-php-client/issues","source":"https://github.com/googleapis/google-api-php-client/tree/v2.0.0-RC6"}},{"version":"v2.0.0-RC5","version_normalized":"2.0.0.0-RC5","source":{"url":"https://github.com/googleapis/google-api-php-client.git","type":"git","reference":"fb16405770d7a4e3c4c3af6ece8a2aebc549eafe"},"dist":{"url":"https://api.github.com/repos/googleapis/google-api-php-client/zipball/fb16405770d7a4e3c4c3af6ece8a2aebc549eafe","type":"zip","shasum":"","reference":"fb16405770d7a4e3c4c3af6ece8a2aebc549eafe"},"time":"2016-02-10T23:39:47+00:00","require":{"php":">=5.4","google/auth":"0.5","firebase/php-jwt":"~2.0|~3.0","monolog/monolog":"^1.17","phpseclib/phpseclib":"~2.0","guzzlehttp/guzzle":"~5.2|~6.0","guzzlehttp/psr7":"1.2.*","psr/http-message":"1.0.*"},"support":{"issues":"https://github.com/googleapis/google-api-php-client/issues","source":"https://github.com/googleapis/google-api-php-client/tree/v2.0.0-RC5"}},{"version":"v2.0.0-RC4","version_normalized":"2.0.0.0-RC4","source":{"url":"https://github.com/googleapis/google-api-php-client.git","type":"git","reference":"5620e578b495942a3b60eb99e2f0c1aeca23fbed"},"dist":{"url":"https://api.github.com/repos/googleapis/google-api-php-client/zipball/5620e578b495942a3b60eb99e2f0c1aeca23fbed","type":"zip","shasum":"","reference":"5620e578b495942a3b60eb99e2f0c1aeca23fbed"},"time":"2015-12-28T18:50:26+00:00","support":{"issues":"https://github.com/googleapis/google-api-php-client/issues","source":"https://github.com/googleapis/google-api-php-client/tree/v2.0.0-RC4"}},{"version":"v2.0.0-RC3","version_normalized":"2.0.0.0-RC3","source":{"url":"https://github.com/googleapis/google-api-php-client.git","type":"git","reference":"bc2f60271ef1042aaef8c8d3ca238613478fe4e9"},"dist":{"url":"https://api.github.com/repos/googleapis/google-api-php-client/zipball/bc2f60271ef1042aaef8c8d3ca238613478fe4e9","type":"zip","shasum":"","reference":"bc2f60271ef1042aaef8c8d3ca238613478fe4e9"},"time":"2015-12-22T01:22:10+00:00","require":{"php":">=5.4","google/auth":"0.4","firebase/php-jwt":"~2.0|~3.0","monolog/monolog":"^1.17","phpseclib/phpseclib":"~2.0","guzzlehttp/guzzle":"5.2.*"},"support":{"issues":"https://github.com/googleapis/google-api-php-client/issues","source":"https://github.com/googleapis/google-api-php-client/tree/v2.0.0-RC3"}},{"version":"v2.0.0-RC2","version_normalized":"2.0.0.0-RC2","source":{"url":"https://github.com/googleapis/google-api-php-client.git","type":"git","reference":"3905a254d513236810b2451b1805507782bde313"},"dist":{"url":"https://api.github.com/repos/googleapis/google-api-php-client/zipball/3905a254d513236810b2451b1805507782bde313","type":"zip","shasum":"","reference":"3905a254d513236810b2451b1805507782bde313"},"time":"2015-11-10T04:11:33+00:00","require":{"php":">=5.4","google/auth":"~0.4","firebase/php-jwt":"~2.0|~3.0","monolog/monolog":"^1.17","phpseclib/phpseclib":"~2.0","guzzlehttp/guzzle":"5.2.*"},"support":{"issues":"https://github.com/googleapis/google-api-php-client/issues","source":"https://github.com/googleapis/google-api-php-client/tree/v2.0.0-RC2"}},{"version":"v2.0.0-RC1","version_normalized":"2.0.0.0-RC1","source":{"url":"https://github.com/googleapis/google-api-php-client.git","type":"git","reference":"d73e675afc00c14e3cd3318d9bdb84ba29afcbfa"},"dist":{"url":"https://api.github.com/repos/googleapis/google-api-php-client/zipball/d73e675afc00c14e3cd3318d9bdb84ba29afcbfa","type":"zip","shasum":"","reference":"d73e675afc00c14e3cd3318d9bdb84ba29afcbfa"},"time":"2015-10-26T17:16:42+00:00","require":{"php":">=5.4","google/auth":"v0.3","monolog/monolog":"^1.17","phpseclib/phpseclib":"~2.0","guzzlehttp/guzzle":"5.2.*"},"support":{"issues":"https://github.com/googleapis/google-api-php-client/issues","source":"https://github.com/googleapis/google-api-php-client/tree/v2.0.0-RC1"}},{"version":"v1.1.9","version_normalized":"1.1.9.0","source":{"url":"https://github.com/googleapis/google-api-php-client.git","type":"git","reference":"19d7d735ee4cff0f8c14a234b5094b99d00ef278"},"dist":{"url":"https://api.github.com/repos/googleapis/google-api-php-client/zipball/19d7d735ee4cff0f8c14a234b5094b99d00ef278","type":"zip","shasum":"","reference":"19d7d735ee4cff0f8c14a234b5094b99d00ef278"},"time":"2020-07-22T19:51:49+00:00","autoload":{"files":["src/Google/autoload.php"]},"extra":{"branch-alias":{"dev-v1-master":"1.1.x-dev"}},"require":{"php":">=5.2.1"},"require-dev":{"phpunit/phpunit":"3.7.*","squizlabs/php_codesniffer":"~2.3"},"support":{"issues":"https://github.com/googleapis/google-api-php-client/issues","source":"https://github.com/googleapis/google-api-php-client/tree/v1.1.9"}},{"version":"v1.1.8","version_normalized":"1.1.8.0","source":{"url":"https://github.com/googleapis/google-api-php-client.git","type":"git","reference":"85309a3520bb5f53368d43e35fd24f43c9556323"},"dist":{"url":"https://api.github.com/repos/googleapis/google-api-php-client/zipball/85309a3520bb5f53368d43e35fd24f43c9556323","type":"zip","shasum":"","reference":"85309a3520bb5f53368d43e35fd24f43c9556323"},"time":"2016-06-06T21:22:48+00:00","support":{"issues":"https://github.com/googleapis/google-api-php-client/issues","source":"https://github.com/googleapis/google-api-php-client/tree/v1.1.8"}},{"version":"1.1.7","version_normalized":"1.1.7.0","source":{"url":"https://github.com/googleapis/google-api-php-client.git","type":"git","reference":"400f250a30ae1dd4c4a0a4f750fe973fc70e6311"},"dist":{"url":"https://api.github.com/repos/googleapis/google-api-php-client/zipball/400f250a30ae1dd4c4a0a4f750fe973fc70e6311","type":"zip","shasum":"","reference":"400f250a30ae1dd4c4a0a4f750fe973fc70e6311"},"time":"2016-02-02T18:50:42+00:00","autoload":{"classmap":["src/"]},"extra":{"branch-alias":{"dev-master":"1.1.x-dev"}},"support":{"issues":"https://github.com/googleapis/google-api-php-client/issues","source":"https://github.com/googleapis/google-api-php-client/tree/1.1.7"}},{"version":"1.1.6","version_normalized":"1.1.6.0","source":{"url":"https://github.com/googleapis/google-api-php-client.git","type":"git","reference":"a25dc9d5c109ebb02945ba1ff6336cc937c27628"},"dist":{"url":"https://api.github.com/repos/googleapis/google-api-php-client/zipball/a25dc9d5c109ebb02945ba1ff6336cc937c27628","type":"zip","shasum":"","reference":"a25dc9d5c109ebb02945ba1ff6336cc937c27628"},"time":"2015-10-16T22:11:08+00:00","support":{"issues":"https://github.com/googleapis/google-api-php-client/issues","source":"https://github.com/googleapis/google-api-php-client/tree/1.1.6"}},{"version":"1.1.5","version_normalized":"1.1.5.0","source":{"url":"https://github.com/googleapis/google-api-php-client.git","type":"git","reference":"2bc00ec4e8fa1a5eec793d800fac339f30b730db"},"dist":{"url":"https://api.github.com/repos/googleapis/google-api-php-client/zipball/2bc00ec4e8fa1a5eec793d800fac339f30b730db","type":"zip","shasum":"","reference":"2bc00ec4e8fa1a5eec793d800fac339f30b730db"},"time":"2015-09-23T04:19:33+00:00","support":{"issues":"https://github.com/googleapis/google-api-php-client/issues","source":"https://github.com/googleapis/google-api-php-client/tree/1.1.5"}},{"version":"1.1.4","version_normalized":"1.1.4.0","source":{"url":"https://github.com/googleapis/google-api-php-client.git","type":"git","reference":"2adb5ba90612858d4add0342eee6b8b9aaca398d"},"dist":{"url":"https://api.github.com/repos/googleapis/google-api-php-client/zipball/2adb5ba90612858d4add0342eee6b8b9aaca398d","type":"zip","shasum":"","reference":"2adb5ba90612858d4add0342eee6b8b9aaca398d"},"time":"2015-05-21T19:35:32+00:00","require-dev":{"phpunit/phpunit":"3.7.*"},"support":{"issues":"https://github.com/googleapis/google-api-php-client/issues","source":"https://github.com/googleapis/google-api-php-client/tree/1.1.4"}},{"version":"1.1.3","version_normalized":"1.1.3.0","source":{"url":"https://github.com/googleapis/google-api-php-client.git","type":"git","reference":"523430f21a92c54172099d12d0f31d40f3de67e9"},"dist":{"url":"https://api.github.com/repos/googleapis/google-api-php-client/zipball/523430f21a92c54172099d12d0f31d40f3de67e9","type":"zip","shasum":"","reference":"523430f21a92c54172099d12d0f31d40f3de67e9"},"time":"2015-05-17T00:43:01+00:00","support":{"issues":"https://github.com/googleapis/google-api-php-client/issues","source":"https://github.com/googleapis/google-api-php-client/tree/1.1.3"}},{"version":"1.1.2","version_normalized":"1.1.2.0","source":{"url":"https://github.com/googleapis/google-api-php-client.git","type":"git","reference":"9c35bbbbaf04a5236d763560dab1e2f6e672a724"},"dist":{"url":"https://api.github.com/repos/googleapis/google-api-php-client/zipball/9c35bbbbaf04a5236d763560dab1e2f6e672a724","type":"zip","shasum":"","reference":"9c35bbbbaf04a5236d763560dab1e2f6e672a724"},"time":"2014-11-25T14:35:03+00:00","support":{"issues":"https://github.com/googleapis/google-api-php-client/issues","source":"https://github.com/googleapis/google-api-php-client/tree/1.1.2"}},{"version":"1.1.1","version_normalized":"1.1.1.0","source":{"url":"https://github.com/googleapis/google-api-php-client.git","type":"git","reference":"f985b38158efe4c55c90b90443311f792c919a59"},"dist":{"url":"https://api.github.com/repos/googleapis/google-api-php-client/zipball/f985b38158efe4c55c90b90443311f792c919a59","type":"zip","shasum":"","reference":"f985b38158efe4c55c90b90443311f792c919a59"},"time":"2014-11-20T10:13:43+00:00","support":{"issues":"https://github.com/googleapis/google-api-php-client/issues","source":"https://github.com/googleapis/google-api-php-client/tree/1.1.1"}},{"version":"1.0.6-beta","version_normalized":"1.0.6.0-beta","source":{"url":"https://github.com/googleapis/google-api-php-client.git","type":"git","reference":"a41a9dc0662e36420030eaab802dbb1f85459479"},"dist":{"url":"https://api.github.com/repos/googleapis/google-api-php-client/zipball/a41a9dc0662e36420030eaab802dbb1f85459479","type":"zip","shasum":"","reference":"a41a9dc0662e36420030eaab802dbb1f85459479"},"time":"2014-09-30T19:33:59+00:00","extra":{"branch-alias":{"dev-master":"1.0.x-dev"}},"include-path":["src/"],"support":{"issues":"https://github.com/googleapis/google-api-php-client/issues","source":"https://github.com/googleapis/google-api-php-client/tree/1.0.6-beta"}},{"version":"1.0.5-beta","version_normalized":"1.0.5.0-beta","source":{"url":"https://github.com/googleapis/google-api-php-client.git","type":"git","reference":"c05d454790460f0c851c42298ea239ec5e631d76"},"dist":{"url":"https://api.github.com/repos/googleapis/google-api-php-client/zipball/c05d454790460f0c851c42298ea239ec5e631d76","type":"zip","shasum":"","reference":"c05d454790460f0c851c42298ea239ec5e631d76"},"time":"2014-09-08T20:57:18+00:00","support":{"issues":"https://github.com/googleapis/google-api-php-client/issues","source":"https://github.com/googleapis/google-api-php-client/tree/1.0.5-beta"}},{"version":"1.0.4-beta","version_normalized":"1.0.4.0-beta","source":{"url":"https://github.com/googleapis/google-api-php-client.git","type":"git","reference":"eb5934d58761f1a8575e6df6de02fdce89dd89d2"},"dist":{"url":"https://api.github.com/repos/googleapis/google-api-php-client/zipball/eb5934d58761f1a8575e6df6de02fdce89dd89d2","type":"zip","shasum":"","reference":"eb5934d58761f1a8575e6df6de02fdce89dd89d2"},"time":"2014-03-07T17:54:19+00:00","support":{"issues":"https://github.com/googleapis/google-api-php-client/issues","source":"https://github.com/googleapis/google-api-php-client/tree/1.0.4-beta"},"extra":"__unset","require-dev":"__unset"},{"version":"1.0.3-beta","version_normalized":"1.0.3.0-beta","source":{"url":"https://github.com/googleapis/google-api-php-client.git","type":"git","reference":"2b3b475e3ee52e92fc7b649138ef4f9da3d4f9b9"},"dist":{"url":"https://api.github.com/repos/googleapis/google-api-php-client/zipball/2b3b475e3ee52e92fc7b649138ef4f9da3d4f9b9","type":"zip","shasum":"","reference":"2b3b475e3ee52e92fc7b649138ef4f9da3d4f9b9"},"time":"2014-01-30T21:36:57+00:00","support":{"issues":"https://github.com/googleapis/google-api-php-client/issues","source":"https://github.com/googleapis/google-api-php-client/tree/1.0.3-beta"}},{"version":"1.0.2-beta","version_normalized":"1.0.2.0-beta","source":{"url":"https://github.com/googleapis/google-api-php-client.git","type":"git","reference":"792e5eccd0490dc9da8237d32ec0473a2c782961"},"dist":{"url":"https://api.github.com/repos/googleapis/google-api-php-client/zipball/792e5eccd0490dc9da8237d32ec0473a2c782961","type":"zip","shasum":"","reference":"792e5eccd0490dc9da8237d32ec0473a2c782961"},"time":"2014-01-24T21:39:14+00:00","support":{"issues":"https://github.com/googleapis/google-api-php-client/issues","source":"https://github.com/googleapis/google-api-php-client/tree/1.0.2-beta"}},{"version":"v1.0.1-beta","version_normalized":"1.0.1.0-beta","source":{"url":"https://github.com/googleapis/google-api-php-client.git","type":"git","reference":"439b13854ebecd054ff247c2db84944cfda3ba5e"},"dist":{"url":"https://api.github.com/repos/googleapis/google-api-php-client/zipball/439b13854ebecd054ff247c2db84944cfda3ba5e","type":"zip","shasum":"","reference":"439b13854ebecd054ff247c2db84944cfda3ba5e"},"time":"2014-01-22T15:06:38+00:00","support":{"issues":"https://github.com/googleapis/google-api-php-client/issues","source":"https://github.com/googleapis/google-api-php-client/tree/v1.0.1-beta"}},{"version":"v1.0.0-alpha","version_normalized":"1.0.0.0-alpha","source":{"url":"https://github.com/googleapis/google-api-php-client.git","type":"git","reference":"889aa1e32d8d4ca5c747154aef5d9e8649ff1d0a"},"dist":{"url":"https://api.github.com/repos/googleapis/google-api-php-client/zipball/889aa1e32d8d4ca5c747154aef5d9e8649ff1d0a","type":"zip","shasum":"","reference":"889aa1e32d8d4ca5c747154aef5d9e8649ff1d0a"},"time":"2013-11-13T16:18:16+00:00","autoload":{"psr-0":{"Google":"src"}},"support":{"issues":"https://github.com/googleapis/google-api-php-client/issues","source":"https://github.com/googleapis/google-api-php-client/tree/v1.0.0-alpha"}}]},"security-advisories":[],"last-modified":"Sat, 16 Jul 2022 22:40:28 GMT"}