{"minified":"composer/2.0","packages":{"seld/signal-handler":[{"name":"seld/signal-handler","description":"Simple unix signal handler that silently fails where signals are not supported for easy cross-platform development","keywords":["signal","unix","posix","sigint","sigterm"],"homepage":"","version":"2.0.1","version_normalized":"2.0.1.0","license":["MIT"],"authors":[{"name":"Jordi Boggiano","email":"j.boggiano@seld.be","homepage":"http://seld.be"}],"source":{"url":"https://github.com/Seldaek/signal-handler.git","type":"git","reference":"f69d119511dc0360440cdbdaa71829c149b7be75"},"dist":{"url":"https://api.github.com/repos/Seldaek/signal-handler/zipball/f69d119511dc0360440cdbdaa71829c149b7be75","type":"zip","shasum":"","reference":"f69d119511dc0360440cdbdaa71829c149b7be75"},"type":"library","time":"2022-07-20T18:31:45+00:00","autoload":{"psr-4":{"Seld\\Signal\\":"src/"}},"extra":{"branch-alias":{"dev-main":"2.x-dev"}},"require":{"php":">=7.2.0"},"require-dev":{"phpunit/phpunit":"^7.5.20 || ^8.5.23","psr/log":"^1 || ^2 || ^3","phpstan/phpstan":"^1","phpstan/phpstan-phpunit":"^1","phpstan/phpstan-strict-rules":"^1.3","phpstan/phpstan-deprecation-rules":"^1.0"},"support":{"issues":"https://github.com/Seldaek/signal-handler/issues","source":"https://github.com/Seldaek/signal-handler/tree/2.0.1"}},{"version":"2.0.0","version_normalized":"2.0.0.0","source":{"url":"https://github.com/Seldaek/signal-handler.git","type":"git","reference":"e1ac658a54dbe15dcda621fa95a2248e10566bcb"},"dist":{"url":"https://api.github.com/repos/Seldaek/signal-handler/zipball/e1ac658a54dbe15dcda621fa95a2248e10566bcb","type":"zip","shasum":"","reference":"e1ac658a54dbe15dcda621fa95a2248e10566bcb"},"time":"2022-07-20T14:27:19+00:00","support":{"issues":"https://github.com/Seldaek/signal-handler/issues","source":"https://github.com/Seldaek/signal-handler/tree/2.0.0"}},{"version":"1.3.0","version_normalized":"1.3.0.0","source":{"url":"https://github.com/Seldaek/signal-handler.git","type":"git","reference":"7904836d112951e9f30ef4871036ab34399c8dd5"},"dist":{"url":"https://api.github.com/repos/Seldaek/signal-handler/zipball/7904836d112951e9f30ef4871036ab34399c8dd5","type":"zip","shasum":"","reference":"7904836d112951e9f30ef4871036ab34399c8dd5"},"time":"2022-02-17T20:38:26+00:00","require":{"php":">=7.1.0"},"require-dev":{"phpunit/phpunit":"^7.5.20 || ^8.5.23","psr/log":"^1 || ^2 || ^3","phpstan/phpstan":"^1","phpstan/phpstan-phpunit":"^1"},"support":{"issues":"https://github.com/Seldaek/signal-handler/issues","source":"https://github.com/Seldaek/signal-handler/tree/1.3.0"},"extra":"__unset"},{"description":"Simple unix signal handler that silently fails on windows for easy cross-platform development","version":"1.2.0","version_normalized":"1.2.0.0","source":{"url":"https://github.com/Seldaek/signal-handler.git","type":"git","reference":"0852a32d804c6a80f428f6e815eb383ff1c4c2fd"},"dist":{"url":"https://api.github.com/repos/Seldaek/signal-handler/zipball/0852a32d804c6a80f428f6e815eb383ff1c4c2fd","type":"zip","shasum":"","reference":"0852a32d804c6a80f428f6e815eb383ff1c4c2fd"},"time":"2019-07-29T10:26:24+00:00","require":{"php":">=5.4.0"},"require-dev":{"phpunit/phpunit":"^4.8","psr/log":"^1.0"},"support":{"issues":"https://github.com/Seldaek/signal-handler/issues","source":"https://github.com/Seldaek/signal-handler/tree/1.2.0"}},{"version":"1.1.0","version_normalized":"1.1.0.0","source":{"url":"https://github.com/Seldaek/signal-handler.git","type":"git","reference":"86f791965478b33f76878139df78bc3f369f182c"},"dist":{"url":"https://api.github.com/repos/Seldaek/signal-handler/zipball/86f791965478b33f76878139df78bc3f369f182c","type":"zip","shasum":"","reference":"86f791965478b33f76878139df78bc3f369f182c"},"time":"2016-09-14T09:32:56+00:00","support":{"issues":"https://github.com/Seldaek/signal-handler/issues","source":"https://github.com/Seldaek/signal-handler/tree/master"}},{"version":"1.0.0","version_normalized":"1.0.0.0","source":{"url":"https://github.com/Seldaek/signal-handler.git","type":"git","reference":"f329b63909bd812607dcaf98b72427cc71fe5369"},"dist":{"url":"https://api.github.com/repos/Seldaek/signal-handler/zipball/f329b63909bd812607dcaf98b72427cc71fe5369","type":"zip","shasum":"","reference":"f329b63909bd812607dcaf98b72427cc71fe5369"},"time":"2015-09-15T09:19:52+00:00","support":{"issues":"https://github.com/Seldaek/signal-handler/issues","source":"https://github.com/Seldaek/signal-handler/tree/1.0.0"}}]},"security-advisories":[],"last-modified":"Wed, 20 Jul 2022 18:33:03 GMT"}