{"minified":"composer/2.0","packages":{"league/oauth2-server-bundle":[{"name":"league/oauth2-server-bundle","description":"Symfony bundle .","keywords":["authorization","oauth2","bundle","server","auth"],"homepage":"https://github.com/thephpleague/oauth2-server-bundle","version":"v0.4.0","version_normalized":"0.4.0.0","license":["MIT"],"authors":[{"name":"Robin Chalas","email":"robin.chalas@gmail.com"},{"name":"All contributors","homepage":"https://github.com/thephpleague/oauth2-server-bundle/graphs/contributors"}],"source":{"url":"https://github.com/thephpleague/oauth2-server-bundle.git","type":"git","reference":"ef1d5e55a0ffb6253591e5f6ec9500879180be04"},"dist":{"url":"https://api.github.com/repos/thephpleague/oauth2-server-bundle/zipball/ef1d5e55a0ffb6253591e5f6ec9500879180be04","type":"zip","shasum":"","reference":"ef1d5e55a0ffb6253591e5f6ec9500879180be04"},"type":"symfony-bundle","time":"2022-06-21T09:59:32+00:00","autoload":{"psr-4":{"League\\Bundle\\OAuth2ServerBundle\\":"src/"}},"extra":{"branch-alias":{"dev-master":"0.4-dev"}},"require":{"php":">=7.2","doctrine/doctrine-bundle":"^2.0.8","doctrine/orm":"^2.7.1","league/oauth2-server":"^8.3","nyholm/psr7":"^1.4","psr/http-factory":"^1.0","symfony/event-dispatcher":"^5.3|^6.0","symfony/framework-bundle":"^5.3|^6.0","symfony/polyfill-php81":"^1.22","symfony/psr-http-message-bridge":"^2.0","symfony/security-bundle":"^5.3|^6.0"},"require-dev":{"ext-pdo":"*","ext-pdo_sqlite":"*","symfony/browser-kit":"^5.3|^6.0","symfony/phpunit-bridge":"^5.3|^6.0"},"support":{"issues":"https://github.com/thephpleague/oauth2-server-bundle/issues","source":"https://github.com/thephpleague/oauth2-server-bundle/tree/v0.4.0"}},{"version":"v0.3.0","version_normalized":"0.3.0.0","source":{"url":"https://github.com/thephpleague/oauth2-server-bundle.git","type":"git","reference":"c306e318d24a712efd0973f91fb02eb373a3151b"},"dist":{"url":"https://api.github.com/repos/thephpleague/oauth2-server-bundle/zipball/c306e318d24a712efd0973f91fb02eb373a3151b","type":"zip","shasum":"","reference":"c306e318d24a712efd0973f91fb02eb373a3151b"},"time":"2021-12-28T16:51:16+00:00","extra":{"branch-alias":{"dev-master":"0.1-dev"}},"support":{"issues":"https://github.com/thephpleague/oauth2-server-bundle/issues","source":"https://github.com/thephpleague/oauth2-server-bundle/tree/v0.3.0"}},{"version":"v0.2.0","version_normalized":"0.2.0.0","source":{"url":"https://github.com/thephpleague/oauth2-server-bundle.git","type":"git","reference":"271147936e3100fc564ab5e8607a44f325bd85ae"},"dist":{"url":"https://api.github.com/repos/thephpleague/oauth2-server-bundle/zipball/271147936e3100fc564ab5e8607a44f325bd85ae","type":"zip","shasum":"","reference":"271147936e3100fc564ab5e8607a44f325bd85ae"},"time":"2021-11-06T23:36:07+00:00","require":{"php":">=7.2","doctrine/doctrine-bundle":"^2.0","doctrine/orm":"^2.7.1","league/oauth2-server":"^8.0","nyholm/psr7":"^1.4","psr/http-factory":"^1.0","symfony/framework-bundle":"^5.3|^6.0","symfony/polyfill-php81":"^1.22","symfony/psr-http-message-bridge":"^2.0","symfony/security-bundle":"^5.3|^6.0"},"support":{"issues":"https://github.com/thephpleague/oauth2-server-bundle/issues","source":"https://github.com/thephpleague/oauth2-server-bundle/tree/v0.2.0"}},{"version":"v0.1.2","version_normalized":"0.1.2.0","source":{"url":"https://github.com/thephpleague/oauth2-server-bundle.git","type":"git","reference":"d9e7d7f72e0a53d4e50ca67d3c548ef5d14fdf7c"},"dist":{"url":"https://api.github.com/repos/thephpleague/oauth2-server-bundle/zipball/d9e7d7f72e0a53d4e50ca67d3c548ef5d14fdf7c","type":"zip","shasum":"","reference":"d9e7d7f72e0a53d4e50ca67d3c548ef5d14fdf7c"},"time":"2021-10-07T09:43:34+00:00","require":{"php":">=7.2","doctrine/doctrine-bundle":"^2.0","doctrine/orm":"^2.7.1","league/oauth2-server":"^8.0","nyholm/psr7":"^1.4","psr/http-factory":"^1.0","symfony/framework-bundle":"^5.3","symfony/psr-http-message-bridge":"^2.0","symfony/security-bundle":"^5.3"},"require-dev":{"ext-pdo":"*","ext-pdo_sqlite":"*","psalm/plugin-symfony":"^2.2","symfony/browser-kit":"^5.3","symfony/phpunit-bridge":"^5.3","vimeo/psalm":"^4.6"},"support":{"issues":"https://github.com/thephpleague/oauth2-server-bundle/issues","source":"https://github.com/thephpleague/oauth2-server-bundle/tree/v0.1.2"}},{"version":"v0.1.1","version_normalized":"0.1.1.0","source":{"url":"https://github.com/thephpleague/oauth2-server-bundle.git","type":"git","reference":"df405a86a7e6dd4b3e6caabaa0cb8f318334857f"},"dist":{"url":"https://api.github.com/repos/thephpleague/oauth2-server-bundle/zipball/df405a86a7e6dd4b3e6caabaa0cb8f318334857f","type":"zip","shasum":"","reference":"df405a86a7e6dd4b3e6caabaa0cb8f318334857f"},"time":"2021-10-05T13:28:48+00:00","support":{"issues":"https://github.com/thephpleague/oauth2-server-bundle/issues","source":"https://github.com/thephpleague/oauth2-server-bundle/tree/v0.1.1"}},{"version":"v0.1.0","version_normalized":"0.1.0.0","source":{"url":"https://github.com/thephpleague/oauth2-server-bundle.git","type":"git","reference":"749d2c0df5b5db0a1a80d6c75c6265b8720cfd6d"},"dist":{"url":"https://api.github.com/repos/thephpleague/oauth2-server-bundle/zipball/749d2c0df5b5db0a1a80d6c75c6265b8720cfd6d","type":"zip","shasum":"","reference":"749d2c0df5b5db0a1a80d6c75c6265b8720cfd6d"},"time":"2021-09-26T12:28:52+00:00","support":{"issues":"https://github.com/thephpleague/oauth2-server-bundle/issues","source":"https://github.com/thephpleague/oauth2-server-bundle/tree/v0.1.0"}}]},"security-advisories":[],"last-modified":"Thu, 21 Jul 2022 10:12:59 GMT"}