{"minified":"composer/2.0","packages":{"composer/ca-bundle":[{"name":"composer/ca-bundle","description":"Lets you find a path to the system CA bundle, and includes a fallback to the Mozilla CA bundle.","keywords":["ssl","tls","certificate","cabundle","cacert"],"homepage":"","version":"1.3.3","version_normalized":"1.3.3.0","license":["MIT"],"authors":[{"name":"Jordi Boggiano","email":"j.boggiano@seld.be","homepage":"http://seld.be"}],"source":{"url":"https://github.com/composer/ca-bundle.git","type":"git","reference":"30897edbfb15e784fe55587b4f73ceefd3c4d98c"},"dist":{"url":"https://api.github.com/repos/composer/ca-bundle/zipball/30897edbfb15e784fe55587b4f73ceefd3c4d98c","type":"zip","shasum":"","reference":"30897edbfb15e784fe55587b4f73ceefd3c4d98c"},"type":"library","funding":[{"url":"https://packagist.com","type":"custom"},{"url":"https://github.com/composer","type":"github"},{"url":"https://tidelift.com/funding/github/packagist/composer/composer","type":"tidelift"}],"time":"2022-07-20T07:14:26+00:00","autoload":{"psr-4":{"Composer\\CaBundle\\":"src"}},"extra":{"branch-alias":{"dev-main":"1.x-dev"}},"require":{"ext-openssl":"*","ext-pcre":"*","php":"^5.3.2 || ^7.0 || ^8.0"},"require-dev":{"symfony/phpunit-bridge":"^4.2 || ^5","phpstan/phpstan":"^0.12.55","psr/log":"^1.0","symfony/process":"^2.5 || ^3.0 || ^4.0 || ^5.0 || ^6.0"},"support":{"irc":"irc://irc.freenode.org/composer","issues":"https://github.com/composer/ca-bundle/issues","source":"https://github.com/composer/ca-bundle/tree/1.3.3"}},{"version":"1.3.2","version_normalized":"1.3.2.0","source":{"url":"https://github.com/composer/ca-bundle.git","type":"git","reference":"fd5dd441932a7e10ca6e5b490e272d34c8430640"},"dist":{"url":"https://api.github.com/repos/composer/ca-bundle/zipball/fd5dd441932a7e10ca6e5b490e272d34c8430640","type":"zip","shasum":"","reference":"fd5dd441932a7e10ca6e5b490e272d34c8430640"},"time":"2022-05-24T11:56:16+00:00","support":{"irc":"irc://irc.freenode.org/composer","issues":"https://github.com/composer/ca-bundle/issues","source":"https://github.com/composer/ca-bundle/tree/1.3.2"}},{"version":"1.3.1","version_normalized":"1.3.1.0","source":{"url":"https://github.com/composer/ca-bundle.git","type":"git","reference":"4c679186f2aca4ab6a0f1b0b9cf9252decb44d0b"},"dist":{"url":"https://api.github.com/repos/composer/ca-bundle/zipball/4c679186f2aca4ab6a0f1b0b9cf9252decb44d0b","type":"zip","shasum":"","reference":"4c679186f2aca4ab6a0f1b0b9cf9252decb44d0b"},"time":"2021-10-28T20:44:15+00:00","support":{"irc":"irc://irc.freenode.org/composer","issues":"https://github.com/composer/ca-bundle/issues","source":"https://github.com/composer/ca-bundle/tree/1.3.1"}},{"version":"1.3.0","version_normalized":"1.3.0.0","source":{"url":"https://github.com/composer/ca-bundle.git","type":"git","reference":"679333688725c7dd043ff35c547100ccf512f051"},"dist":{"url":"https://api.github.com/repos/composer/ca-bundle/zipball/679333688725c7dd043ff35c547100ccf512f051","type":"zip","shasum":"","reference":"679333688725c7dd043ff35c547100ccf512f051"},"time":"2021-10-27T07:42:23+00:00","support":{"irc":"irc://irc.freenode.org/composer","issues":"https://github.com/composer/ca-bundle/issues","source":"https://github.com/composer/ca-bundle/tree/1.3.0"}},{"version":"1.2.11","version_normalized":"1.2.11.0","source":{"url":"https://github.com/composer/ca-bundle.git","type":"git","reference":"0b072d51c5a9c6f3412f7ea3ab043d6603cb2582"},"dist":{"url":"https://api.github.com/repos/composer/ca-bundle/zipball/0b072d51c5a9c6f3412f7ea3ab043d6603cb2582","type":"zip","shasum":"","reference":"0b072d51c5a9c6f3412f7ea3ab043d6603cb2582"},"time":"2021-09-25T20:32:43+00:00","support":{"irc":"irc://irc.freenode.org/composer","issues":"https://github.com/composer/ca-bundle/issues","source":"https://github.com/composer/ca-bundle/tree/1.2.11"}},{"version":"1.2.10","version_normalized":"1.2.10.0","source":{"url":"https://github.com/composer/ca-bundle.git","type":"git","reference":"9fdb22c2e97a614657716178093cd1da90a64aa8"},"dist":{"url":"https://api.github.com/repos/composer/ca-bundle/zipball/9fdb22c2e97a614657716178093cd1da90a64aa8","type":"zip","shasum":"","reference":"9fdb22c2e97a614657716178093cd1da90a64aa8"},"time":"2021-06-07T13:58:28+00:00","require-dev":{"symfony/phpunit-bridge":"^4.2 || ^5","phpstan/phpstan":"^0.12.55","psr/log":"^1.0","symfony/process":"^2.5 || ^3.0 || ^4.0 || ^5.0"},"support":{"irc":"irc://irc.freenode.org/composer","issues":"https://github.com/composer/ca-bundle/issues","source":"https://github.com/composer/ca-bundle/tree/1.2.10"}},{"version":"1.2.9","version_normalized":"1.2.9.0","source":{"url":"https://github.com/composer/ca-bundle.git","type":"git","reference":"78a0e288fdcebf92aa2318a8d3656168da6ac1a5"},"dist":{"url":"https://api.github.com/repos/composer/ca-bundle/zipball/78a0e288fdcebf92aa2318a8d3656168da6ac1a5","type":"zip","shasum":"","reference":"78a0e288fdcebf92aa2318a8d3656168da6ac1a5"},"time":"2021-01-12T12:10:35+00:00","support":{"irc":"irc://irc.freenode.org/composer","issues":"https://github.com/composer/ca-bundle/issues","source":"https://github.com/composer/ca-bundle/tree/1.2.9"}},{"version":"1.2.8","version_normalized":"1.2.8.0","source":{"url":"https://github.com/composer/ca-bundle.git","type":"git","reference":"8a7ecad675253e4654ea05505233285377405215"},"dist":{"url":"https://api.github.com/repos/composer/ca-bundle/zipball/8a7ecad675253e4654ea05505233285377405215","type":"zip","shasum":"","reference":"8a7ecad675253e4654ea05505233285377405215"},"time":"2020-08-23T12:54:47+00:00","extra":{"branch-alias":{"dev-master":"1.x-dev"}},"require-dev":{"phpunit/phpunit":"^4.8.35 || ^5.7 || 6.5 - 8","psr/log":"^1.0","symfony/process":"^2.5 || ^3.0 || ^4.0 || ^5.0"},"support":{"irc":"irc://irc.freenode.org/composer","issues":"https://github.com/composer/ca-bundle/issues","source":"https://github.com/composer/ca-bundle/tree/1.2.8"}},{"version":"1.2.7","version_normalized":"1.2.7.0","source":{"url":"https://github.com/composer/ca-bundle.git","type":"git","reference":"95c63ab2117a72f48f5a55da9740a3273d45b7fd"},"dist":{"url":"https://api.github.com/repos/composer/ca-bundle/zipball/95c63ab2117a72f48f5a55da9740a3273d45b7fd","type":"zip","shasum":"","reference":"95c63ab2117a72f48f5a55da9740a3273d45b7fd"},"funding":[{"url":"https://packagist.com","type":"custom"},{"url":"https://tidelift.com/funding/github/packagist/composer/composer","type":"tidelift"}],"time":"2020-04-08T08:27:21+00:00","support":{"irc":"irc://irc.freenode.org/composer","issues":"https://github.com/composer/ca-bundle/issues","source":"https://github.com/composer/ca-bundle/tree/1.2.7"}},{"version":"1.2.6","version_normalized":"1.2.6.0","source":{"url":"https://github.com/composer/ca-bundle.git","type":"git","reference":"47fe531de31fca4a1b997f87308e7d7804348f7e"},"dist":{"url":"https://api.github.com/repos/composer/ca-bundle/zipball/47fe531de31fca4a1b997f87308e7d7804348f7e","type":"zip","shasum":"","reference":"47fe531de31fca4a1b997f87308e7d7804348f7e"},"time":"2020-01-13T10:02:55+00:00","support":{"irc":"irc://irc.freenode.org/composer","issues":"https://github.com/composer/ca-bundle/issues","source":"https://github.com/composer/ca-bundle/tree/master"},"funding":"__unset"},{"version":"1.2.5","version_normalized":"1.2.5.0","source":{"url":"https://github.com/composer/ca-bundle.git","type":"git","reference":"62e8fc2dc550e5d6d8c9360c7721662670f58149"},"dist":{"url":"https://api.github.com/repos/composer/ca-bundle/zipball/62e8fc2dc550e5d6d8c9360c7721662670f58149","type":"zip","shasum":"","reference":"62e8fc2dc550e5d6d8c9360c7721662670f58149"},"time":"2019-12-11T14:44:42+00:00"},{"version":"1.2.4","version_normalized":"1.2.4.0","source":{"url":"https://github.com/composer/ca-bundle.git","type":"git","reference":"10bb96592168a0f8e8f6dcde3532d9fa50b0b527"},"dist":{"url":"https://api.github.com/repos/composer/ca-bundle/zipball/10bb96592168a0f8e8f6dcde3532d9fa50b0b527","type":"zip","shasum":"","reference":"10bb96592168a0f8e8f6dcde3532d9fa50b0b527"},"time":"2019-08-30T08:44:50+00:00","require-dev":{"phpunit/phpunit":"^4.8.35 || ^5.7 || 6.5 - 8","psr/log":"^1.0","symfony/process":"^2.5 || ^3.0 || ^4.0"}},{"version":"1.2.3","version_normalized":"1.2.3.0","source":{"url":"https://github.com/composer/ca-bundle.git","type":"git","reference":"f26a67e397be0e5c00d7c52ec7b5010098e15ce5"},"dist":{"url":"https://api.github.com/repos/composer/ca-bundle/zipball/f26a67e397be0e5c00d7c52ec7b5010098e15ce5","type":"zip","shasum":"","reference":"f26a67e397be0e5c00d7c52ec7b5010098e15ce5"},"time":"2019-08-02T09:05:43+00:00","support":{"irc":"irc://irc.freenode.org/composer","issues":"https://github.com/composer/ca-bundle/issues","source":"https://github.com/composer/ca-bundle/tree/1.2.3"}},{"version":"1.2.2","version_normalized":"1.2.2.0","source":{"url":"https://github.com/composer/ca-bundle.git","type":"git","reference":"ec2e24d4fa6a0d50d423794a56605ecec3401b85"},"dist":{"url":"https://api.github.com/repos/composer/ca-bundle/zipball/ec2e24d4fa6a0d50d423794a56605ecec3401b85","type":"zip","shasum":"","reference":"ec2e24d4fa6a0d50d423794a56605ecec3401b85"},"time":"2019-08-01T07:52:17+00:00","support":{"irc":"irc://irc.freenode.org/composer","issues":"https://github.com/composer/ca-bundle/issues","source":"https://github.com/composer/ca-bundle/tree/master"}},{"version":"1.2.1","version_normalized":"1.2.1.0","source":{"url":"https://github.com/composer/ca-bundle.git","type":"git","reference":"33810d865dd06a674130fceb729b2f279dc79e8c"},"dist":{"url":"https://api.github.com/repos/composer/ca-bundle/zipball/33810d865dd06a674130fceb729b2f279dc79e8c","type":"zip","shasum":"","reference":"33810d865dd06a674130fceb729b2f279dc79e8c"},"time":"2019-07-31T08:13:16+00:00"},{"version":"1.2.0","version_normalized":"1.2.0.0","source":{"url":"https://github.com/composer/ca-bundle.git","type":"git","reference":"13a8d67799a4f1c0e6bb0abd788abbe9e95dee8e"},"dist":{"url":"https://api.github.com/repos/composer/ca-bundle/zipball/13a8d67799a4f1c0e6bb0abd788abbe9e95dee8e","type":"zip","shasum":"","reference":"13a8d67799a4f1c0e6bb0abd788abbe9e95dee8e"},"time":"2019-07-30T05:22:27+00:00"},{"version":"1.1.4","version_normalized":"1.1.4.0","source":{"url":"https://github.com/composer/ca-bundle.git","type":"git","reference":"558f321c52faeb4828c03e7dc0cfe39a09e09a2d"},"dist":{"url":"https://api.github.com/repos/composer/ca-bundle/zipball/558f321c52faeb4828c03e7dc0cfe39a09e09a2d","type":"zip","shasum":"","reference":"558f321c52faeb4828c03e7dc0cfe39a09e09a2d"},"time":"2019-01-28T09:30:10+00:00","require":{"ext-openssl":"*","ext-pcre":"*","php":"^5.3.2 || ^7.0"},"require-dev":{"phpunit/phpunit":"^4.8.35 || ^5.7 || ^6.5","psr/log":"^1.0","symfony/process":"^2.5 || ^3.0 || ^4.0"}},{"version":"1.1.3","version_normalized":"1.1.3.0","source":{"url":"https://github.com/composer/ca-bundle.git","type":"git","reference":"8afa52cd417f4ec417b4bfe86b68106538a87660"},"dist":{"url":"https://api.github.com/repos/composer/ca-bundle/zipball/8afa52cd417f4ec417b4bfe86b68106538a87660","type":"zip","shasum":"","reference":"8afa52cd417f4ec417b4bfe86b68106538a87660"},"time":"2018-10-18T06:09:13+00:00"},{"version":"1.1.2","version_normalized":"1.1.2.0","source":{"url":"https://github.com/composer/ca-bundle.git","type":"git","reference":"46afded9720f40b9dc63542af4e3e43a1177acb0"},"dist":{"url":"https://api.github.com/repos/composer/ca-bundle/zipball/46afded9720f40b9dc63542af4e3e43a1177acb0","type":"zip","shasum":"","reference":"46afded9720f40b9dc63542af4e3e43a1177acb0"},"time":"2018-08-08T08:57:40+00:00"},{"version":"1.1.1","version_normalized":"1.1.1.0","source":{"url":"https://github.com/composer/ca-bundle.git","type":"git","reference":"d2c0a83b7533d6912e8d516756ebd34f893e9169"},"dist":{"url":"https://api.github.com/repos/composer/ca-bundle/zipball/d2c0a83b7533d6912e8d516756ebd34f893e9169","type":"zip","shasum":"","reference":"d2c0a83b7533d6912e8d516756ebd34f893e9169"},"time":"2018-03-29T19:57:20+00:00","support":{"irc":"irc://irc.freenode.org/composer","issues":"https://github.com/composer/ca-bundle/issues","source":"https://github.com/composer/ca-bundle/tree/1.1.1"}},{"version":"1.1.0","version_normalized":"1.1.0.0","source":{"url":"https://github.com/composer/ca-bundle.git","type":"git","reference":"943b2c4fcad1ef178d16a713c2468bf7e579c288"},"dist":{"url":"https://api.github.com/repos/composer/ca-bundle/zipball/943b2c4fcad1ef178d16a713c2468bf7e579c288","type":"zip","shasum":"","reference":"943b2c4fcad1ef178d16a713c2468bf7e579c288"},"time":"2017-11-29T09:37:33+00:00","require-dev":{"phpunit/phpunit":"^4.8.35","psr/log":"^1.0","symfony/process":"^2.5 || ^3.0 || ^4.0"},"support":{"irc":"irc://irc.freenode.org/composer","issues":"https://github.com/composer/ca-bundle/issues","source":"https://github.com/composer/ca-bundle/tree/master"}},{"version":"1.0.9","version_normalized":"1.0.9.0","source":{"url":"https://github.com/composer/ca-bundle.git","type":"git","reference":"36344aeffdc37711335563e6108cda86566432a6"},"dist":{"url":"https://api.github.com/repos/composer/ca-bundle/zipball/36344aeffdc37711335563e6108cda86566432a6","type":"zip","shasum":"","reference":"36344aeffdc37711335563e6108cda86566432a6"},"time":"2017-11-13T15:51:25+00:00","require-dev":{"phpunit/phpunit":"^4.5","psr/log":"^1.0","symfony/process":"^2.5 || ^3.0"},"suggest":{"symfony/process":"This is necessary to reliably check whether openssl_x509_parse is vulnerable on older php versions, but can be ignored on PHP 5.5.6+"}},{"version":"1.0.8","version_normalized":"1.0.8.0","source":{"url":"https://github.com/composer/ca-bundle.git","type":"git","reference":"9dd73a03951357922d8aee6cc084500de93e2343"},"dist":{"url":"https://api.github.com/repos/composer/ca-bundle/zipball/9dd73a03951357922d8aee6cc084500de93e2343","type":"zip","shasum":"","reference":"9dd73a03951357922d8aee6cc084500de93e2343"},"time":"2017-09-11T07:24:36+00:00"},{"version":"1.0.7","version_normalized":"1.0.7.0","source":{"url":"https://github.com/composer/ca-bundle.git","type":"git","reference":"b17e6153cb7f33c7e44eb59578dc12eee5dc8e12"},"dist":{"url":"https://api.github.com/repos/composer/ca-bundle/zipball/b17e6153cb7f33c7e44eb59578dc12eee5dc8e12","type":"zip","shasum":"","reference":"b17e6153cb7f33c7e44eb59578dc12eee5dc8e12"},"time":"2017-03-06T11:59:08+00:00"},{"version":"1.0.6","version_normalized":"1.0.6.0","source":{"url":"https://github.com/composer/ca-bundle.git","type":"git","reference":"a795611394b3c05164fd0eb291b492b39339cba4"},"dist":{"url":"https://api.github.com/repos/composer/ca-bundle/zipball/a795611394b3c05164fd0eb291b492b39339cba4","type":"zip","shasum":"","reference":"a795611394b3c05164fd0eb291b492b39339cba4"},"time":"2016-11-02T18:11:27+00:00","require-dev":{"psr/log":"^1.0","symfony/process":"^2.5 || ^3.0"},"support":{"irc":"irc://irc.freenode.org/composer","issues":"https://github.com/composer/ca-bundle/issues","source":"https://github.com/composer/ca-bundle/tree/1.0.6"}},{"version":"1.0.5","version_normalized":"1.0.5.0","source":{"url":"https://github.com/composer/ca-bundle.git","type":"git","reference":"b698f6e839b39b4c2173cd84225e63002b847a74"},"dist":{"url":"https://api.github.com/repos/composer/ca-bundle/zipball/b698f6e839b39b4c2173cd84225e63002b847a74","type":"zip","shasum":"","reference":"b698f6e839b39b4c2173cd84225e63002b847a74"},"time":"2016-11-02T10:14:10+00:00","support":{"irc":"irc://irc.freenode.org/composer","issues":"https://github.com/composer/ca-bundle/issues","source":"https://github.com/composer/ca-bundle/tree/1.0.5"}},{"version":"1.0.4","version_normalized":"1.0.4.0","source":{"url":"https://github.com/composer/ca-bundle.git","type":"git","reference":"ec21a59414b99501e723b63fd664aa8ead9c5680"},"dist":{"url":"https://api.github.com/repos/composer/ca-bundle/zipball/ec21a59414b99501e723b63fd664aa8ead9c5680","type":"zip","shasum":"","reference":"ec21a59414b99501e723b63fd664aa8ead9c5680"},"time":"2016-09-04T19:00:06+00:00","support":{"irc":"irc://irc.freenode.org/composer","issues":"https://github.com/composer/ca-bundle/issues","source":"https://github.com/composer/ca-bundle/tree/1.0.4"}},{"version":"1.0.3","version_normalized":"1.0.3.0","source":{"url":"https://github.com/composer/ca-bundle.git","type":"git","reference":"5df9ed0ed0c9506ea6404a23450854e5df15cc12"},"dist":{"url":"https://api.github.com/repos/composer/ca-bundle/zipball/5df9ed0ed0c9506ea6404a23450854e5df15cc12","type":"zip","shasum":"","reference":"5df9ed0ed0c9506ea6404a23450854e5df15cc12"},"time":"2016-07-18T23:07:53+00:00","require-dev":{"symfony/process":"^2.5 || ^3.0"},"support":{"irc":"irc://irc.freenode.org/composer","issues":"https://github.com/composer/ca-bundle/issues","source":"https://github.com/composer/ca-bundle/tree/master"}},{"version":"1.0.2","version_normalized":"1.0.2.0","source":{"url":"https://github.com/composer/ca-bundle.git","type":"git","reference":"a2995e5fe351055f2c7630166af12ce8fd03edfc"},"dist":{"url":"https://api.github.com/repos/composer/ca-bundle/zipball/a2995e5fe351055f2c7630166af12ce8fd03edfc","type":"zip","shasum":"","reference":"a2995e5fe351055f2c7630166af12ce8fd03edfc"},"time":"2016-04-13T10:13:24+00:00","require":{"php":"^5.3.2 || ^7.0"}},{"version":"1.0.1","version_normalized":"1.0.1.0","source":{"url":"https://github.com/composer/ca-bundle.git","type":"git","reference":"5c4905c04fc61f092879bf7e710b199c3bbb6c43"},"dist":{"url":"https://api.github.com/repos/composer/ca-bundle/zipball/5c4905c04fc61f092879bf7e710b199c3bbb6c43","type":"zip","shasum":"","reference":"5c4905c04fc61f092879bf7e710b199c3bbb6c43"},"time":"2016-04-11T17:23:25+00:00"},{"version":"1.0.0","version_normalized":"1.0.0.0","source":{"url":"https://github.com/composer/ca-bundle.git","type":"git","reference":"4059c02b474668bde9d115731615eaf073691ee1"},"dist":{"url":"https://api.github.com/repos/composer/ca-bundle/zipball/4059c02b474668bde9d115731615eaf073691ee1","type":"zip","shasum":"","reference":"4059c02b474668bde9d115731615eaf073691ee1"},"time":"2016-04-11T15:47:46+00:00","support":{"irc":"irc://irc.freenode.org/composer","issues":"https://github.com/composer/ca-bundle/issues","source":"https://github.com/composer/ca-bundle/tree/1.0.0"}}]},"security-advisories":[],"last-modified":"Wed, 20 Jul 2022 07:15:12 GMT"}