{"minified":"composer/2.0","packages":{"composer/spdx-licenses":[{"name":"composer/spdx-licenses","description":"SPDX licenses list and validation library.","keywords":["validator","license","spdx"],"homepage":"","version":"1.5.7","version_normalized":"1.5.7.0","license":["MIT"],"authors":[{"name":"Nils Adermann","email":"naderman@naderman.de","homepage":"http://www.naderman.de"},{"name":"Jordi Boggiano","email":"j.boggiano@seld.be","homepage":"http://seld.be"},{"name":"Rob Bast","email":"rob.bast@gmail.com","homepage":"http://robbast.nl"}],"source":{"url":"https://github.com/composer/spdx-licenses.git","type":"git","reference":"c848241796da2abf65837d51dce1fae55a960149"},"dist":{"url":"https://api.github.com/repos/composer/spdx-licenses/zipball/c848241796da2abf65837d51dce1fae55a960149","type":"zip","shasum":"","reference":"c848241796da2abf65837d51dce1fae55a960149"},"type":"library","funding":[{"url":"https://packagist.com","type":"custom"},{"url":"https://github.com/composer","type":"github"},{"url":"https://tidelift.com/funding/github/packagist/composer/composer","type":"tidelift"}],"time":"2022-05-23T07:37:50+00:00","autoload":{"psr-4":{"Composer\\Spdx\\":"src"}},"extra":{"branch-alias":{"dev-main":"1.x-dev"}},"require":{"php":"^5.3.2 || ^7.0 || ^8.0"},"require-dev":{"symfony/phpunit-bridge":"^4.2 || ^5","phpstan/phpstan":"^0.12.55"},"support":{"irc":"irc://irc.freenode.org/composer","issues":"https://github.com/composer/spdx-licenses/issues","source":"https://github.com/composer/spdx-licenses/tree/1.5.7"}},{"version":"1.5.6","version_normalized":"1.5.6.0","source":{"url":"https://github.com/composer/spdx-licenses.git","type":"git","reference":"a30d487169d799745ca7280bc90fdfa693536901"},"dist":{"url":"https://api.github.com/repos/composer/spdx-licenses/zipball/a30d487169d799745ca7280bc90fdfa693536901","type":"zip","shasum":"","reference":"a30d487169d799745ca7280bc90fdfa693536901"},"time":"2021-11-18T10:14:14+00:00","support":{"irc":"irc://irc.freenode.org/composer","issues":"https://github.com/composer/spdx-licenses/issues","source":"https://github.com/composer/spdx-licenses/tree/1.5.6"}},{"version":"1.5.5","version_normalized":"1.5.5.0","source":{"url":"https://github.com/composer/spdx-licenses.git","type":"git","reference":"de30328a7af8680efdc03e396aad24befd513200"},"dist":{"url":"https://api.github.com/repos/composer/spdx-licenses/zipball/de30328a7af8680efdc03e396aad24befd513200","type":"zip","shasum":"","reference":"de30328a7af8680efdc03e396aad24befd513200"},"time":"2020-12-03T16:04:16+00:00","require-dev":{"phpunit/phpunit":"^4.8.35 || ^5.7 || 6.5 - 7"},"support":{"irc":"irc://irc.freenode.org/composer","issues":"https://github.com/composer/spdx-licenses/issues","source":"https://github.com/composer/spdx-licenses/tree/1.5.5"}},{"version":"1.5.4","version_normalized":"1.5.4.0","source":{"url":"https://github.com/composer/spdx-licenses.git","type":"git","reference":"6946f785871e2314c60b4524851f3702ea4f2223"},"dist":{"url":"https://api.github.com/repos/composer/spdx-licenses/zipball/6946f785871e2314c60b4524851f3702ea4f2223","type":"zip","shasum":"","reference":"6946f785871e2314c60b4524851f3702ea4f2223"},"time":"2020-07-15T15:35:07+00:00","extra":{"branch-alias":{"dev-master":"1.x-dev"}},"support":{"irc":"irc://irc.freenode.org/composer","issues":"https://github.com/composer/spdx-licenses/issues","source":"https://github.com/composer/spdx-licenses/tree/1.5.4"}},{"version":"1.5.3","version_normalized":"1.5.3.0","source":{"url":"https://github.com/composer/spdx-licenses.git","type":"git","reference":"0c3e51e1880ca149682332770e25977c70cf9dae"},"dist":{"url":"https://api.github.com/repos/composer/spdx-licenses/zipball/0c3e51e1880ca149682332770e25977c70cf9dae","type":"zip","shasum":"","reference":"0c3e51e1880ca149682332770e25977c70cf9dae"},"time":"2020-02-14T07:44:31+00:00","support":{"irc":"irc://irc.freenode.org/composer","issues":"https://github.com/composer/spdx-licenses/issues","source":"https://github.com/composer/spdx-licenses/tree/1.5.3"},"funding":"__unset"},{"version":"1.5.2","version_normalized":"1.5.2.0","source":{"url":"https://github.com/composer/spdx-licenses.git","type":"git","reference":"7ac1e6aec371357df067f8a688c3d6974df68fa5"},"dist":{"url":"https://api.github.com/repos/composer/spdx-licenses/zipball/7ac1e6aec371357df067f8a688c3d6974df68fa5","type":"zip","shasum":"","reference":"7ac1e6aec371357df067f8a688c3d6974df68fa5"},"time":"2019-07-29T10:31:59+00:00","support":{"irc":"irc://irc.freenode.org/composer","issues":"https://github.com/composer/spdx-licenses/issues","source":"https://github.com/composer/spdx-licenses/tree/1.5.2"}},{"version":"1.5.1","version_normalized":"1.5.1.0","source":{"url":"https://github.com/composer/spdx-licenses.git","type":"git","reference":"a1aa51cf3ab838b83b0867b14e56fc20fbd55b3d"},"dist":{"url":"https://api.github.com/repos/composer/spdx-licenses/zipball/a1aa51cf3ab838b83b0867b14e56fc20fbd55b3d","type":"zip","shasum":"","reference":"a1aa51cf3ab838b83b0867b14e56fc20fbd55b3d"},"time":"2019-03-26T10:23:26+00:00","support":{"irc":"irc://irc.freenode.org/composer","issues":"https://github.com/composer/spdx-licenses/issues","source":"https://github.com/composer/spdx-licenses/tree/master"}},{"version":"1.5.0","version_normalized":"1.5.0.0","source":{"url":"https://github.com/composer/spdx-licenses.git","type":"git","reference":"7a9556b22bd9d4df7cad89876b00af58ef20d3a2"},"dist":{"url":"https://api.github.com/repos/composer/spdx-licenses/zipball/7a9556b22bd9d4df7cad89876b00af58ef20d3a2","type":"zip","shasum":"","reference":"7a9556b22bd9d4df7cad89876b00af58ef20d3a2"},"time":"2018-11-01T09:45:54+00:00","require":{"php":"^5.3.2 || ^7.0"},"require-dev":{"phpunit/phpunit":"^4.8.35 || ^5.7 || ^6.5","phpunit/phpunit-mock-objects":"2.3.0 || ^3.0"}},{"version":"1.4.0","version_normalized":"1.4.0.0","source":{"url":"https://github.com/composer/spdx-licenses.git","type":"git","reference":"cb17687e9f936acd7e7245ad3890f953770dec1b"},"dist":{"url":"https://api.github.com/repos/composer/spdx-licenses/zipball/cb17687e9f936acd7e7245ad3890f953770dec1b","type":"zip","shasum":"","reference":"cb17687e9f936acd7e7245ad3890f953770dec1b"},"time":"2018-04-30T10:33:04+00:00"},{"version":"1.3.0","version_normalized":"1.3.0.0","source":{"url":"https://github.com/composer/spdx-licenses.git","type":"git","reference":"7e111c50db92fa2ced140f5ba23b4e261bc77a30"},"dist":{"url":"https://api.github.com/repos/composer/spdx-licenses/zipball/7e111c50db92fa2ced140f5ba23b4e261bc77a30","type":"zip","shasum":"","reference":"7e111c50db92fa2ced140f5ba23b4e261bc77a30"},"time":"2018-01-31T13:17:27+00:00","support":{"irc":"irc://irc.freenode.org/composer","issues":"https://github.com/composer/spdx-licenses/issues","source":"https://github.com/composer/spdx-licenses/tree/1.3.0"}},{"version":"1.2.0","version_normalized":"1.2.0.0","source":{"url":"https://github.com/composer/spdx-licenses.git","type":"git","reference":"2d899e9b33023c631854f36c39ef9f8317a7ab33"},"dist":{"url":"https://api.github.com/repos/composer/spdx-licenses/zipball/2d899e9b33023c631854f36c39ef9f8317a7ab33","type":"zip","shasum":"","reference":"2d899e9b33023c631854f36c39ef9f8317a7ab33"},"time":"2018-01-03T16:37:06+00:00","support":{"irc":"irc://irc.freenode.org/composer","issues":"https://github.com/composer/spdx-licenses/issues","source":"https://github.com/composer/spdx-licenses/tree/1.2.0"}},{"version":"1.1.6","version_normalized":"1.1.6.0","source":{"url":"https://github.com/composer/spdx-licenses.git","type":"git","reference":"2603a0d7ddc00a015deb576fa5297ca43dee6b1c"},"dist":{"url":"https://api.github.com/repos/composer/spdx-licenses/zipball/2603a0d7ddc00a015deb576fa5297ca43dee6b1c","type":"zip","shasum":"","reference":"2603a0d7ddc00a015deb576fa5297ca43dee6b1c"},"time":"2017-04-03T19:08:52+00:00","require-dev":{"phpunit/phpunit":"^4.5 || ^5.0.5","phpunit/phpunit-mock-objects":"2.3.0 || ^3.0"},"support":{"irc":"irc://irc.freenode.org/composer","issues":"https://github.com/composer/spdx-licenses/issues","source":"https://github.com/composer/spdx-licenses/tree/master"}},{"version":"1.1.5","version_normalized":"1.1.5.0","source":{"url":"https://github.com/composer/spdx-licenses.git","type":"git","reference":"96c6a07b05b716e89a44529d060bc7f5c263cb13"},"dist":{"url":"https://api.github.com/repos/composer/spdx-licenses/zipball/96c6a07b05b716e89a44529d060bc7f5c263cb13","type":"zip","shasum":"","reference":"96c6a07b05b716e89a44529d060bc7f5c263cb13"},"time":"2016-09-28T07:17:45+00:00"},{"version":"1.1.4","version_normalized":"1.1.4.0","source":{"url":"https://github.com/composer/spdx-licenses.git","type":"git","reference":"88c26372b1afac36d8db601cdf04ad8716f53d88"},"dist":{"url":"https://api.github.com/repos/composer/spdx-licenses/zipball/88c26372b1afac36d8db601cdf04ad8716f53d88","type":"zip","shasum":"","reference":"88c26372b1afac36d8db601cdf04ad8716f53d88"},"time":"2016-05-04T12:27:30+00:00","support":{"irc":"irc://irc.freenode.org/composer","issues":"https://github.com/composer/spdx-licenses/issues","source":"https://github.com/composer/spdx-licenses/tree/1.1.4"}},{"version":"1.1.3","version_normalized":"1.1.3.0","source":{"url":"https://github.com/composer/spdx-licenses.git","type":"git","reference":"547659c3cacd3ccfe1b4714c2ff88cafc6b6793b"},"dist":{"url":"https://api.github.com/repos/composer/spdx-licenses/zipball/547659c3cacd3ccfe1b4714c2ff88cafc6b6793b","type":"zip","shasum":"","reference":"547659c3cacd3ccfe1b4714c2ff88cafc6b6793b"},"time":"2016-03-25T10:57:10+00:00","support":{"irc":"irc://irc.freenode.org/composer","issues":"https://github.com/composer/spdx-licenses/issues","source":"https://github.com/composer/spdx-licenses/tree/1.1.3"}},{"version":"1.1.2","version_normalized":"1.1.2.0","source":{"url":"https://github.com/composer/spdx-licenses.git","type":"git","reference":"9e1c3926bb0842812967213d7c92827bc5883671"},"dist":{"url":"https://api.github.com/repos/composer/spdx-licenses/zipball/9e1c3926bb0842812967213d7c92827bc5883671","type":"zip","shasum":"","reference":"9e1c3926bb0842812967213d7c92827bc5883671"},"time":"2015-10-05T11:27:42+00:00","require":{"php":">=5.3.2"},"require-dev":{"phpunit/phpunit":"~4.5","phpunit/phpunit-mock-objects":"~2.3"},"support":{"irc":"irc://irc.freenode.org/composer","issues":"https://github.com/composer/spdx-licenses/issues","source":"https://github.com/composer/spdx-licenses/tree/master"}},{"version":"1.1.1","version_normalized":"1.1.1.0","authors":[{"name":"Rob Bast","email":"rob.bast@gmail.com"},{"name":"Nils Adermann","email":"naderman@naderman.de","homepage":"http://www.naderman.de"},{"name":"Jordi Boggiano","email":"j.boggiano@seld.be","homepage":"http://seld.be"}],"source":{"url":"https://github.com/composer/spdx-licenses.git","type":"git","reference":"324b3530ac3e6277ff4bedf82a34fbf35836eb8d"},"dist":{"url":"https://api.github.com/repos/composer/spdx-licenses/zipball/324b3530ac3e6277ff4bedf82a34fbf35836eb8d","type":"zip","shasum":"","reference":"324b3530ac3e6277ff4bedf82a34fbf35836eb8d"},"time":"2015-09-07T16:25:20+00:00","support":{"irc":"irc://irc.freenode.org/composer","issues":"https://github.com/composer/spdx-licenses/issues","source":"https://github.com/composer/spdx-licenses/tree/1.1.1"}},{"version":"1.1.0","version_normalized":"1.1.0.0","source":{"url":"https://github.com/composer/spdx-licenses.git","type":"git","reference":"2f17228c1b98283b779698cefa917f7f4fd0b0d4"},"dist":{"url":"https://api.github.com/repos/composer/spdx-licenses/zipball/2f17228c1b98283b779698cefa917f7f4fd0b0d4","type":"zip","shasum":"","reference":"2f17228c1b98283b779698cefa917f7f4fd0b0d4"},"time":"2015-07-17T06:17:03+00:00","extra":{"branch-alias":{"dev-master":"1.0-dev"}},"support":{"irc":"irc://irc.freenode.org/composer","issues":"https://github.com/composer/spdx-licenses/issues","source":"https://github.com/composer/spdx-licenses/tree/1.1.0"}},{"version":"1.0.0","version_normalized":"1.0.0.0","source":{"url":"https://github.com/composer/spdx-licenses.git","type":"git","reference":"abf7dfc7da7d7dc66c147a91b6e927099512292a"},"dist":{"url":"https://api.github.com/repos/composer/spdx-licenses/zipball/abf7dfc7da7d7dc66c147a91b6e927099512292a","type":"zip","shasum":"","reference":"abf7dfc7da7d7dc66c147a91b6e927099512292a"},"time":"2015-07-15T17:38:14+00:00","require":{"php":">=5.3.2","justinrainbow/json-schema":"~1.4"},"support":{"irc":"irc://irc.freenode.org/composer","issues":"https://github.com/composer/spdx-licenses/issues","source":"https://github.com/composer/spdx-licenses/tree/master"}}]},"security-advisories":[],"last-modified":"Sat, 23 Jul 2022 07:59:42 GMT"}