{"minified":"composer/2.0","packages":{"composer/pcre":[{"name":"composer/pcre","description":"PCRE wrapping library that offers type-safe preg_* replacements.","keywords":["regex","PCRE","regular expression","preg"],"homepage":"","version":"3.0.0","version_normalized":"3.0.0.0","license":["MIT"],"authors":[{"name":"Jordi Boggiano","email":"j.boggiano@seld.be","homepage":"http://seld.be"}],"source":{"url":"https://github.com/composer/pcre.git","type":"git","reference":"e300eb6c535192decd27a85bc72a9290f0d6b3bd"},"dist":{"url":"https://api.github.com/repos/composer/pcre/zipball/e300eb6c535192decd27a85bc72a9290f0d6b3bd","type":"zip","shasum":"","reference":"e300eb6c535192decd27a85bc72a9290f0d6b3bd"},"type":"library","funding":[{"url":"https://packagist.com","type":"custom"},{"url":"https://github.com/composer","type":"github"},{"url":"https://tidelift.com/funding/github/packagist/composer/composer","type":"tidelift"}],"time":"2022-02-25T20:21:48+00:00","autoload":{"psr-4":{"Composer\\Pcre\\":"src"}},"extra":{"branch-alias":{"dev-main":"3.x-dev"}},"require":{"php":"^7.4 || ^8.0"},"require-dev":{"symfony/phpunit-bridge":"^5","phpstan/phpstan":"^1.3","phpstan/phpstan-strict-rules":"^1.1"},"support":{"issues":"https://github.com/composer/pcre/issues","source":"https://github.com/composer/pcre/tree/3.0.0"}},{"version":"2.0.0","version_normalized":"2.0.0.0","source":{"url":"https://github.com/composer/pcre.git","type":"git","reference":"c8e9d27cfc5ed22643c19c160455b473ffd8aabe"},"dist":{"url":"https://api.github.com/repos/composer/pcre/zipball/c8e9d27cfc5ed22643c19c160455b473ffd8aabe","type":"zip","shasum":"","reference":"c8e9d27cfc5ed22643c19c160455b473ffd8aabe"},"time":"2022-02-25T20:05:29+00:00","extra":{"branch-alias":{"dev-main":"2.x-dev"}},"require":{"php":"^7.2 || ^8.0"},"support":{"issues":"https://github.com/composer/pcre/issues","source":"https://github.com/composer/pcre/tree/2.0.0"}},{"version":"1.0.1","version_normalized":"1.0.1.0","source":{"url":"https://github.com/composer/pcre.git","type":"git","reference":"67a32d7d6f9f560b726ab25a061b38ff3a80c560"},"dist":{"url":"https://api.github.com/repos/composer/pcre/zipball/67a32d7d6f9f560b726ab25a061b38ff3a80c560","type":"zip","shasum":"","reference":"67a32d7d6f9f560b726ab25a061b38ff3a80c560"},"time":"2022-01-21T20:24:37+00:00","extra":{"branch-alias":{"dev-main":"1.x-dev"}},"require":{"php":"^5.3.2 || ^7.0 || ^8.0"},"require-dev":{"symfony/phpunit-bridge":"^4.2 || ^5","phpstan/phpstan":"^1.3","phpstan/phpstan-strict-rules":"^1.1"},"support":{"issues":"https://github.com/composer/pcre/issues","source":"https://github.com/composer/pcre/tree/1.0.1"}},{"version":"1.0.0","version_normalized":"1.0.0.0","source":{"url":"https://github.com/composer/pcre.git","type":"git","reference":"3d322d715c43a1ac36c7fe215fa59336265500f2"},"dist":{"url":"https://api.github.com/repos/composer/pcre/zipball/3d322d715c43a1ac36c7fe215fa59336265500f2","type":"zip","shasum":"","reference":"3d322d715c43a1ac36c7fe215fa59336265500f2"},"time":"2021-12-06T15:17:27+00:00","require-dev":{"symfony/phpunit-bridge":"^4.2 || ^5","phpstan/phpstan":"^1","phpstan/phpstan-strict-rules":"^1.1"},"support":{"issues":"https://github.com/composer/pcre/issues","source":"https://github.com/composer/pcre/tree/1.0.0"}}]},"security-advisories":[],"last-modified":"Sat, 23 Jul 2022 12:53:10 GMT"}