{"minified":"composer/2.0","packages":{"php-http/message-factory":[{"name":"php-http/message-factory","description":"Factory interfaces for PSR-7 HTTP Message","keywords":["http","stream","message","uri","factory"],"homepage":"http://php-http.org","version":"v1.0.2","version_normalized":"1.0.2.0","license":["MIT"],"authors":[{"name":"Márk Sági-Kazár","email":"mark.sagikazar@gmail.com"}],"source":{"url":"https://github.com/php-http/message-factory.git","type":"git","reference":"a478cb11f66a6ac48d8954216cfed9aa06a501a1"},"dist":{"url":"https://api.github.com/repos/php-http/message-factory/zipball/a478cb11f66a6ac48d8954216cfed9aa06a501a1","type":"zip","shasum":"","reference":"a478cb11f66a6ac48d8954216cfed9aa06a501a1"},"type":"library","time":"2015-12-19T14:08:53+00:00","autoload":{"psr-4":{"Http\\Message\\":"src/"}},"extra":{"branch-alias":{"dev-master":"1.0-dev"}},"require":{"php":">=5.4","psr/http-message":"^1.0"},"support":{"issues":"https://github.com/php-http/message-factory/issues","source":"https://github.com/php-http/message-factory/tree/master"}},{"version":"v1.0.1","version_normalized":"1.0.1.0","source":{"url":"https://github.com/php-http/message-factory.git","type":"git","reference":"2d18298aedeb547db3988a6fc721164e876571e7"},"dist":{"url":"https://api.github.com/repos/php-http/message-factory/zipball/2d18298aedeb547db3988a6fc721164e876571e7","type":"zip","shasum":"","reference":"2d18298aedeb547db3988a6fc721164e876571e7"},"time":"2015-12-17T15:35:12+00:00"},{"version":"v1.0.0","version_normalized":"1.0.0.0","source":{"url":"https://github.com/php-http/message-factory.git","type":"git","reference":"2f9f6fd29ff84f914183a1fed7dbabec074e7333"},"dist":{"url":"https://api.github.com/repos/php-http/message-factory/zipball/2f9f6fd29ff84f914183a1fed7dbabec074e7333","type":"zip","shasum":"","reference":"2f9f6fd29ff84f914183a1fed7dbabec074e7333"},"time":"2015-12-15T12:45:48+00:00"},{"version":"v1.0.0-rc1","version_normalized":"1.0.0.0-RC1","source":{"url":"https://github.com/php-http/message-factory.git","type":"git","reference":"a56d253dc77140316b18aaccdc9b29109e0a43b6"},"dist":{"url":"https://api.github.com/repos/php-http/message-factory/zipball/a56d253dc77140316b18aaccdc9b29109e0a43b6","type":"zip","shasum":"","reference":"a56d253dc77140316b18aaccdc9b29109e0a43b6"},"time":"2015-12-14T10:59:35+00:00","extra":{"branch-alias":{"dev-master":"1.1-dev"}},"support":{"issues":"https://github.com/php-http/message-factory/issues","source":"https://github.com/php-http/message-factory/tree/v1.0.0-rc1"}},{"version":"v0.3.0","version_normalized":"0.3.0.0","source":{"url":"https://github.com/php-http/message-factory.git","type":"git","reference":"1b9f81dca6dd58a41d7dd8c6ce298ffcd1f03007"},"dist":{"url":"https://api.github.com/repos/php-http/message-factory/zipball/1b9f81dca6dd58a41d7dd8c6ce298ffcd1f03007","type":"zip","shasum":"","reference":"1b9f81dca6dd58a41d7dd8c6ce298ffcd1f03007"},"time":"2015-11-16T13:02:33+00:00","extra":{"branch-alias":{"dev-master":"0.4-dev"}},"support":{"issues":"https://github.com/php-http/message-factory/issues","source":"https://github.com/php-http/message-factory/tree/master"}},{"version":"v0.2.0","version_normalized":"0.2.0.0","authors":[{"name":"Eric GELOEN","email":"geloen.eric@gmail.com"},{"name":"Márk Sági-Kazár","email":"mark.sagikazar@gmail.com"}],"source":{"url":"https://github.com/php-http/message-factory.git","type":"git","reference":"fb2e1fda2a57bec1a8edba3c36f1d119da193448"},"dist":{"url":"https://api.github.com/repos/php-http/message-factory/zipball/fb2e1fda2a57bec1a8edba3c36f1d119da193448","type":"zip","shasum":"","reference":"fb2e1fda2a57bec1a8edba3c36f1d119da193448"},"time":"2015-10-30T22:07:17+00:00","extra":{"branch-alias":{"dev-master":"0.2-dev"}}},{"version":"v0.1.0","version_normalized":"0.1.0.0","source":{"url":"https://github.com/php-http/message-factory.git","type":"git","reference":"5a6b72a3383372efca5e3a1a4ac45be7833d8f8b"},"dist":{"url":"https://api.github.com/repos/php-http/message-factory/zipball/5a6b72a3383372efca5e3a1a4ac45be7833d8f8b","type":"zip","shasum":"","reference":"5a6b72a3383372efca5e3a1a4ac45be7833d8f8b"},"time":"2015-06-01T07:15:44+00:00","extra":{"branch-alias":{"dev-master":"0.1-dev"}},"require":{"php":">=5.4","psr/http-message":"~1.0"},"support":{"issues":"https://github.com/php-http/message-factory/issues","source":"https://github.com/php-http/message-factory/tree/v0.1.0"}}]},"security-advisories":[],"last-modified":"Mon, 27 Jun 2022 23:30:12 GMT"}