{"minified":"composer/2.0","packages":{"ec-cube/plugin-installer":[{"name":"ec-cube/plugin-installer","description":"EC-CUBE plugin installer.","keywords":[],"homepage":"","version":"2.0.1","version_normalized":"2.0.1.0","license":["MIT"],"authors":[],"source":{"url":"https://github.com/EC-CUBE/eccube-plugin-installer.git","type":"git","reference":"2cb574d0fda477af98b6199ddcb99e1a2c7e228a"},"dist":{"url":"https://api.github.com/repos/EC-CUBE/eccube-plugin-installer/zipball/2cb574d0fda477af98b6199ddcb99e1a2c7e228a","type":"zip","shasum":"","reference":"2cb574d0fda477af98b6199ddcb99e1a2c7e228a"},"type":"composer-plugin","time":"2021-07-20T01:13:11+00:00","autoload":{"psr-0":{"Eccube":"src/"}},"extra":{"class":"Eccube\\Composer\\EccubePluginInstallerPlugin"},"require":{"composer-plugin-api":"^1.0 || ^2.0"},"support":{"source":"https://github.com/EC-CUBE/eccube-plugin-installer/tree/2.0.1"}},{"version":"2.0.0","version_normalized":"2.0.0.0","source":{"url":"https://github.com/EC-CUBE/eccube-plugin-installer.git","type":"git","reference":"f794599afd3e66b1fc74e102abb2836391077afd"},"dist":{"url":"https://api.github.com/repos/EC-CUBE/eccube-plugin-installer/zipball/f794599afd3e66b1fc74e102abb2836391077afd","type":"zip","shasum":"","reference":"f794599afd3e66b1fc74e102abb2836391077afd"},"time":"2021-06-15T07:41:17+00:00","support":{"source":"https://github.com/EC-CUBE/eccube-plugin-installer/tree/2.0.0"}},{"version":"0.0.8","version_normalized":"0.0.8.0","source":{"url":"https://github.com/EC-CUBE/eccube-plugin-installer.git","type":"git","reference":"6185cd43ae0dd0423bebc9bb900d096356340f80"},"dist":{"url":"https://api.github.com/repos/EC-CUBE/eccube-plugin-installer/zipball/6185cd43ae0dd0423bebc9bb900d096356340f80","type":"zip","shasum":"","reference":"6185cd43ae0dd0423bebc9bb900d096356340f80"},"time":"2018-12-13T08:14:58+00:00","require":{"composer-plugin-api":"^1.0"},"support":{"source":"https://github.com/EC-CUBE/eccube-plugin-installer/tree/master"}},{"version":"0.0.7","version_normalized":"0.0.7.0","source":{"url":"https://github.com/EC-CUBE/eccube-plugin-installer.git","type":"git","reference":"61f7ac1cd54e8e2ec50b678c036619386589995e"},"dist":{"url":"https://api.github.com/repos/EC-CUBE/eccube-plugin-installer/zipball/61f7ac1cd54e8e2ec50b678c036619386589995e","type":"zip","shasum":"","reference":"61f7ac1cd54e8e2ec50b678c036619386589995e"},"time":"2018-11-20T11:40:27+00:00"},{"version":"0.0.6","version_normalized":"0.0.6.0","source":{"url":"https://github.com/EC-CUBE/eccube-plugin-installer.git","type":"git","reference":"3d93bd691c03d22977d971c27160f426ed27b2c8"},"dist":{"url":"https://api.github.com/repos/EC-CUBE/eccube-plugin-installer/zipball/3d93bd691c03d22977d971c27160f426ed27b2c8","type":"zip","shasum":"","reference":"3d93bd691c03d22977d971c27160f426ed27b2c8"},"time":"2018-09-19T09:30:27+00:00","support":{"source":"https://github.com/EC-CUBE/eccube-plugin-installer/tree/0.0.6"}},{"version":"0.0.5","version_normalized":"0.0.5.0","source":{"url":"https://github.com/EC-CUBE/eccube-plugin-installer.git","type":"git","reference":"e44bf4412d67424440469493d4c9af108b56027e"},"dist":{"url":"https://api.github.com/repos/EC-CUBE/eccube-plugin-installer/zipball/e44bf4412d67424440469493d4c9af108b56027e","type":"zip","shasum":"","reference":"e44bf4412d67424440469493d4c9af108b56027e"},"time":"2018-08-31T00:29:56+00:00","support":{"source":"https://github.com/EC-CUBE/eccube-plugin-installer/tree/0.0.5"}},{"version":"0.0.4","version_normalized":"0.0.4.0","source":{"url":"https://github.com/EC-CUBE/eccube-plugin-installer.git","type":"git","reference":"88462d525e45697b8b959b146ff83d8e28b1a67d"},"dist":{"url":"https://api.github.com/repos/EC-CUBE/eccube-plugin-installer/zipball/88462d525e45697b8b959b146ff83d8e28b1a67d","type":"zip","shasum":"","reference":"88462d525e45697b8b959b146ff83d8e28b1a67d"},"time":"2018-08-22T06:35:25+00:00","support":{"source":"https://github.com/EC-CUBE/eccube-plugin-installer/tree/0.0.4"}},{"version":"0.0.3","version_normalized":"0.0.3.0","source":{"url":"https://github.com/EC-CUBE/eccube-plugin-installer.git","type":"git","reference":"ee1e90abf940c22a93e3aaaa1a5c5f93487f5e82"},"dist":{"url":"https://api.github.com/repos/EC-CUBE/eccube-plugin-installer/zipball/ee1e90abf940c22a93e3aaaa1a5c5f93487f5e82","type":"zip","shasum":"","reference":"ee1e90abf940c22a93e3aaaa1a5c5f93487f5e82"},"time":"2018-08-14T05:05:32+00:00","support":{"source":"https://github.com/EC-CUBE/eccube-plugin-installer/tree/0.0.3"}},{"version":"0.0.1","version_normalized":"0.0.1.0","source":{"url":"https://github.com/EC-CUBE/eccube-plugin-installer.git","type":"git","reference":"c20b1877b0cdcb3d4eba24904541510b555006a2"},"dist":{"url":"https://api.github.com/repos/EC-CUBE/eccube-plugin-installer/zipball/c20b1877b0cdcb3d4eba24904541510b555006a2","type":"zip","shasum":"","reference":"c20b1877b0cdcb3d4eba24904541510b555006a2"},"time":"2017-02-02T09:15:04+00:00","support":{"source":"https://github.com/EC-CUBE/eccube-plugin-installer/tree/0.0.1"}}]},"security-advisories":[],"last-modified":"Wed, 20 Jul 2022 03:16:28 GMT"}