{"minified":"composer/2.0","packages":{"exercise/htmlpurifier-bundle":[{"name":"exercise/htmlpurifier-bundle","description":"HTMLPurifier integration for your Symfony project","keywords":["symfony","html","htmlpurifier","Purifier"],"homepage":"https://github.com/Exercise/HTMLPurifierBundle","version":"4.1.1","version_normalized":"4.1.1.0","license":["MIT"],"authors":[{"name":"contributors","homepage":"https://github.com/Exercise/HTMLPurifierBundle/contributors"}],"source":{"url":"https://github.com/Exercise/HTMLPurifierBundle.git","type":"git","reference":"153e71b36d90060b5ba52efdec75d6b4bf0fe9bd"},"dist":{"url":"https://api.github.com/repos/Exercise/HTMLPurifierBundle/zipball/153e71b36d90060b5ba52efdec75d6b4bf0fe9bd","type":"zip","shasum":"","reference":"153e71b36d90060b5ba52efdec75d6b4bf0fe9bd"},"type":"symfony-bundle","time":"2022-08-29T10:31:19+00:00","autoload":{"psr-4":{"Exercise\\HTMLPurifierBundle\\":"src/"}},"extra":{"branch-alias":{"dev-master":"4.x-dev"}},"require":{"php":"^7.1.3 || ^8.0.0","ezyang/htmlpurifier":"~4.14","symfony/config":"~4.4 || ^5.0 || ^6.0","symfony/dependency-injection":"^4.4 || ^5.0 || ^6.0","symfony/http-kernel":"^4.4 || ^5.0 || ^6.0"},"require-dev":{"friendsofphp/php-cs-fixer":"^3.0","symfony/form":"^4.4 || ^5.0 || ^6.0","symfony/phpunit-bridge":"^6.0","twig/twig":"^1.35.0 || ^2.4.4 || ^3.0"},"support":{"issues":"https://github.com/Exercise/HTMLPurifierBundle/issues","source":"https://github.com/Exercise/HTMLPurifierBundle/tree/4.1.1"}},{"version":"4.1","version_normalized":"4.1.0.0","source":{"url":"https://github.com/Exercise/HTMLPurifierBundle.git","type":"git","reference":"6642e1c96a5aa969e95328031ab84589c6c87123"},"dist":{"url":"https://api.github.com/repos/Exercise/HTMLPurifierBundle/zipball/6642e1c96a5aa969e95328031ab84589c6c87123","type":"zip","shasum":"","reference":"6642e1c96a5aa969e95328031ab84589c6c87123"},"time":"2022-08-28T15:48:42+00:00","support":{"issues":"https://github.com/Exercise/HTMLPurifierBundle/issues","source":"https://github.com/Exercise/HTMLPurifierBundle/tree/4.1"}},{"version":"4.0","version_normalized":"4.0.0.0","source":{"url":"https://github.com/Exercise/HTMLPurifierBundle.git","type":"git","reference":"15721f45befb47a090758f416173f6c38f506cca"},"dist":{"url":"https://api.github.com/repos/Exercise/HTMLPurifierBundle/zipball/15721f45befb47a090758f416173f6c38f506cca","type":"zip","shasum":"","reference":"15721f45befb47a090758f416173f6c38f506cca"},"time":"2022-04-18T17:49:52+00:00","support":{"issues":"https://github.com/Exercise/HTMLPurifierBundle/issues","source":"https://github.com/Exercise/HTMLPurifierBundle/tree/4.0"}},{"version":"v3.1.0","version_normalized":"3.1.0.0","source":{"url":"https://github.com/Exercise/HTMLPurifierBundle.git","type":"git","reference":"32f4709006e810efd8a72466a8e9d0672df4bc24"},"dist":{"url":"https://api.github.com/repos/Exercise/HTMLPurifierBundle/zipball/32f4709006e810efd8a72466a8e9d0672df4bc24","type":"zip","shasum":"","reference":"32f4709006e810efd8a72466a8e9d0672df4bc24"},"time":"2020-12-28T19:57:39+00:00","extra":{"branch-alias":{"dev-master":"3.0.x-dev"}},"require":{"php":"^7.1.3 || ^8.0.0","ezyang/htmlpurifier":"~4.0","symfony/config":"~3.4 || ~4.0 || ^5.0","symfony/dependency-injection":"~3.4.1 || ^4.0.1 || ^5.0","symfony/http-kernel":"~3.4.1 || ^4.0.1 || ^5.0"},"require-dev":{"friendsofphp/php-cs-fixer":"^2.0","symfony/form":"~3.4.1 || ^4.0.1 || ^5.0","symfony/phpunit-bridge":"4.4.*","twig/twig":"^1.35.0 || ^2.4.4 || ^3.0"},"support":{"issues":"https://github.com/Exercise/HTMLPurifierBundle/issues","source":"https://github.com/Exercise/HTMLPurifierBundle/tree/v3.1.0"}},{"version":"v3.0.1","version_normalized":"3.0.1.0","source":{"url":"https://github.com/Exercise/HTMLPurifierBundle.git","type":"git","reference":"852d00ce4ec6b077fb6f3bfa7931b55ab46666da"},"dist":{"url":"https://api.github.com/repos/Exercise/HTMLPurifierBundle/zipball/852d00ce4ec6b077fb6f3bfa7931b55ab46666da","type":"zip","shasum":"","reference":"852d00ce4ec6b077fb6f3bfa7931b55ab46666da"},"time":"2020-09-18T10:46:31+00:00","require":{"php":"^7.1.3","ezyang/htmlpurifier":"~4.0","symfony/config":"~3.4 || ~4.0 || ^5.0","symfony/dependency-injection":"~3.4.1 || ^4.0.1 || ^5.0","symfony/http-kernel":"~3.4.1 || ^4.0.1 || ^5.0"},"support":{"issues":"https://github.com/Exercise/HTMLPurifierBundle/issues","source":"https://github.com/Exercise/HTMLPurifierBundle/tree/v3.0.1"}},{"version":"v3.0","version_normalized":"3.0.0.0","source":{"url":"https://github.com/Exercise/HTMLPurifierBundle.git","type":"git","reference":"b6c238e9dce45aa8fcb9d1bac3fe3acc0999e489"},"dist":{"url":"https://api.github.com/repos/Exercise/HTMLPurifierBundle/zipball/b6c238e9dce45aa8fcb9d1bac3fe3acc0999e489","type":"zip","shasum":"","reference":"b6c238e9dce45aa8fcb9d1bac3fe3acc0999e489"},"time":"2020-03-10T19:35:42+00:00","support":{"issues":"https://github.com/Exercise/HTMLPurifierBundle/issues","source":"https://github.com/Exercise/HTMLPurifierBundle/tree/v3.0"}},{"version":"v3.0-beta","version_normalized":"3.0.0.0-beta","source":{"url":"https://github.com/Exercise/HTMLPurifierBundle.git","type":"git","reference":"cbc438c42a99b4c0937a0eba9cf418d0a357f2a0"},"dist":{"url":"https://api.github.com/repos/Exercise/HTMLPurifierBundle/zipball/cbc438c42a99b4c0937a0eba9cf418d0a357f2a0","type":"zip","shasum":"","reference":"cbc438c42a99b4c0937a0eba9cf418d0a357f2a0"},"time":"2019-12-14T15:33:29+00:00","support":{"issues":"https://github.com/Exercise/HTMLPurifierBundle/issues","source":"https://github.com/Exercise/HTMLPurifierBundle/tree/v3.0-beta"}},{"version":"v2.0.6","version_normalized":"2.0.6.0","source":{"url":"https://github.com/Exercise/HTMLPurifierBundle.git","type":"git","reference":"c2266f31b440c6adb8bd26eeca49ac965db57527"},"dist":{"url":"https://api.github.com/repos/Exercise/HTMLPurifierBundle/zipball/c2266f31b440c6adb8bd26eeca49ac965db57527","type":"zip","shasum":"","reference":"c2266f31b440c6adb8bd26eeca49ac965db57527"},"time":"2020-03-10T14:18:56+00:00","extra":{"branch-alias":{"dev-master":"2.0.x-dev"}},"require":{"php":"^5.5.9|>=7.0.8","ezyang/htmlpurifier":"~4.0","symfony/config":"~3.4 || ~4.0 || ^5.0","symfony/dependency-injection":"~3.4.1 || ^4.0.1 || ^5.0","symfony/http-kernel":"~3.4.1 || ^4.0.1 || ^5.0"},"support":{"issues":"https://github.com/Exercise/HTMLPurifierBundle/issues","source":"https://github.com/Exercise/HTMLPurifierBundle/tree/v2.0.6"}},{"version":"v2.0.5","version_normalized":"2.0.5.0","source":{"url":"https://github.com/Exercise/HTMLPurifierBundle.git","type":"git","reference":"7a55d73311ee4e8a4b9639d7a3760cc0a7afddf0"},"dist":{"url":"https://api.github.com/repos/Exercise/HTMLPurifierBundle/zipball/7a55d73311ee4e8a4b9639d7a3760cc0a7afddf0","type":"zip","shasum":"","reference":"7a55d73311ee4e8a4b9639d7a3760cc0a7afddf0"},"time":"2019-12-14T11:57:47+00:00","support":{"issues":"https://github.com/Exercise/HTMLPurifierBundle/issues","source":"https://github.com/Exercise/HTMLPurifierBundle/tree/v2.0.5"}},{"version":"V2.0.4","version_normalized":"2.0.4.0","source":{"url":"https://github.com/Exercise/HTMLPurifierBundle.git","type":"git","reference":"d39f309a9759a04669bc6aa21fbb03d2c5299446"},"dist":{"url":"https://api.github.com/repos/Exercise/HTMLPurifierBundle/zipball/d39f309a9759a04669bc6aa21fbb03d2c5299446","type":"zip","shasum":"","reference":"d39f309a9759a04669bc6aa21fbb03d2c5299446"},"time":"2019-02-21T01:33:48+00:00","autoload":{"psr-4":{"Exercise\\HTMLPurifierBundle\\":""}},"require":{"php":"^5.5.9|>=7.0.8","ezyang/htmlpurifier":"~4.0","symfony/dependency-injection":"~3.4.1 || ^4.0.1","symfony/http-kernel":"~3.4.1 || ^4.0.1","symfony/config":"~3.3 || ~4.0"},"require-dev":{"phpunit/phpunit":"^7.2","symfony/form":"~3.4.1 || ^4.0.1","twig/twig":"^1.34.4 || ^2.4.3"},"support":{"issues":"https://github.com/Exercise/HTMLPurifierBundle/issues","source":"https://github.com/Exercise/HTMLPurifierBundle/tree/V2.0.4"}},{"version":"V2.0.3","version_normalized":"2.0.3.0","source":{"url":"https://github.com/Exercise/HTMLPurifierBundle.git","type":"git","reference":"0f5e899f29e140405f4a9817c8c53143bf969a1e"},"dist":{"url":"https://api.github.com/repos/Exercise/HTMLPurifierBundle/zipball/0f5e899f29e140405f4a9817c8c53143bf969a1e","type":"zip","shasum":"","reference":"0f5e899f29e140405f4a9817c8c53143bf969a1e"},"time":"2019-01-16T01:50:21+00:00","support":{"issues":"https://github.com/Exercise/HTMLPurifierBundle/issues","source":"https://github.com/Exercise/HTMLPurifierBundle/tree/V2.0.3"}},{"version":"V2.0.2","version_normalized":"2.0.2.0","source":{"url":"https://github.com/Exercise/HTMLPurifierBundle.git","type":"git","reference":"24b7ef4a0a59465b11c793280b1a71fe1daea3ad"},"dist":{"url":"https://api.github.com/repos/Exercise/HTMLPurifierBundle/zipball/24b7ef4a0a59465b11c793280b1a71fe1daea3ad","type":"zip","shasum":"","reference":"24b7ef4a0a59465b11c793280b1a71fe1daea3ad"},"time":"2018-11-04T18:30:30+00:00","support":{"issues":"https://github.com/Exercise/HTMLPurifierBundle/issues","source":"https://github.com/Exercise/HTMLPurifierBundle/tree/V2.0.2"}},{"version":"V2.0.1","version_normalized":"2.0.1.0","source":{"url":"https://github.com/Exercise/HTMLPurifierBundle.git","type":"git","reference":"3b35f283bf35389eb51bc5141dbca2ef5b30e199"},"dist":{"url":"https://api.github.com/repos/Exercise/HTMLPurifierBundle/zipball/3b35f283bf35389eb51bc5141dbca2ef5b30e199","type":"zip","shasum":"","reference":"3b35f283bf35389eb51bc5141dbca2ef5b30e199"},"time":"2018-08-15T09:43:25+00:00","support":{"issues":"https://github.com/Exercise/HTMLPurifierBundle/issues","source":"https://github.com/Exercise/HTMLPurifierBundle/tree/V2.0.0-BETA2"}},{"version":"v2.0.0","version_normalized":"2.0.0.0","source":{"url":"https://github.com/Exercise/HTMLPurifierBundle.git","type":"git","reference":"7165c3e7fa45900051812e52c15ec1cc18504b75"},"dist":{"url":"https://api.github.com/repos/Exercise/HTMLPurifierBundle/zipball/7165c3e7fa45900051812e52c15ec1cc18504b75","type":"zip","shasum":"","reference":"7165c3e7fa45900051812e52c15ec1cc18504b75"},"time":"2018-07-29T19:13:10+00:00","support":{"issues":"https://github.com/Exercise/HTMLPurifierBundle/issues","source":"https://github.com/Exercise/HTMLPurifierBundle/tree/v2.0.0"}},{"version":"V2.0.0-BETA2","version_normalized":"2.0.0.0-beta2","source":{"url":"https://github.com/Exercise/HTMLPurifierBundle.git","type":"git","reference":"3b35f283bf35389eb51bc5141dbca2ef5b30e199"},"dist":{"url":"https://api.github.com/repos/Exercise/HTMLPurifierBundle/zipball/3b35f283bf35389eb51bc5141dbca2ef5b30e199","type":"zip","shasum":"","reference":"3b35f283bf35389eb51bc5141dbca2ef5b30e199"},"time":"2018-08-15T09:43:25+00:00","support":{"issues":"https://github.com/Exercise/HTMLPurifierBundle/issues","source":"https://github.com/Exercise/HTMLPurifierBundle/tree/V2.0.0-BETA2"}},{"version":"v2.0.0-BETA1","version_normalized":"2.0.0.0-beta1","source":{"url":"https://github.com/Exercise/HTMLPurifierBundle.git","type":"git","reference":"7165c3e7fa45900051812e52c15ec1cc18504b75"},"dist":{"url":"https://api.github.com/repos/Exercise/HTMLPurifierBundle/zipball/7165c3e7fa45900051812e52c15ec1cc18504b75","type":"zip","shasum":"","reference":"7165c3e7fa45900051812e52c15ec1cc18504b75"},"time":"2018-07-29T19:13:10+00:00","support":{"issues":"https://github.com/Exercise/HTMLPurifierBundle/issues","source":"https://github.com/Exercise/HTMLPurifierBundle/tree/v2.0.0"}},{"keywords":["htmlpurifier"],"version":"v1.0.0","version_normalized":"1.0.0.0","source":{"url":"https://github.com/Exercise/HTMLPurifierBundle.git","type":"git","reference":"308b47f2f11bbc17c102c3eba92272949957c5c4"},"dist":{"url":"https://api.github.com/repos/Exercise/HTMLPurifierBundle/zipball/308b47f2f11bbc17c102c3eba92272949957c5c4","type":"zip","shasum":"","reference":"308b47f2f11bbc17c102c3eba92272949957c5c4"},"time":"2018-03-09T09:23:51+00:00","extra":{"branch-alias":{"dev-master":"1.0.x-dev"}},"require":{"php":">=5.3.2","symfony/framework-bundle":"^2.7 || ^3.0 || ^4.0","ezyang/htmlpurifier":"~4.0"},"require-dev":{"symfony/form":"^2.7 || ^3.0 || ^4.0","twig/twig":"~1.3|~2.0"},"support":{"issues":"https://github.com/Exercise/HTMLPurifierBundle/issues","source":"https://github.com/Exercise/HTMLPurifierBundle/tree/v1.0.0"}},{"description":"HTMLPurifier integration for your Symfony2 project","version":"v0.2.4","version_normalized":"0.2.4.0","source":{"url":"https://github.com/Exercise/HTMLPurifierBundle.git","type":"git","reference":"07c1ab56741c0b9771f30a45fed63a63b1c87b5d"},"dist":{"url":"https://api.github.com/repos/Exercise/HTMLPurifierBundle/zipball/07c1ab56741c0b9771f30a45fed63a63b1c87b5d","type":"zip","shasum":"","reference":"07c1ab56741c0b9771f30a45fed63a63b1c87b5d"},"time":"2016-08-25T13:24:39+00:00","require":{"php":">=5.3.2","symfony/framework-bundle":"~2.0|~3.0","ezyang/htmlpurifier":"~4.0"},"require-dev":{"symfony/form":"~2.0","twig/twig":"~1.3"},"support":{"issues":"https://github.com/Exercise/HTMLPurifierBundle/issues","source":"https://github.com/Exercise/HTMLPurifierBundle/tree/master"}},{"version":"v0.2.3","version_normalized":"0.2.3.0","source":{"url":"https://github.com/Exercise/HTMLPurifierBundle.git","type":"git","reference":"3b5842de5e7ffee2c360eb7746519797a2fbb0f6"},"dist":{"url":"https://api.github.com/repos/Exercise/HTMLPurifierBundle/zipball/3b5842de5e7ffee2c360eb7746519797a2fbb0f6","type":"zip","shasum":"","reference":"3b5842de5e7ffee2c360eb7746519797a2fbb0f6"},"time":"2015-12-01T17:32:26+00:00"},{"version":"v0.2.2","version_normalized":"0.2.2.0","source":{"url":"https://github.com/Exercise/HTMLPurifierBundle.git","type":"git","reference":"b158c87be426c2e675fb3f0e916e3c39a5244955"},"dist":{"url":"https://api.github.com/repos/Exercise/HTMLPurifierBundle/zipball/b158c87be426c2e675fb3f0e916e3c39a5244955","type":"zip","shasum":"","reference":"b158c87be426c2e675fb3f0e916e3c39a5244955"},"time":"2015-08-28T17:17:25+00:00","require":{"php":">=5.3.2","symfony/framework-bundle":"~2.0","ezyang/htmlpurifier":"~4.0"},"support":{"issues":"https://github.com/Exercise/HTMLPurifierBundle/issues","source":"https://github.com/Exercise/HTMLPurifierBundle/tree/v0.2.2"}},{"version":"v0.2.1","version_normalized":"0.2.1.0","source":{"url":"https://github.com/Exercise/HTMLPurifierBundle.git","type":"git","reference":"9e059322d259ebdf47d113eaef565f57a9320904"},"dist":{"url":"https://api.github.com/repos/Exercise/HTMLPurifierBundle/zipball/9e059322d259ebdf47d113eaef565f57a9320904","type":"zip","shasum":"","reference":"9e059322d259ebdf47d113eaef565f57a9320904"},"time":"2015-08-19T13:36:46+00:00","autoload":{"psr-0":{"Exercise\\HTMLPurifierBundle":""}},"target-dir":"Exercise/HTMLPurifierBundle","support":{"issues":"https://github.com/Exercise/HTMLPurifierBundle/issues","source":"https://github.com/Exercise/HTMLPurifierBundle/tree/master"}},{"version":"v0.2.0","version_normalized":"0.2.0.0","source":{"url":"https://github.com/Exercise/HTMLPurifierBundle.git","type":"git","reference":"0abcb08017cb254067ba39ff29f450db93516f42"},"dist":{"url":"https://api.github.com/repos/Exercise/HTMLPurifierBundle/zipball/0abcb08017cb254067ba39ff29f450db93516f42","type":"zip","shasum":"","reference":"0abcb08017cb254067ba39ff29f450db93516f42"},"time":"2015-08-05T07:24:55+00:00","support":{"issues":"https://github.com/Exercise/HTMLPurifierBundle/issues","source":"https://github.com/Exercise/HTMLPurifierBundle/tree/v0.2.0"}},{"version":"v0.1.0","version_normalized":"0.1.0.0","source":{"url":"https://github.com/Exercise/HTMLPurifierBundle.git","type":"git","reference":"cffa4509aa32faf63e663a0e10dc53f3ed404081"},"dist":{"url":"https://api.github.com/repos/Exercise/HTMLPurifierBundle/zipball/cffa4509aa32faf63e663a0e10dc53f3ed404081","type":"zip","shasum":"","reference":"cffa4509aa32faf63e663a0e10dc53f3ed404081"},"time":"2014-04-10T20:14:05+00:00","support":{"issues":"https://github.com/Exercise/HTMLPurifierBundle/issues","source":"https://github.com/Exercise/HTMLPurifierBundle/tree/v0.1.0"}}]},"security-advisories":[],"last-modified":"Sun, 11 Sep 2022 16:05:33 GMT"}