{"packages":{"ec-cube/api42":{"4.2.0":{"name":"ec-cube/api42","version":"4.2.0","description":"Web API","type":"eccube-plugin","require":{"ec-cube/plugin-installer":"^2.0","league/oauth2-server-bundle":"^0.3","nyholm/psr7":"^1.2","webonyx/graphql-php":"^14.0"},"extra":{"code":"Api42","entity-namespaces":["League\\Bundle\\OAuth2ServerBundle\\Model"],"id":2400},"dist":{"url":"https://package-api-c2.ec-cube.net/v42/ec-cube/api42/4.2.0/Api42-4.2.0.tgz","type":"tar"}},"4.2.1":{"name":"ec-cube/api42","version":"4.2.1","description":"Web API","type":"eccube-plugin","require":{"ec-cube/plugin-installer":"^2.0","league/oauth2-server-bundle":"^0.3","nyholm/psr7":"^1.2","webonyx/graphql-php":"^14.0"},"extra":{"code":"Api42","entity-namespaces":["League\\Bundle\\OAuth2ServerBundle\\Model"],"id":2400},"dist":{"url":"https://package-api-c2.ec-cube.net/v42/ec-cube/api42/4.2.1/Api42-4.2.1.tgz","type":"tar"}},"4.2.2":{"name":"ec-cube/api42","version":"4.2.2","description":"Web API","type":"eccube-plugin","require":{"ec-cube/plugin-installer":"^2.0","league/oauth2-server-bundle":"^0.3","nyholm/psr7":"^1.2","webonyx/graphql-php":"^14.0"},"extra":{"code":"Api42","entity-namespaces":["League\\Bundle\\OAuth2ServerBundle\\Model"],"id":2400},"dist":{"url":"https://package-api-c2.ec-cube.net/v42/ec-cube/api42/4.2.2/Api42-4.2.2.tgz","type":"tar"}},"4.2.3":{"name":"ec-cube/api42","version":"4.2.3","description":"Web API","type":"eccube-plugin","require":{"ec-cube/plugin-installer":"^2.0","league/oauth2-server-bundle":"^0.3","nyholm/psr7":"^1.2","webonyx/graphql-php":"^14.0"},"extra":{"code":"Api42","entity-namespaces":["League\\Bundle\\OAuth2ServerBundle\\Model"],"id":2400},"dist":{"url":"https://package-api-c2.ec-cube.net/v42/ec-cube/api42/4.2.3/Api42-4.2.3.tgz","type":"tar"}},"0.0.1":{"name":"ec-cube/api42","version":"0.0.1","description":"EC-CUBE Web API プラグイン(4.2系)","type":"eccube-plugin","require":{"ec-cube/plugin-installer":"~0.0.6 || ^2.0"},"extra":{"code":"Api42","id":2400},"dist":{"url":"https://package-api-c2.ec-cube.net/v42/ec-cube/api42/0.0.1/Api42-0.0.1.tgz","type":"tar"}}},"ec-cube/productreview42":{"4.2.0":{"name":"ec-cube/productreview42","version":"4.2.0","description":"商品レビュー管理プラグイン","type":"eccube-plugin","require":{"ec-cube/plugin-installer":"^2.0"},"extra":{"code":"ProductReview42","id":2405},"dist":{"url":"https://package-api-c2.ec-cube.net/v42/ec-cube/productreview42/4.2.0/ProductReview42-4.2.0.tgz","type":"tar"}},"4.2.1":{"name":"ec-cube/productreview42","version":"4.2.1","description":"商品レビュー管理プラグイン","type":"eccube-plugin","require":{"ec-cube/plugin-installer":"^2.0"},"extra":{"code":"ProductReview42","id":2405},"dist":{"url":"https://package-api-c2.ec-cube.net/v42/ec-cube/productreview42/4.2.1/ProductReview42-4.2.1.tgz","type":"tar"}},"4.2.4":{"name":"ec-cube/productreview42","version":"4.2.4","description":"商品レビュー管理プラグイン","type":"eccube-plugin","require":{"ec-cube/plugin-installer":"^2.0"},"extra":{"code":"ProductReview42","id":2405},"dist":{"url":"https://package-api-c2.ec-cube.net/v42/ec-cube/productreview42/4.2.4/ProductReview42-4.2.4.tgz","type":"tar"}},"4.2.2":{"name":"ec-cube/productreview42","version":"4.2.2","description":"商品レビュー管理プラグイン","type":"eccube-plugin","require":{"ec-cube/plugin-installer":"^2.0"},"extra":{"code":"ProductReview42","id":2405},"dist":{"url":"https://package-api-c2.ec-cube.net/v42/ec-cube/productreview42/4.2.2/ProductReview42-4.2.2.tgz","type":"tar"}},"4.2.3":{"name":"ec-cube/productreview42","version":"4.2.3","description":"商品レビュー管理プラグイン","type":"eccube-plugin","require":{"ec-cube/plugin-installer":"^2.0"},"extra":{"code":"ProductReview42","id":2405},"dist":{"url":"https://package-api-c2.ec-cube.net/v42/ec-cube/productreview42/4.2.3/ProductReview42-4.2.3.tgz","type":"tar"}},"0.0.1":{"name":"ec-cube/productreview42","version":"0.0.1","description":"商品レビュー管理プラグイン(4.2系)","type":"eccube-plugin","require":{"ec-cube/plugin-installer":"~0.0.6 || ^2.0"},"extra":{"code":"ProductReview42","id":2405},"dist":{"url":"https://package-api-c2.ec-cube.net/v42/ec-cube/productreview42/0.0.1/ProductReview42-0.0.1.tgz","type":"tar"}}},"ec-cube/recommend42":{"4.2.0":{"name":"ec-cube/recommend42","version":"4.2.0","description":"おすすめ商品管理プラグイン","type":"eccube-plugin","require":{"ec-cube/plugin-installer":"^2.0"},"extra":{"code":"Recommend42","id":2403},"dist":{"url":"https://package-api-c2.ec-cube.net/v42/ec-cube/recommend42/4.2.0/Recommend42-4.2.0.tgz","type":"tar"}},"4.2.1":{"name":"ec-cube/recommend42","version":"4.2.1","description":"おすすめ商品管理プラグイン","type":"eccube-plugin","require":{"ec-cube/plugin-installer":"^2.0"},"extra":{"code":"Recommend42","id":2403},"dist":{"url":"https://package-api-c2.ec-cube.net/v42/ec-cube/recommend42/4.2.1/Recommend42-4.2.1.tgz","type":"tar"}},"4.2.2":{"name":"ec-cube/recommend42","version":"4.2.2","description":"おすすめ商品管理プラグイン","type":"eccube-plugin","require":{"ec-cube/plugin-installer":"^2.0"},"extra":{"code":"Recommend42","id":2403},"dist":{"url":"https://package-api-c2.ec-cube.net/v42/ec-cube/recommend42/4.2.2/Recommend42-4.2.2.tgz","type":"tar"}},"0.0.1":{"name":"ec-cube/recommend42","version":"0.0.1","description":"おすすめ商品管理プラグイン(4.2系)","type":"eccube-plugin","require":{"ec-cube/plugin-installer":"~0.0.6 || ^2.0"},"extra":{"code":"Recommend42","id":2403},"dist":{"url":"https://package-api-c2.ec-cube.net/v42/ec-cube/recommend42/0.0.1/Recommend42-0.0.1.tgz","type":"tar"}}},"ec-cube/securitychecker42":{"4.2.0":{"name":"ec-cube/securitychecker42","version":"4.2.0","license":"LGPL-2.1-or-later","authors":[{"name":"EC-CUBE CO.,LTD.","email":"support@ec-cube.net"}],"config":{"optimize-autoloader":true,"sort-packages":true,"preferred-install":{"*":"dist"}},"type":"eccube-plugin","require":{"ec-cube/plugin-installer":"^2.0"},"extra":{"code":"Securitychecker42","id":2402},"dist":{"url":"https://package-api-c2.ec-cube.net/v42/ec-cube/securitychecker42/4.2.0/Securitychecker42-4.2.0.tgz","type":"tar"}},"0.0.1":{"name":"ec-cube/securitychecker42","version":"0.0.1","description":"EC-CUBEセキュリティチェックプラグイン(4.2系)","type":"eccube-plugin","require":{"ec-cube/plugin-installer":"~0.0.6 || ^2.0"},"extra":{"code":"Securitychecker42","id":2402},"dist":{"url":"https://package-api-c2.ec-cube.net/v42/ec-cube/securitychecker42/0.0.1/Securitychecker42-0.0.1.tgz","type":"tar"}}},"ec-cube/sitekit42":{"4.2.0":{"name":"ec-cube/sitekit42","version":"4.2.0","description":"Site Kit プラグイン","type":"eccube-plugin","require":{"ec-cube/plugin-installer":"^2.0","google/apiclient":"^2.4"},"extra":{"code":"SiteKit42","id":2399},"dist":{"url":"https://package-api-c2.ec-cube.net/v42/ec-cube/sitekit42/4.2.0/SiteKit42-4.2.0.tgz","type":"tar"}},"4.2.1":{"name":"ec-cube/sitekit42","version":"4.2.1","description":"Site Kit プラグイン","type":"eccube-plugin","require":{"ec-cube/plugin-installer":"^2.0","google/apiclient":"^2.4"},"extra":{"code":"SiteKit42","id":2399},"dist":{"url":"https://package-api-c2.ec-cube.net/v42/ec-cube/sitekit42/4.2.1/SiteKit42-4.2.1.tgz","type":"tar"}},"4.2.2":{"name":"ec-cube/sitekit42","version":"4.2.2","description":"Site Kit プラグイン","type":"eccube-plugin","require":{"ec-cube/plugin-installer":"^2.0","google/apiclient":"^2.4"},"extra":{"code":"SiteKit42","id":2399},"dist":{"url":"https://package-api-c2.ec-cube.net/v42/ec-cube/sitekit42/4.2.2/SiteKit42-4.2.2.tgz","type":"tar"}},"0.0.1":{"name":"ec-cube/sitekit42","version":"0.0.1","description":"Site Kitプラグイン(4.2系)","type":"eccube-plugin","require":{"ec-cube/plugin-installer":"~0.0.6 || ^2.0"},"extra":{"code":"SiteKit42","id":2399},"dist":{"url":"https://package-api-c2.ec-cube.net/v42/ec-cube/sitekit42/0.0.1/SiteKit42-0.0.1.tgz","type":"tar"}}},"ec-cube/salesreport42":{"4.2.0":{"name":"ec-cube/salesreport42","version":"4.2.0","description":"売上集計プラグイン","type":"eccube-plugin","require":{"ec-cube/plugin-installer":"^2.0"},"extra":{"code":"SalesReport42","id":2406},"dist":{"url":"https://package-api-c2.ec-cube.net/v42/ec-cube/salesreport42/4.2.0/SalesReport42-4.2.0.tgz","type":"tar"}},"4.2.1":{"name":"ec-cube/salesreport42","version":"4.2.1","description":"売上集計プラグイン","type":"eccube-plugin","require":{"ec-cube/plugin-installer":"^2.0"},"extra":{"code":"SalesReport42","id":2406},"dist":{"url":"https://package-api-c2.ec-cube.net/v42/ec-cube/salesreport42/4.2.1/SalesReport42-4.2.1.tgz","type":"tar"}},"4.2.2":{"name":"ec-cube/salesreport42","version":"4.2.2","description":"売上集計プラグイン","type":"eccube-plugin","require":{"ec-cube/plugin-installer":"^2.0"},"extra":{"code":"SalesReport42","id":2406},"dist":{"url":"https://package-api-c2.ec-cube.net/v42/ec-cube/salesreport42/4.2.2/SalesReport42-4.2.2.tgz","type":"tar"}},"4.2.3":{"name":"ec-cube/salesreport42","version":"4.2.3","description":"売上集計プラグイン","type":"eccube-plugin","require":{"ec-cube/plugin-installer":"^2.0"},"extra":{"code":"SalesReport42","id":2406},"dist":{"url":"https://package-api-c2.ec-cube.net/v42/ec-cube/salesreport42/4.2.3/SalesReport42-4.2.3.tgz","type":"tar"}},"0.0.1":{"name":"ec-cube/salesreport42","version":"0.0.1","description":"売上集計プラグイン(4.2系)","type":"eccube-plugin","require":{"ec-cube/plugin-installer":"~0.0.6 || ^2.0"},"extra":{"code":"SalesReport42","id":2406},"dist":{"url":"https://package-api-c2.ec-cube.net/v42/ec-cube/salesreport42/0.0.1/SalesReport42-0.0.1.tgz","type":"tar"}}},"ec-cube/relatedproduct42":{"4.2.0":{"name":"ec-cube/relatedproduct42","version":"4.2.0","description":"関連商品プラグイン","type":"eccube-plugin","require":{"ec-cube/plugin-installer":"^2.0"},"extra":{"code":"RelatedProduct42","id":2398},"dist":{"url":"https://package-api-c2.ec-cube.net/v42/ec-cube/relatedproduct42/4.2.0/RelatedProduct42-4.2.0.tgz","type":"tar"}},"4.2.1":{"name":"ec-cube/relatedproduct42","version":"4.2.1","description":"関連商品プラグイン","type":"eccube-plugin","require":{"ec-cube/plugin-installer":"^2.0"},"extra":{"code":"RelatedProduct42","id":2398},"dist":{"url":"https://package-api-c2.ec-cube.net/v42/ec-cube/relatedproduct42/4.2.1/RelatedProduct42-4.2.1.tgz","type":"tar"}},"4.2.2":{"name":"ec-cube/relatedproduct42","version":"4.2.2","description":"関連商品プラグイン","type":"eccube-plugin","require":{"ec-cube/plugin-installer":"^2.0"},"extra":{"code":"RelatedProduct42","id":2398},"dist":{"url":"https://package-api-c2.ec-cube.net/v42/ec-cube/relatedproduct42/4.2.2/RelatedProduct42-4.2.2.tgz","type":"tar"}},"0.0.1":{"name":"ec-cube/relatedproduct42","version":"0.0.1","description":"関連商品プラグイン(4.2系)","type":"eccube-plugin","require":{"ec-cube/plugin-installer":"~0.0.6 || ^2.0"},"extra":{"code":"RelatedProduct42","id":2398},"dist":{"url":"https://package-api-c2.ec-cube.net/v42/ec-cube/relatedproduct42/0.0.1/RelatedProduct42-0.0.1.tgz","type":"tar"}}},"ec-cube/coupon42":{"4.2.0":{"name":"ec-cube/coupon42","version":"4.2.0","description":"Coupon Plugin for EC-CUBE42","type":"eccube-plugin","extra":{"code":"Coupon42","id":2401},"require":{"ec-cube/plugin-installer":"^2.0"},"dist":{"url":"https://package-api-c2.ec-cube.net/v42/ec-cube/coupon42/4.2.0/Coupon42-4.2.0.tgz","type":"tar"}},"4.2.1":{"name":"ec-cube/coupon42","version":"4.2.1","description":"Coupon Plugin for EC-CUBE42","type":"eccube-plugin","extra":{"code":"Coupon42","id":2401},"require":{"ec-cube/plugin-installer":"^2.0"},"dist":{"url":"https://package-api-c2.ec-cube.net/v42/ec-cube/coupon42/4.2.1/Coupon42-4.2.1.tgz","type":"tar"}},"4.2.4":{"name":"ec-cube/coupon42","version":"4.2.4","description":"Coupon Plugin for EC-CUBE42","type":"eccube-plugin","extra":{"code":"Coupon42","id":2401},"require":{"ec-cube/plugin-installer":"^2.0"},"dist":{"url":"https://package-api-c2.ec-cube.net/v42/ec-cube/coupon42/4.2.4/Coupon42-4.2.4.tgz","type":"tar"}},"4.2.2":{"name":"ec-cube/coupon42","version":"4.2.2","description":"Coupon Plugin for EC-CUBE42","type":"eccube-plugin","extra":{"code":"Coupon42","id":2401},"require":{"ec-cube/plugin-installer":"^2.0"},"dist":{"url":"https://package-api-c2.ec-cube.net/v42/ec-cube/coupon42/4.2.2/Coupon42-4.2.2.tgz","type":"tar"}},"4.2.3":{"name":"ec-cube/coupon42","version":"4.2.3","description":"Coupon Plugin for EC-CUBE42","type":"eccube-plugin","extra":{"code":"Coupon42","id":2401},"require":{"ec-cube/plugin-installer":"^2.0"},"dist":{"url":"https://package-api-c2.ec-cube.net/v42/ec-cube/coupon42/4.2.3/Coupon42-4.2.3.tgz","type":"tar"}},"0.0.1":{"name":"ec-cube/coupon42","version":"0.0.1","description":"クーポンプラグイン(4.2系)","type":"eccube-plugin","require":{"ec-cube/plugin-installer":"~0.0.6 || ^2.0"},"extra":{"code":"Coupon42","id":2401},"dist":{"url":"https://package-api-c2.ec-cube.net/v42/ec-cube/coupon42/0.0.1/Coupon42-0.0.1.tgz","type":"tar"}}},"ec-cube/mailmagazine42":{"4.2.0":{"name":"ec-cube/mailmagazine42","version":"4.2.0","description":"メールマガジンプラグイン","type":"eccube-plugin","require":{"ec-cube/plugin-installer":"^2.0"},"extra":{"code":"MailMagazine42","id":2404},"dist":{"url":"https://package-api-c2.ec-cube.net/v42/ec-cube/mailmagazine42/4.2.0/MailMagazine42-4.2.0.tgz","type":"tar"}},"4.2.1":{"name":"ec-cube/mailmagazine42","version":"4.2.1","description":"メールマガジンプラグイン","type":"eccube-plugin","require":{"ec-cube/plugin-installer":"^2.0"},"extra":{"code":"MailMagazine42","id":2404},"dist":{"url":"https://package-api-c2.ec-cube.net/v42/ec-cube/mailmagazine42/4.2.1/MailMagazine42-4.2.1.tgz","type":"tar"}},"4.2.2":{"name":"ec-cube/mailmagazine42","version":"4.2.2","description":"メールマガジンプラグイン","type":"eccube-plugin","require":{"ec-cube/plugin-installer":"^2.0"},"extra":{"code":"MailMagazine42","id":2404},"dist":{"url":"https://package-api-c2.ec-cube.net/v42/ec-cube/mailmagazine42/4.2.2/MailMagazine42-4.2.2.tgz","type":"tar"}},"4.2.3":{"name":"ec-cube/mailmagazine42","version":"4.2.3","description":"メールマガジンプラグイン","type":"eccube-plugin","require":{"ec-cube/plugin-installer":"^2.0"},"extra":{"code":"MailMagazine42","id":2404},"dist":{"url":"https://package-api-c2.ec-cube.net/v42/ec-cube/mailmagazine42/4.2.3/MailMagazine42-4.2.3.tgz","type":"tar"}},"0.0.1":{"name":"ec-cube/mailmagazine42","version":"0.0.1","description":"メルマガ管理プラグイン(4.2系)","type":"eccube-plugin","require":{"ec-cube/plugin-installer":"~0.0.6 || ^2.0"},"extra":{"code":"MailMagazine42","id":2404},"dist":{"url":"https://package-api-c2.ec-cube.net/v42/ec-cube/mailmagazine42/0.0.1/MailMagazine42-0.0.1.tgz","type":"tar"}}}}}